site_code,deposit,project,stage,latitude,longitude,local_government_area,region,terrane,estimate_year,ore_million_tonnes,grade_g_per_t,contained_gold_kg,contained_gold_oz,reporting_code
S0021542,Fimiston Superpit,Golden Mile / KCGM,Operating,-30.777958,121.50353,Kalgoorlie-Boulder (C),Goldfields-Esperance,Eastern Goldfields Superterrane,2026,605.39,1.68,1014571.4,32619228,2012 JORC (Australia)
S0001976,Paddington,Paddington - Mt Pleasant,Operating,-30.40777,121.397653,Kalgoorlie-Boulder (C),Goldfields-Esperance,Yilgarn Craton granites,2025,327.905,1.14,373811.7,12018325,Unknown
S0238010,Hemi,Hemi Gold,Undeveloped,-20.863369,118.427678,"Port Hedland, Town Of",Pilbara,Mallina Basin,2026,250.87,1.37,343822.7,11054157,2012 JORC (Australia)
S0237123,Winu,Paterson / Rio Tinto,Undeveloped,-20.721487,121.74281,East Pilbara (S),Pilbara,Anketell Shelf,2024,892.0,0.36,323820.0,10411055,2012 JORC (Australia)
S0000772,Kundana,Kundana - White Flag,Undeveloped,-30.696097,121.224594,Coolgardie (S),Goldfields-Esperance,Eastern Goldfields Superterrane,2025,185.435,1.46,270483.0,8696230,2012 JORC (Australia)
S0234331,Beta Hunt,Kambalda Gold / RNC,Operating,-31.242525,121.689952,Coolgardie (S),Goldfields-Esperance,Eastern Goldfields Superterrane,2026,103.685,2.31,239872.7,7712087,2012 JORC (Australia)
S0236617,Havieron UG,Paterson / Greatland Resources,Under Development,-21.727803,122.640676,East Pilbara (S),Pilbara,Anketell Shelf,2023,132.0,1.63,215300.0,6922056,2012 JORC (Australia)
S0230898,Gruyere,Yamarna - Gruyere JV,Operating,-27.984416,123.845224,Laverton (S),Goldfields-Esperance,Yamarna Terrane,2024,151.98,1.4,212038.7,6817203,2012 JORC (Australia)
S0000780,Wiluna,Matilda,Care and Maintenance,-26.611436,120.246706,Wiluna (S),Mid-West,Eastern Goldfields Superterrane,2024,55.97,3.41,191076.2,6143242,2012 JORC (Australia)
S0229858,West Dome Main,Telfer / Greatland Resources,Operating,-21.72012,122.185081,East Pilbara (S),Pilbara,Yeneena Basin,2025,353.1,0.54,189622.0,6096489,2012 JORC (Australia)
S0000880,Mt Charlotte,Golden Mile / KCGM,Operating,-30.746428,121.480914,Kalgoorlie-Boulder (C),Goldfields-Esperance,Eastern Goldfields Superterrane,2026,113.594,1.55,176469.1,5673613,2012 JORC (Australia)
S0004963,Barton Main UG Group,Jundee - Nimary,Operating,-26.372535,120.604113,Wiluna (S),Mid-West,Eastern Goldfields Superterrane,2026,59.313,2.95,174677.9,5616025,2012 JORC (Australia)
S0023466,Tropicana Group,Tropicana,Operating,-29.246066,124.553911,Menzies (S),Goldfields-Esperance,Tropicana Zone,2025,88.0,1.92,168890.0,5429940,2012 JORC (Australia)
S0006621,Sunrise Dam Underground,Sunrise Dam,Operating,-29.079391,122.419363,Laverton (S),Goldfields-Esperance,Eastern Goldfields Superterrane,2024,84.74,1.88,159411.2,5125189,2018 SEC S-K 1300 (USA)
S0002045,Mt Gibson,Mt Gibson Gold,Proposed,-29.782349,117.168027,Yalgoo (S),Mid-West,Yilgarn Craton granites,2026,168.3,0.84,141830.0,4559940,2012 JORC (Australia)
S0002383,Sons of Gwalia UG,Gwalia - Leonora,Operating,-28.918407,121.333484,Leonora (S),Goldfields-Esperance,Eastern Goldfields Superterrane,2025,30.7,4.4,135080.0,4342923,2012 JORC (Australia)
S0001007,Wandoo S,Boddington Gold,Operating,-32.753064,116.35753,Boddington (S),Peel,South West Terrane,2025,269.3,0.5,134914.0,4337586,2018 SEC S-K 1300 (USA)
S0018887,Carosue Dam,Carosue Dam - Khartoum,Operating,-30.151397,122.347119,Kalgoorlie-Boulder (C),Goldfields-Esperance,Eastern Goldfields Superterrane,2026,67.385,1.93,130266.1,4188152,2012 JORC (Australia)
S0020380,UG Portal,Granny Smith,Operating,-28.852129,122.305127,Laverton (S),Goldfields-Esperance,Yilgarn Craton granites,2024,23.37,5.13,119795.9,3851528,2016 SAMREC (South Africa)
S0233751,King of the Hills,Tarmoola - King of the Hills,Operating,-28.663581,121.165912,Leonora (S),Goldfields-Esperance,Eastern Goldfields Superterrane,2026,129.177,0.83,107363.8,3451826,2012 JORC (Australia)
S0003101,Kanowna Belle,Kanowna - Golden Valley,Operating,-30.60898,121.578017,Kalgoorlie-Boulder (C),Goldfields-Esperance,Eastern Goldfields Superterrane,2026,35.138,2.67,93945.6,3020421,2012 JORC (Australia)
S0005564,Apollo Hill NW Trial Pit 2,Apollo Hill,Proposed,-29.153011,121.675721,Leonora (S),Goldfields-Esperance,Eastern Goldfields Superterrane,2026,174.2,0.51,88635.0,2849681,2012 JORC (Australia)
S0000933,Bellevue UG,Bellevue,Operating,-27.636059,120.55763,Leonora (S),Goldfields-Esperance,Eastern Goldfields Superterrane,2026,9.8,8.64,84690.0,2722847,2012 JORC (Australia)
S0239459,DSO Resources,Duketon / Regis Resources,Shut,-27.970398,122.339004,Laverton (S),Goldfields-Esperance,Burtville Terrane,2025,54.0,1.49,80600.0,2591350,2012 JORC (Australia)
S0000809,Badgebup,Katanning Gold,Care and Maintenance,-33.54872,117.908457,Katanning (S),Great Southern,Yilgarn Craton granites,2023,85.587,0.94,80598.5,2591302,2012 JORC (Australia)
S0229855,Calibre,Citadel,Undeveloped,-20.771948,122.201825,East Pilbara (S),Pilbara,Anketell Shelf,2024,111.0,0.71,78810.0,2533800,2012 JORC (Australia)
S0000069,Bacchus,Bullabulling,Shut,-31.021157,120.900169,Coolgardie (S),Goldfields-Esperance,Eastern Goldfields Superterrane,2026,72.0,1.02,73700.0,2369510,2012 JORC (Australia)
S0004942,Phoenix,Bullabulling,Shut,-31.006446,120.905612,Coolgardie (S),Goldfields-Esperance,Eastern Goldfields Superterrane,2026,74.0,0.95,70280.0,2259554,2012 JORC (Australia)
S0000033,Big Bell UG,Cue Gold - Central Murchison,Operating,-27.318646,117.655367,Cue (S),Mid-West,Youanmi Terrane,2026,25.189,2.77,69667.0,2239847,2012 JORC (Australia)
S0233804,Plutonic Underground,Plutonic Gold,Operating,-25.318201,119.446437,Meekatharra (S),Mid-West,Eastern Goldfields Superterrane,2025,19.6,3.5,68520.0,2202969,2012 JORC (Australia)
S0247151,Hemi Regional,Pilbara Gold - Western Mining Centre,Care and Maintenance,-20.898068,118.196307,Karratha (C),Pilbara,Mallina Basin,2026,41.651,1.6,66532.5,2139070,2012 JORC (Australia)
S0000793,Youanmi Deeps,Youanmi Gold - OYG,Shut,-28.610085,118.839978,Sandstone (S),Mid-West,Youanmi Terrane,2026,10.9,6.03,65680.0,2111661,2012 JORC (Australia)
S0000574,Main Hill,Mt York Gold,Shut,-21.108961,118.901188,East Pilbara (S),Pilbara,Pilbara Craton,2026,61.8,1.05,64809.0,2083658,2012 JORC (Australia)
S0232750,Never Never,Dalgaranga - Gilbeys,Operating,-27.840912,117.270904,Mount Magnet (S),Mid-West,Yilgarn Craton granites,2026,6.76,9.57,64705.0,2080314,2012 JORC (Australia)
S0003419,Red Hill,Kanowna - Golden Valley,Shut,-30.596665,121.611207,Kalgoorlie-Boulder (C),Goldfields-Esperance,Eastern Goldfields Superterrane,2026,58.772,1.1,64649.2,2078520,2012 JORC (Australia)
S0000741,Tower Hill UG,Gwalia - Leonora,Undeveloped,-28.898946,121.323107,Leonora (S),Goldfields-Esperance,Eastern Goldfields Superterrane,2025,21.1,3.0,63300.0,2035142,2012 JORC (Australia)
S0239942,LJN4,Lady Julie,Proposed,-28.687753,122.307224,Laverton (S),Goldfields-Esperance,Eastern Goldfields Superterrane,2025,34.62,1.83,63255.9,2033724,2012 JORC (Australia)
S0237397,Minyari,Minyari Dome,Undeveloped,-21.381333,122.257694,East Pilbara (S),Pilbara,Yeneena Basin,2026,34.9,1.69,59035.0,1898019,2012 JORC (Australia)
S0004791,Darlot UG,Darlot,Operating,-27.887515,121.268908,Leonora (S),Goldfields-Esperance,Eastern Goldfields Superterrane,2024,17.266,3.39,58514.3,1881278,2012 JORC (Australia)
S0234466,Invincible UG,Kambalda - St Ives,Operating,-31.283029,121.673409,Coolgardie (S),Goldfields-Esperance,Eastern Goldfields Superterrane,2024,11.768,4.8,56468.3,1815498,2016 SAMREC (South Africa)
S0003056,Hampton UG,South Kalgoorlie Operations,Operating,-31.034563,121.606586,Kalgoorlie-Boulder (C),Goldfields-Esperance,Eastern Goldfields Superterrane,2026,18.638,3.01,56115.7,1804162,2012 JORC (Australia)
S0233226,Bombora,Roe,Proposed,-30.715117,122.56706,Kalgoorlie-Boulder (C),Goldfields-Esperance,Eastern Goldfields Superterrane,2024,28.1,1.73,48650.0,1564134,2012 JORC (Australia)
S0236462,Southern Corridor,Karlawinda Gold,Proposed,-23.771353,120.09151,Meekatharra (S),Mid-West,Collier Basin,2026,80.6,0.57,45980.0,1478291,2012 JORC (Australia)
S0224441,Bibra,Karlawinda Gold,Operating,-23.765131,120.095899,Meekatharra (S),Mid-West,Collier Basin,2026,69.5,0.66,45570.0,1465110,2012 JORC (Australia)
S0237869,Bluebird UG,Cue Gold - Central Murchison,Operating,-26.722359,118.423442,Meekatharra (S),Mid-West,Youanmi Terrane,2026,15.984,2.78,44470.1,1429746,2012 JORC (Australia)
S0019084,Waroonga Underground,Agnew - Emu,Operating,-28.004485,120.505808,Leonora (S),Goldfields-Esperance,Yilgarn Craton,2024,8.698,5.04,43816.8,1408743,2016 SAMREC (South Africa)
S0022527,Theia,Mandilla,Undeveloped,-31.378336,121.520113,Coolgardie (S),Goldfields-Esperance,Eastern Goldfields Superterrane,2026,40.9,1.07,43630.0,1402737,2012 JORC (Australia)
S0005364,Boundary,Dingo Range,Operating,-27.367498,121.434796,Leonora (S),Goldfields-Esperance,Eastern Goldfields Superterrane,2026,40.9,1.06,43390.0,1395021,2012 JORC (Australia)
S0019630,Baldock,Mt Ida Gold,Proposed,-29.097557,120.46551,Menzies (S),Goldfields-Esperance,Eastern Goldfields Superterrane,2026,12.698,3.39,43099.8,1385691,2012 JORC (Australia)
S0239458,DNO Resources,Duketon / Regis Resources,Care and Maintenance,-27.724028,122.342676,Laverton (S),Goldfields-Esperance,Burtville Terrane,2025,49.0,0.87,42800.0,1376052,2012 JORC (Australia)
S0000873,Wedge Central,Laverton - Barnicoat - Karridale - Merolia / Focus,Shut,-28.533647,122.392206,Laverton (S),Goldfields-Esperance,Eastern Goldfields Superterrane,2025,9.4,4.5,42300.0,1359977,2012 JORC (Australia)
S0224145,VSC,Telfer / Greatland Resources,Undeveloped,-21.722863,122.210909,East Pilbara (S),Pilbara,Yeneena Basin,2025,37.2,1.09,40704.0,1308664,2012 JORC (Australia)
S0006409,Mt Olympus,Ashburton / Kalamazoo,Shut,-23.431998,117.900012,Meekatharra (S),Mid-West,Ashburton Basin,2025,13.681,2.84,38900.1,1250669,2012 JORC (Australia)
S0002815,Daisy-Milano,Randalls - Mt Monger,Operating,-31.013124,121.921372,Kalgoorlie-Boulder (C),Goldfields-Esperance,Eastern Goldfields Superterrane,2026,2.323,16.42,38136.2,1226107,2012 JORC (Australia)
S0001097,Walhalla,Davyhurst - Lady Ida - Mulline - Riverina - Siberia Gold,Care and Maintenance,-30.150208,120.65021,Menzies (S),Goldfields-Esperance,Eastern Goldfields Superterrane,2026,20.48,1.77,36292.3,1166825,2012 JORC (Australia)
S0224899,Craic UG,Mt Morgans,Care and Maintenance,-28.757423,122.081123,Laverton (S),Goldfields-Esperance,Eastern Goldfields Superterrane,2025,17.2,2.1,36120.0,1161285,2012 JORC (Australia)
S0001805,Panton,Panton,Proposed,-17.751516,127.831605,Halls Creek (S),Kimberley,"Lamboo Province, Central Zone",2026,309.92,0.12,35924.0,1154983,2012 JORC (Australia)
S0241750,Hercules,South Kalgoorlie Operations,Undeveloped,-30.999238,121.435097,Coolgardie (S),Goldfields-Esperance,Eastern Goldfields Superterrane,2026,15.574,2.3,35864.1,1153058,2012 JORC (Australia)
S0006553,Klondyke,Warrawoona Gold / AIM,Operating,-21.338096,119.892312,East Pilbara (S),Pilbara,Warrawoona  Large Igneous Province,2023,33.9,1.03,34970.0,1124312,2012 JORC (Australia)
S0000812,Bannockburn Pit,Bannockburn / Northern Star,Operating,-28.458677,120.893312,Leonora (S),Goldfields-Esperance,Yilgarn Craton granites,2026,21.336,1.63,34865.1,1120939,2012 JORC (Australia)
S0245811,Trident UG,Plutonic Gold,Proposed,-25.170757,119.632475,Meekatharra (S),Mid-West,Yilgarn Craton granites,2026,6.2,5.45,33790.0,1086374,2012 JORC (Australia)
S0001558,Karridale,Laverton - Barnicoat - Karridale - Merolia / Focus,Proposed,-28.785417,122.648014,Laverton (S),Goldfields-Esperance,Burtville Terrane,2025,27.6,1.2,33120.0,1064833,2012 JORC (Australia)
S0241987,Ricciardo - Silverstone,Golden Range,Care and Maintenance,-28.906021,116.950325,Yalgoo (S),Mid-West,Youanmi Terrane,2025,19.788,1.63,32240.4,1036554,2012 JORC (Australia)
S0001820,Mulgine Trench,Mt Mulgine Tungsten,Undeveloped,-29.172054,116.961847,Perenjori (S),Mid-West,Youanmi Terrane,2020,247.0,0.13,31700.0,1019179,2012 JORC (Australia)
S0237036,Eridanus,Mt Magnet,Operating,-28.074872,117.781685,Mount Magnet (S),Mid-West,Youanmi Terrane,2025,19.6,1.6,31400.0,1009533,2012 JORC (Australia)
S0000769,Edna May UG,Edna May - Westonia,Care and Maintenance,-31.291758,118.700165,Westonia (S),Wheatbelt,South West Terrane,2024,30.72,1.0,30792.0,989986,2012 JORC (Australia)
S0006746,Starlight UG,Fortnum,Operating,-25.321886,118.358508,Meekatharra (S),Mid-West,Bryah Basin,2026,11.98,2.51,30034.5,965632,2012 JORC (Australia)
S0229694,Rebecca,Rebecca,Undeveloped,-30.358612,122.863141,Kalgoorlie-Boulder (C),Goldfields-Esperance,Eastern Goldfields Superterrane,2023,20.1,1.48,29840.0,959378,2012 JORC (Australia)
S0239564,Mt Percy,Golden Mile / KCGM,Shut,-30.727537,121.479024,Kalgoorlie-Boulder (C),Goldfields-Esperance,Eastern Goldfields Superterrane,2026,32.759,0.91,29747.1,956391,2012 JORC (Australia)
S0002290,Higginsville,Higginsville,Shut,-31.728736,121.729907,Coolgardie (S),Goldfields-Esperance,Eastern Goldfields Superterrane,2025,11.743,2.48,29110.2,935916,2012 JORC (Australia)
S0225534,Aphrodite Openpit,Aphrodite,Proposed,-30.180871,121.225082,Kalgoorlie-Boulder (C),Goldfields-Esperance,Eastern Goldfields Superterrane,2025,17.1,1.66,28330.0,910831,2012 JORC (Australia)
S0241912,Wonder Underground,Bundarra / Bligh,Operating,-28.340669,121.181529,Leonora (S),Goldfields-Esperance,Yilgarn Craton granites,2026,9.532,2.94,28017.0,900767,2012 JORC (Australia)
S0002386,Telfer UG,Telfer / Greatland Resources,Operating,-21.722427,122.202742,East Pilbara (S),Pilbara,Yeneena Basin,2025,12.2,2.14,26144.0,840549,2012 JORC (Australia)
S0002481,South Junction,Cue Gold - Central Murchison,Care and Maintenance,-26.723846,118.423007,Meekatharra (S),Mid-West,Youanmi Terrane,2024,9.018,2.89,26020.8,836588,2012 JORC (Australia)
S0238704,Jundee Resources,Jundee - Nimary,Shut,-26.372547,120.604113,Wiluna (S),Mid-West,Eastern Goldfields Superterrane,2026,20.27,1.26,25530.1,820812,2012 JORC (Australia)
S0236514,Ulysses West UG,Ulysses Gold,Operating,-29.181143,121.323015,Menzies (S),Goldfields-Esperance,Eastern Goldfields Superterrane,2025,5.86,4.19,24532.0,788722,2012 JORC (Australia)
S0000851,Harbour Lights,Gwalia - Leonora,Proposed,-28.873676,121.322009,Leonora (S),Goldfields-Esperance,Eastern Goldfields Superterrane,2023,14.2,1.73,24500.0,787693,2012 JORC (Australia)
S0024157,Orelia,Yandal - Bronzewing,Operating,-27.419213,120.939015,Leonora (S),Goldfields-Esperance,Eastern Goldfields Superterrane,2026,17.171,1.4,24097.7,774759,2012 JORC (Australia)
S0003850,Santa OP,Randalls - Mt Monger,Operating,-31.040925,122.209992,Kalgoorlie-Boulder (C),Goldfields-Esperance,Eastern Goldfields Superterrane,2025,8.458,2.83,23958.8,770293,2012 JORC (Australia)
S0005315,Gilbeys,Dalgaranga - Gilbeys,Under Development,-27.846227,117.265236,Mount Magnet (S),Mid-West,Yilgarn Craton granites,2026,14.5,1.6,23200.0,745897,2012 JORC (Australia)
S0019855,Deflector Resource Gp,Deflector,Care and Maintenance,-28.669093,116.379436,Yalgoo (S),Mid-West,Youanmi Terrane,2024,2.713,8.53,23149.1,744261,2012 JORC (Australia)
S0000357,Jupiter,Mt Morgans,Operating,-28.807175,122.219297,Laverton (S),Goldfields-Esperance,Eastern Goldfields Superterrane,2025,23.0,1.0,23000.0,739467,2012 JORC (Australia)
S0232417,Bindi,Caravel Copper,Undeveloped,-30.968715,116.618928,Wongan-Ballidu (S),Wheatbelt,Yilgarn Craton granites,2023,1015.6,0.02,22986.0,739017,2012 JORC (Australia)
S0000708,Two Mile Hill,Central Sandstone / Brightstar,Shut,-28.073667,119.26971,Sandstone (S),Mid-West,Youanmi Terrane,2026,14.574,1.57,22906.6,736464,2012 JORC (Australia)
S0001256,Gossan Hill U/G,Golden Grove,Operating,-28.765074,116.962417,Yalgoo (S),Mid-West,Youanmi Terrane,2025,38.5,0.59,22770.0,732073,2012 JORC (Australia)
S0002230,Hesperus,Mt Magnet,Shut,-28.043537,117.802584,Mount Magnet (S),Mid-West,Youanmi Terrane,2026,21.3,1.04,22130.0,711496,2012 JORC (Australia)
S0230019,Res Group,Matilda,Care and Maintenance,-26.757461,120.214954,Wiluna (S),Mid-West,Youanmi Terrane,2024,32.65,0.67,21968.0,706288,2012 JORC (Australia)
S0002617,Golden Pig,Cygnet Gold,Shut,-31.231594,119.319783,Yilgarn (S),Wheatbelt,Youanmi Terrane,2024,5.869,3.71,21754.0,699409,2012 JORC (Australia)
S0000057,Brilliant South,Coolgardie Gold / Focus,Shut,-30.969516,121.18281,Coolgardie (S),Goldfields-Esperance,Eastern Goldfields Superterrane,2022,12.93,1.67,21553.6,692964,2012 JORC (Australia)
S0017147,Aphrodite,Aphrodite,Proposed,-30.181097,121.229587,Kalgoorlie-Boulder (C),Goldfields-Esperance,Eastern Goldfields Superterrane,2024,5.7,3.77,21480.0,690598,2012 JORC (Australia)
S0032538,Turnberry Central,Murchison Gold - Andy Well - Gnaweeda,Operating,-26.325496,118.78576,Meekatharra (S),Mid-West,Youanmi Terrane,2024,10.7,2.0,21370.0,687061,2012 JORC (Australia)
S0000689,Riverina UG,Davyhurst - Lady Ida - Mulline - Riverina - Siberia Gold,Operating,-29.74401,120.56481,Menzies (S),Goldfields-Esperance,Eastern Goldfields Superterrane,2026,8.729,2.44,21263.3,683631,2012 JORC (Australia)
S0000826,Copperhead,Cygnet Gold,Shut,-30.976507,119.12591,Yilgarn (S),Wheatbelt,Youanmi Terrane,2024,5.145,4.11,21129.1,679316,2012 JORC (Australia)
S0019545,Dicksons,Bullabulling,Undeveloped,-30.986245,120.906611,Coolgardie (S),Goldfields-Esperance,Eastern Goldfields Superterrane,2026,22.5,0.93,20980.0,674523,2012 JORC (Australia)
S0226004,Burns,Eastern Lefroy,Undeveloped,-31.183557,122.02631,Coolgardie (S),Goldfields-Esperance,Eastern Goldfields Superterrane,2024,47.17,0.43,20426.7,656734,2012 JORC (Australia)
S0005813,Selene,Mt Henry - Norseman,Proposed,-32.412908,121.782512,Dundas (S),Goldfields-Esperance,Eastern Goldfields Superterrane,2025,18.706,1.08,20275.1,651860,2012 JORC (Australia)
S0240095,Galaxy UG,Mt Magnet,Operating,-28.035067,117.795642,Mount Magnet (S),Mid-West,Youanmi Terrane,2026,7.49,2.71,20262.0,651438,2012 JORC (Australia)
S0005068,Iguana ,Lady Ida / Lamerton Geoda,Operating,-30.494737,120.662244,Coolgardie (S),Goldfields-Esperance,Eastern Goldfields Superterrane,2025,18.254,1.1,20136.8,647414,2012 JORC (Australia)
S0236189,Thunderbox UG,Thunderbox Gold,Operating,-28.195991,121.007295,Leonora (S),Goldfields-Esperance,Eastern Goldfields Superterrane,2026,12.093,1.66,20086.4,645793,2012 JORC (Australia)
S0226196,Mulga Bill,Side Well,Undeveloped,-26.567807,118.59205,Meekatharra (S),Mid-West,Youanmi Terrane,2025,8.294,2.41,19993.9,642819,2012 JORC (Australia)
S0238370,Gonneville,Gonneville,Undeveloped,-31.521578,116.21026,Toodyay (S),Wheatbelt,Yilgarn Craton granites,2024,723.3,0.03,19251.0,618934,2012 JORC (Australia)
S0229770,Relocated Calcine TSF,Wiluna Calcine Tailings,Proposed,-26.624739,120.25782,Wiluna (S),Mid-West,Eastern Goldfields Superterrane,2018,33.6,0.57,19222.5,618018,2012 JORC (Australia)
S0004096,Parks Reef Central,Parks Reef,Undeveloped,-26.845009,117.739175,Cue (S),Mid-West,Youanmi Terrane,2025,243.0,0.08,18780.0,603791,2012 JORC (Australia)
S0019102,Babel,West Musgrave,Proposed,-26.107107,127.696907,Ngaanyatjarraku (S),Goldfields-Esperance,Musgrave Province,2022,339.0,0.05,18440.0,592860,2012 JORC (Australia)
S0000100,North Royal,Central Norseman,Shut,-32.122828,121.808108,Dundas (S),Goldfields-Esperance,Eastern Goldfields Superterrane,2021,1.272,14.42,18337.2,589555,2012 JORC (Australia)
S0245814,Kraken,Bullabulling,Undeveloped,-31.039101,120.909105,Coolgardie (S),Goldfields-Esperance,Eastern Goldfields Superterrane,2026,15.8,1.1,17380.0,558780,2012 JORC (Australia)
S0229851,Resources Group,Kirkalocka,Care and Maintenance,-28.674922,117.761548,Mount Magnet (S),Mid-West,Youanmi Terrane,2012,15.0,1.15,17240.0,554279,Unknown
S0004066,Harlequin,Central Norseman,Shut,-32.113334,121.792681,Dundas (S),Goldfields-Esperance,Eastern Goldfields Superterrane,2019,1.893,9.0,17046.2,548049,2012 JORC (Australia)
S0005811,Cinnamon,Plutonic Gold,Shut,-25.165286,119.712809,Meekatharra (S),Mid-West,Eastern Goldfields Superterrane,2026,6.9,2.47,17020.0,547206,2012 JORC (Australia)
S0019499,Crusader,Wallbrook,Proposed,-29.858088,122.310313,Menzies (S),Goldfields-Esperance,Eastern Goldfields Superterrane,2026,10.8,1.55,16772.0,539232,2012 JORC (Australia)
S0000426,Flushing Meadows,Ironstone Well,Undeveloped,-26.840597,120.781908,Wiluna (S),Mid-West,Eastern Goldfields Superterrane,2020,14.772,1.13,16688.5,536546,2012 JORC (Australia)
S0000479,Transvaal,Marvel Loch - Southern Cross,Shut,-31.269604,119.320508,Yilgarn (S),Wheatbelt,Youanmi Terrane,2016,3.43,4.8,16481.0,529876,2012 JORC (Australia)
S0000022,Zoroastrian,Kalgoorlie North,Proposed,-30.33482,121.28627,Kalgoorlie-Boulder (C),Goldfields-Esperance,Eastern Goldfields Superterrane,2021,7.049,2.32,16339.6,525330,2012 JORC (Australia)
S0005420,Burbanks North,Burbanks / REG,Proposed,-31.015795,121.149049,Coolgardie (S),Goldfields-Esperance,Eastern Goldfields Superterrane,2026,11.061,1.47,16256.6,522662,2012 JORC (Australia)
S0239009,Capital,Abercromby,Undeveloped,-26.820527,120.329551,Wiluna (S),Mid-West,Eastern Goldfields Superterrane,2023,11.118,1.45,16117.4,518188,2012 JORC (Australia)
S0002126,Gem,Ravensthorpe Gold,Proposed,-33.672857,120.201609,Ravensthorpe (S),Goldfields-Esperance,Youanmi Terrane,2025,4.8,3.3,15842.0,509332,2012 JORC (Australia)
S0000525,Morning Star,Mt Magnet,Care and Maintenance,-28.04512,117.822631,Mount Magnet (S),Mid-West,Youanmi Terrane,2020,9.2,1.71,15760.0,506696,2012 JORC (Australia)
S0230895,Suzie,Murchison Gold - Andy Well - Gnaweeda,Shut,-26.238644,118.674431,Meekatharra (S),Mid-West,Youanmi Terrane,2021,1.85,8.49,15700.0,504767,2012 JORC (Australia)
S0005156,King of the Hills,Tarmoola - King of the Hills,Operating,-28.671446,121.163012,Leonora (S),Goldfields-Esperance,Eastern Goldfields Superterrane,2026,5.793,2.67,15472.0,497436,2012 JORC (Australia)
S0018995,Fortitude North,Fortitude,Care and Maintenance,-29.266957,122.541279,Menzies (S),Goldfields-Esperance,Burtville Terrane,2021,8.049,1.9,15331.2,492910,2012 JORC (Australia)
S0234372,Beresford UG,Mt Morgans,Care and Maintenance,-28.770551,122.06969,Laverton (S),Goldfields-Esperance,Eastern Goldfields Superterrane,2023,4.47,3.38,15101.0,485508,2012 JORC (Australia)
S0019771,Waihi Central,Davyhurst - Lady Ida - Mulline - Riverina - Siberia Gold,Operating,-30.039418,120.635111,Menzies (S),Goldfields-Esperance,Eastern Goldfields Superterrane,2026,7.265,2.07,15042.4,483624,2012 JORC (Australia)
S0000537,Mt Martin Pit,East Location 45 (Loc45),Care and Maintenance,-31.012837,121.682513,Kalgoorlie-Boulder (C),Goldfields-Esperance,Eastern Goldfields Superterrane,2026,9.094,1.6,14550.4,467806,2012 JORC (Australia)
S0021718,Main Portal,Marvel Loch - Southern Cross,Operating,-31.464555,119.492609,Yilgarn (S),Wheatbelt,Youanmi Terrane,2016,4.617,2.98,13765.7,442578,2012 JORC (Australia)
S0021757,Bruno,Bruno-Lewis,Proposed,-28.786473,121.587786,Leonora (S),Goldfields-Esperance,Eastern Goldfields Superterrane,2025,13.5,1.0,13500.0,434035,2012 JORC (Australia)
S0000429,Beasley Creek,Laverton - Barnicoat - Karridale - Merolia / Focus,Shut,-28.575007,122.326536,Laverton (S),Goldfields-Esperance,Eastern Goldfields Superterrane,2025,6.7,2.0,13400.0,430820,2012 JORC (Australia)
S0245746,Sovereign,Comet Vale - Sand Queen,Undeveloped,-29.95323,121.128471,Menzies (S),Goldfields-Esperance,Eastern Goldfields Superterrane,2025,3.0,4.38,13135.0,422300,2012 JORC (Australia)
S0005321,Swan Bitter Pit,Gum Creek Gold,Proposed,-27.251175,119.415612,Sandstone (S),Mid-West,Youanmi Terrane,2025,6.996,1.84,12905.4,414917,2012 JORC (Australia)
S0000278,Great Fingall Deeps,Cue Gold - Central Murchison,Operating,-27.461577,117.850413,Cue (S),Mid-West,Youanmi Terrane,2026,3.477,3.69,12846.4,413023,2012 JORC (Australia)
S0237740,Mckenzie Well,Mt Morgans,Undeveloped,-28.692632,122.008049,Laverton (S),Goldfields-Esperance,Eastern Goldfields Superterrane,2025,3.9,3.26,12720.0,408957,2012 JORC (Australia)
S0242516,Reef 1 (Crius),Dante Cu-Ti-PGE-Au-V,Undeveloped,-25.809762,127.647236,Ngaanyatjarraku (S),Goldfields-Esperance,Warakurna Large Igneous Province,2025,148.0,0.09,12680.0,407671,2012 JORC (Australia)
S0003745,Paulsens UG Portal,Paulsens,Operating,-22.579153,116.242304,Ashburton (S),Pilbara,South Pilbara Sub-basin,2023,1.345,9.42,12666.8,407247,2012 JORC (Australia)
S0005030,Maxwells,Randalls - Mt Monger,Operating,-31.080996,122.198942,Kalgoorlie-Boulder (C),Goldfields-Esperance,Eastern Goldfields Superterrane,2022,3.349,3.75,12545.0,403331,2012 JORC (Australia)
S0222936,Wilsons U/G,Gum Creek Gold,Proposed,-27.131341,119.468713,Wiluna (S),Mid-West,Youanmi Terrane,2025,2.885,4.32,12455.0,400437,2012 JORC (Australia)
S0238745,Green Lantern,Central Norseman,Operating,-32.480014,121.795715,Dundas (S),Goldfields-Esperance,"Northern Foreland, Albany-Fraser Orogen",2022,9.964,1.25,12410.8,399016,2012 JORC (Australia)
S0230957,Crown Jewel - Boorara,Boorara / Horizon,Operating,-30.803847,121.641924,Kalgoorlie-Boulder (C),Goldfields-Esperance,Eastern Goldfields Superterrane,2026,9.739,1.24,12120.2,389673,2012 JORC (Australia)
S0019828,Mickey's Find,Bamboo Creek Gold,Care and Maintenance,-21.093721,119.363367,East Pilbara (S),Pilbara,Warrawoona  Large Igneous Province,2003,11.805,1.02,12037.1,387002,Unknown
S0236918,Indomitable,Sandstone / Brightstar,Undeveloped,-28.072414,119.373514,Sandstone (S),Mid-West,Youanmi Terrane,2026,11.671,1.03,12010.8,386156,2012 JORC (Australia)
S0005759,Lena,Cue Gold,Operating,-27.692583,117.832834,Cue (S),Mid-West,Youanmi Terrane,2026,5.55,2.14,11858.7,381266,2012 JORC (Australia)
S0018877,Carlow Castle,Karratha Gold - Carlow Castle,Undeveloped,-20.811957,117.066012,Karratha (C),Pilbara,Karratha Terrane,2022,8.74,1.35,11809.0,379668,2012 JORC (Australia)
S0231663,Blue Vein,Mt Holland Gold / Kidman,Proposed,-32.146282,119.757826,Yilgarn (S),Wheatbelt,Youanmi Terrane,2015,4.849,2.39,11567.9,371915,Unknown
S0000734,Tuckabianna,Murchison / Westgold,Shut,-27.486686,118.116808,Cue (S),Mid-West,Youanmi Terrane,2026,7.155,1.6,11441.4,367850,2012 JORC (Australia)
S0246004,Lakeview,Comet Vale - Sand Queen,Undeveloped,-29.950465,121.145031,Menzies (S),Goldfields-Esperance,Eastern Goldfields Superterrane,2025,3.31,3.43,11342.0,364654,2012 JORC (Australia)
S0005074,Cockeyed Bob Deeps,Randalls - Mt Monger,Operating,-31.088508,122.176796,Kalgoorlie-Boulder (C),Goldfields-Esperance,Eastern Goldfields Superterrane,2023,2.579,4.34,11192.9,359860,2012 JORC (Australia)
S0242554,Sand King UG,Davyhurst - Lady Ida - Mulline - Riverina - Siberia Gold,Operating,-30.211803,120.95994,Kalgoorlie-Boulder (C),Goldfields-Esperance,Eastern Goldfields Superterrane,2026,3.888,2.87,11174.2,359259,2012 JORC (Australia)
S0000323,Hill 50 UG,Mt Magnet,Care and Maintenance,-28.033545,117.797161,Mount Magnet (S),Mid-West,Youanmi Terrane,2022,1.86,5.98,11116.0,357388,2012 JORC (Australia)
S0000020,Excelsior,Kalgoorlie North,Shut,-30.331457,121.290614,Kalgoorlie-Boulder (C),Goldfields-Esperance,Eastern Goldfields Superterrane,2021,11.33,0.97,10993.0,353433,2012 JORC (Australia)
S0001041,Lady Shenton - Stirling,Menzies,Proposed,-29.703376,121.02806,Menzies (S),Goldfields-Esperance,Eastern Goldfields Superterrane,2025,8.074,1.35,10868.7,349437,2012 JORC (Australia)
S0018978,Manayaparn,Manayaparn,Undeveloped,-26.362417,120.948809,Wiluna (S),Mid-West,Eastern Goldfields Superterrane,2021,6.0,1.79,10720.0,344656,2012 JORC (Australia)
S0006628,Magnum,Citadel,Undeveloped,-20.783914,122.19507,East Pilbara (S),Pilbara,Anketell Shelf,2015,16.1,0.66,10626.0,341634,2012 JORC (Australia)
S0000578,Mulwarrie Central,Mulwarrie Central,Shut,-30.001446,120.56251,Menzies (S),Goldfields-Esperance,Youanmi Terrane,2025,2.984,3.56,10615.4,341293,2012 JORC (Australia)
S0002232,Rothsay UG,Rothsay,Operating,-29.289266,116.877668,Perenjori (S),Mid-West,Youanmi Terrane,2024,1.551,6.78,10511.1,337940,2012 JORC (Australia)
S0004028,Bull Oak,Sandstone / Brightstar,Shut,-28.025056,119.33671,Sandstone (S),Mid-West,Youanmi Terrane,2026,10.537,0.99,10388.9,334011,2012 JORC (Australia)
S0002168,Scotia,Central Norseman,Operating,-32.474449,121.79197,Dundas (S),Goldfields-Esperance,"Northern Foreland, Albany-Fraser Orogen",2025,1.925,5.33,10256.1,329741,2012 JORC (Australia)
S0005666,Golden Eagle,Nullagine / Millenium,Care and Maintenance,-21.967105,120.12051,East Pilbara (S),Pilbara,Mosquito Creek Basin,2018,7.69,1.33,10254.0,329674,2012 JORC (Australia)
S0225938,Wilber Stage 2,Murchison Gold - Andy Well - Gnaweeda,Care and Maintenance,-26.229202,118.675173,Meekatharra (S),Mid-West,Youanmi Terrane,2016,1.047,9.59,10043.4,322903,Unknown
S0003988,Butchers Creek,Butchers Creek Gold,Shut,-18.347277,127.815407,Halls Creek (S),Kimberley,"Lamboo Province, Eastern Zone",2025,5.23,1.9,9957.3,320135,2012 JORC (Australia)
S0236497,Dulcie / Zenith,Split Rocks ,Undeveloped,-31.791238,119.599211,Yilgarn (S),Wheatbelt,Youanmi Terrane,2026,9.8,1.0,9800.0,315077,2012 JORC (Australia)
S0000029,Lindsays,Coolgardie Gold / Focus,Care and Maintenance,-30.942846,121.17171,Coolgardie (S),Goldfields-Esperance,Eastern Goldfields Superterrane,2003,5.842,1.67,9782.2,314505,2004 JORC (Australia)
S0236141,Runway,8 Mile Dam,Undeveloped,-30.645288,121.462217,Kalgoorlie-Boulder (C),Goldfields-Esperance,Eastern Goldfields Superterrane,2017,7.014,1.39,9764.0,313919,Unknown
S0246138,Neta Heap Leach Pad 4,Edjudina / Gibb River,Proposed,-29.763541,122.479564,Menzies (S),Goldfields-Esperance,Eastern Goldfields Superterrane,2025,5.529,1.76,9731.0,312860,2012 JORC (Australia)
S0000030,Golden Crown,Beatons Creek / AIM Mining,Operating,-21.870319,120.101608,East Pilbara (S),Pilbara,Northeast Pilbara Sub-basin,2024,4.58,2.12,9700.5,311878,2012 JORC (Australia)
S0232282,Bonnie Vale,Coolgardie Gold / Focus,Operating,-30.862363,121.163269,Coolgardie (S),Goldfields-Esperance,Yilgarn Craton granites,2023,3.27,2.95,9646.3,310135,2012 JORC (Australia)
S0224551,Majestic,North Monger - Kal East Gold Project,Operating,-30.896363,121.939026,Kalgoorlie-Boulder (C),Goldfields-Esperance,Yilgarn Craton granites,2022,6.493,1.47,9571.2,307721,2012 JORC (Australia)
S0238666,Dulcie Far North,Split Rocks ,Undeveloped,-31.747449,119.588478,Yilgarn (S),Wheatbelt,Youanmi Terrane,2026,8.7,1.1,9570.0,307683,2012 JORC (Australia)
S0004457,Admiral,Ulysses Gold,Operating,-29.198572,121.366721,Menzies (S),Goldfields-Esperance,Eastern Goldfields Superterrane,2025,7.3,1.3,9490.0,305111,2012 JORC (Australia)
S0237096,Eridanus Deeps,Mt Magnet,Undeveloped,-28.076926,117.780129,Mount Magnet (S),Mid-West,Youanmi Terrane,2025,4.2,2.25,9470.0,304468,2012 JORC (Australia)
S0232678,Corinthia Pit,Corinthia / Corinthian Mining,Proposed,-31.12464,119.221597,Yilgarn (S),Wheatbelt,Youanmi Terrane,2020,4.4,2.1,9240.0,297073,Unknown
S0000843,Golden Crown UG,Cue Gold - Central Murchison,Proposed,-27.465617,117.852808,Cue (S),Mid-West,Youanmi Terrane,2026,2.571,3.59,9232.8,296840,2012 JORC (Australia)
S0000401,Gibraltar,Bullabulling,Shut,-31.049676,120.958177,Coolgardie (S),Goldfields-Esperance,Eastern Goldfields Superterrane,2026,8.5,1.07,9120.0,293215,2012 JORC (Australia)
S0018741,Mulgabbie N,Mulgabbie North,Undeveloped,-30.149476,122.397013,Kalgoorlie-Boulder (C),Goldfields-Esperance,Eastern Goldfields Superterrane,2023,11.638,0.78,9076.0,291800,2012 JORC (Australia)
S0022934,Cork Tree Well,Cork Tree Well - Delta,Shut,-28.338636,122.404413,Laverton (S),Goldfields-Esperance,Eastern Goldfields Superterrane,2025,6.462,1.4,9060.0,291286,2012 JORC (Australia)
S0002362,Kangaroo Bore Pit 1,Mt Celia - Kangaroo Bore,Undeveloped,-29.439496,122.4654,Menzies (S),Goldfields-Esperance,Eastern Goldfields Superterrane,2026,6.993,1.29,9043.1,290743,2012 JORC (Australia)
S0236368,Lake Austin North,Evolution Cue JV,Undeveloped,-27.670157,117.84313,Cue (S),Mid-West,Youanmi Terrane,2026,5.9,1.5,8850.0,284534,2012 JORC (Australia)
S0236367,West Island,Evolution Cue JV,Undeveloped,-27.642448,117.867856,Cue (S),Mid-West,Youanmi Terrane,2026,11.0,0.8,8800.0,282927,2012 JORC (Australia)
S0229695,Duchess,Rebecca,Undeveloped,-30.396127,122.841644,Kalgoorlie-Boulder (C),Goldfields-Esperance,Yilgarn Craton granites,2023,9.7,0.9,8730.0,280676,2012 JORC (Australia)
S0241558,GEO-01,Minyari Dome,Undeveloped,-21.397461,122.266304,East Pilbara (S),Pilbara,Yeneena Basin,2026,7.401,1.18,8719.9,280353,2012 JORC (Australia)
S0000732,Main Dome,Telfer / Greatland Resources,Operating,-21.719551,122.207128,East Pilbara (S),Pilbara,Yeneena Basin,2025,23.7,0.37,8712.0,280097,2012 JORC (Australia)
S0003240,Keillor - K2 Underground,Plutonic Gold,Operating,-25.109064,119.731993,Meekatharra (S),Mid-West,Yilgarn Craton granites,2026,2.6,3.33,8670.0,278747,2012 JORC (Australia)
S0020857,Lord Nelson,Sandstone / Brightstar,Shut,-28.148076,119.506412,Sandstone (S),Mid-West,Youanmi Terrane,2026,6.199,1.39,8595.3,276345,2012 JORC (Australia)
S0003249,Boomerang UG,Reedy,Shut,-27.044418,118.288706,Cue (S),Mid-West,Youanmi Terrane,2025,3.26,2.63,8586.8,276073,2012 JORC (Australia)
S0236664,Gilmour - Wanderrie Camp,Yamarna / Gold Road,Undeveloped,-28.337695,123.764018,Laverton (S),Goldfields-Esperance,Yamarna Terrane,2024,1.697,5.05,8573.8,275654,2012 JORC (Australia)
S0000866,Harbour View,Ravensthorpe Gold,Under Development,-33.681787,120.196414,Ravensthorpe (S),Goldfields-Esperance,Youanmi Terrane,2025,2.57,3.3,8484.0,272767,2012 JORC (Australia)
S0016699,Van Uden,Van Uden - Mt Holland,Shut,-32.150655,119.651209,Yilgarn (S),Wheatbelt,Youanmi Terrane,2026,7.935,1.06,8421.3,270751,2012 JORC (Australia)
S0226035,Lord Byron,Jasper Hills ,Proposed,-29.127987,123.039991,Menzies (S),Goldfields-Esperance,Eastern Goldfields Superterrane,2026,5.389,1.55,8356.1,268655,2012 JORC (Australia)
S0000949,Cornishman,Marvel Loch - Southern Cross,Operating,-31.280897,119.364396,Yilgarn (S),Wheatbelt,Youanmi Terrane,2016,1.589,5.21,8277.5,266128,2012 JORC (Australia)
S0018729,Coyote UG,Coyote - Western Tanami,Care and Maintenance,-19.898715,128.831705,Halls Creek (S),Kimberley,Tanami Basin,2023,1.491,5.51,8211.5,264006,2012 JORC (Australia)
S0021777,Nanadie Well ,Nanadie Well,Undeveloped,-27.160156,118.956153,Meekatharra (S),Mid-West,Youanmi Terrane,2022,80.8,0.1,8162.0,262414,2012 JORC (Australia)
S0002214,Crown,Central Norseman,Shut,-32.194796,121.79391,Dundas (S),Goldfields-Esperance,Eastern Goldfields Superterrane,2019,0.626,13.04,8162.0,262414,2012 JORC (Australia)
S0001257,Scuddles U/G,Golden Grove,Operating,-28.744553,116.945114,Yalgoo (S),Mid-West,Youanmi Terrane,2025,13.8,0.58,7990.0,256884,2012 JORC (Australia)
S0019886,Melville,Yalgoo,Undeveloped,-28.187447,116.755353,Yalgoo (S),Mid-West,Youanmi Terrane,2026,5.3,1.46,7760.0,249490,2012 JORC (Australia)
S0000102,OK,Central Norseman,Operating,-32.218549,121.784915,Dundas (S),Goldfields-Esperance,Eastern Goldfields Superterrane,2025,0.626,12.31,7705.9,247750,2012 JORC (Australia)
S0004885,Puzzle,Ulysses Gold,Shut,-29.313116,121.532008,Menzies (S),Goldfields-Esperance,Yilgarn Craton granites,2025,7.0,1.1,7700.0,247561,2012 JORC (Australia)
S0000644,Orient Well Main,Ulysses Gold,Shut,-29.21255,121.441081,Menzies (S),Goldfields-Esperance,Eastern Goldfields Superterrane,2024,7.0,1.1,7700.0,247561,2012 JORC (Australia)
S0003994,Fingals,North Monger - Kal East Gold Project,Operating,-30.96945,121.896962,Kalgoorlie-Boulder (C),Goldfields-Esperance,Eastern Goldfields Superterrane,2021,3.377,2.25,7598.5,244297,2012 JORC (Australia)
S0224334,Red October UG,Red October,Care and Maintenance,-29.217283,122.413556,Leonora (S),Goldfields-Esperance,Eastern Goldfields Superterrane,2023,1.348,5.63,7594.2,244159,2012 JORC (Australia)
S0000299,Montague Boulder,Montague Gold,Shut,-27.398185,119.538408,Sandstone (S),Mid-West,Youanmi Terrane,2026,4.805,1.58,7592.9,244117,2012 JORC (Australia)
S0004139,WACA,Minyari Dome,Undeveloped,-21.390286,122.25429,East Pilbara (S),Pilbara,Yeneena Basin,2026,5.814,1.27,7388.6,237550,2012 JORC (Australia)
S0236342,Lady Magdalene,Forrestania Gold,Undeveloped,-32.234377,119.667485,Kondinin (S),Wheatbelt,Youanmi Terrane,2024,5.6,1.32,7384.3,237412,2012 JORC (Australia)
S0002243,Bounty UG,Mt Holland Gold / Kidman,Shut,-32.096028,119.776515,Yilgarn (S),Wheatbelt,Youanmi Terrane,2009,1.987,3.68,7318.8,235306,Unknown
S0000841,Swan Bitter U/G,Gum Creek Gold,Proposed,-27.251175,119.415612,Sandstone (S),Mid-West,Youanmi Terrane,2025,1.733,4.2,7272.9,233831,2012 JORC (Australia)
S0000613,Mt Henry,Mt Henry - Norseman,Proposed,-32.371192,121.787188,Dundas (S),Goldfields-Esperance,Eastern Goldfields Superterrane,2025,4.783,1.51,7227.5,232371,2012 JORC (Australia)
S0246973,Big John,Revere JV,Undeveloped,-25.961259,119.010472,Meekatharra (S),Mid-West,Yerrida Basin,2026,13.0,0.55,7145.2,229724,2012 JORC (Australia)
S0237979,Serrano,Minyari Dome,Undeveloped,-21.063728,122.193626,East Pilbara (S),Pilbara,Anketell Shelf,2026,11.09,0.64,7097.6,228193,2012 JORC (Australia)
S0018802,Western Queen South,Western Queen - Warda Warra,Shut,-27.532551,117.125364,Yalgoo (S),Mid-West,Youanmi Terrane,2026,3.08,2.3,7084.0,227756,2012 JORC (Australia)
S0003059,Mosquito Ck/Gabriel,Mosquito Creek / Nimble,Shut,-21.733335,120.485506,East Pilbara (S),Pilbara,Mosquito Creek Basin,1996,12.413,0.57,7047.4,226580,Unknown
S0237998,Achilles -Achilles North,Montague Gold,Undeveloped,-27.413311,119.542442,Sandstone (S),Mid-West,Yilgarn Craton granites,2026,6.385,1.1,7024.0,225827,2012 JORC (Australia)
S0001112,Emu,Bottle Creek,Operating,-29.154026,120.44681,Menzies (S),Goldfields-Esperance,Eastern Goldfields Superterrane,2020,3.827,1.83,7013.9,225502,2012 JORC (Australia)
S0236372,Crown Prince W,Garden Gully / New Murchison,Operating,-26.448724,118.464348,Meekatharra (S),Mid-West,Youanmi Terrane,2026,2.165,3.24,7013.8,225499,2012 JORC (Australia)
S0003184,Fiveways,Peak Hill / Aragon,Shut,-25.636735,118.717113,Meekatharra (S),Mid-West,"Yilgarn Craton, Marymia Inlier",2026,4.317,1.61,6963.3,223875,2012 JORC (Australia)
S0236431,Western Queen Central,Western Queen - Warda Warra,Shut,-27.523096,117.13028,Yalgoo (S),Mid-West,Youanmi Terrane,2026,1.375,4.93,6784.3,218120,2012 JORC (Australia)
S0234373,Allanson UG,Mt Morgans,Care and Maintenance,-28.765897,122.065706,Laverton (S),Goldfields-Esperance,Eastern Goldfields Superterrane,2023,1.64,4.13,6780.0,217982,2012 JORC (Australia)
S0006573,Franks Tower,Mt Magnet,Shut,-28.068555,117.792533,Mount Magnet (S),Mid-West,Youanmi Terrane,2026,5.9,1.14,6740.0,216696,2012 JORC (Australia)
S0016650,Resources Group,Hermes Gold,Care and Maintenance,-25.581773,118.908313,Meekatharra (S),Mid-West,Yilgarn Craton granites,2025,3.6,1.84,6630.0,213159,2012 JORC (Australia)
S0002542,British Hill,British Hill,Proposed,-31.845886,119.608911,Yilgarn (S),Wheatbelt,Youanmi Terrane,2026,4.12,1.6,6600.9,212224,2012 JORC (Australia)
S0000390,Karonie Main Zone North,Aldiss - Karonie,Shut,-31.03367,122.561017,Kalgoorlie-Boulder (C),Goldfields-Esperance,Eastern Goldfields Superterrane,2022,3.643,1.81,6576.7,211446,2012 JORC (Australia)
S0016716,Peake,Ashburton / Kalamazoo,Shut,-23.431166,117.874613,Meekatharra (S),Mid-West,Turee Creek Basin,2023,1.92,3.42,6562.7,210996,2012 JORC (Australia)
S0000266,Yunndaga Pit,Menzies,Shut,-29.747536,121.050893,Menzies (S),Goldfields-Esperance,Eastern Goldfields Superterrane,2025,3.095,2.08,6439.8,207044,2012 JORC (Australia)
S0022804,Old Highway Central,Plutonic Gold,Undeveloped,-25.649156,119.164607,Meekatharra (S),Mid-West,Padbury Basin,2025,2.1,3.06,6420.0,206408,2012 JORC (Australia)
S0004031,Vanguard Camp,Sandstone / Brightstar,Undeveloped,-28.146096,119.452401,Sandstone (S),Mid-West,Youanmi Terrane,2026,3.81,1.68,6407.4,206003,2012 JORC (Australia)
S0239290,Majestic UG,North Monger - Kal East Gold Project,Operating,-30.896597,121.938977,Kalgoorlie-Boulder (C),Goldfields-Esperance,Yilgarn Craton granites,2022,1.397,4.59,6406.2,205964,2012 JORC (Australia)
S0003360,Burtville,Laverton - Barnicoat - Karridale - Merolia / Focus,Care and Maintenance,-28.766579,122.642928,Laverton (S),Goldfields-Esperance,Burtville Terrane,2020,6.6,0.96,6342.0,203900,2012 JORC (Australia)
S0000143,Trojan,Slate Dam,Shut,-30.897916,122.044966,Kalgoorlie-Boulder (C),Goldfields-Esperance,Yilgarn Craton granites,2026,5.744,1.1,6318.4,203141,2012 JORC (Australia)
S0000811,Anglo Saxon,Anglo Saxon - Trouser Legs,Care and Maintenance,-30.076767,122.731489,Menzies (S),Goldfields-Esperance,Eastern Goldfields Superterrane,2024,1.529,4.06,6208.4,199604,2012 JORC (Australia)
S0029748,Grace East,Grace,Undeveloped,-21.93771,122.339285,East Pilbara (S),Pilbara,Yeneena Basin,2026,3.46,1.79,6193.4,199122,2012 JORC (Australia)
S0019509,Hawk,Eagle,Undeveloped,-19.575912,128.865875,Halls Creek (S),Kimberley,Granites--Tanami Orogen,2023,1.72,3.6,6193.2,199116,Unknown
S0246136,Neta Heap Leach Pad 2,Edjudina / Gibb River,Proposed,-29.764033,122.478657,Menzies (S),Goldfields-Esperance,Eastern Goldfields Superterrane,2025,3.649,1.69,6166.8,198268,2012 JORC (Australia)
S0022293,Flag,Ravensthorpe Gold,Under Development,-33.684785,120.198908,Ravensthorpe (S),Goldfields-Esperance,Youanmi Terrane,2025,1.29,4.78,6164.0,198177,2012 JORC (Australia)
S0006514,Trilogy,Jerdacuttup,Proposed,-33.754546,120.208407,Ravensthorpe (S),Goldfields-Esperance,Barren Basin,2018,6.566,0.93,6125.5,196939,2012 JORC (Australia)
S0006501,Apollo Pit C,Laverton - Barnicoat - Karridale - Merolia / Focus,Shut,-28.647592,122.321603,Laverton (S),Goldfields-Esperance,Eastern Goldfields Superterrane,2024,3.857,1.58,6105.9,196309,2012 JORC (Australia)
S0022085,Bartus E,Mt Magnet,Shut,-28.087267,117.806448,Mount Magnet (S),Mid-West,Youanmi Terrane,2024,2.17,2.79,6059.0,194801,2012 JORC (Australia)
S0001395,Munda Gold,Widgiemooltha Gold,Operating,-31.502883,121.530909,Coolgardie (S),Goldfields-Esperance,Eastern Goldfields Superterrane,2026,4.276,1.42,6058.4,194783,2012 JORC (Australia)
S0223921,Chalice UG,Chalice Gold,Shut,-31.816461,121.514853,Coolgardie (S),Goldfields-Esperance,Eastern Goldfields Superterrane,2020,2.181,2.72,5936.3,190858,2012 JORC (Australia)
S0002110,Bulgera,Bulgera Creek,Shut,-25.109975,119.823412,Meekatharra (S),Mid-West,Eastern Goldfields Superterrane,2026,8.7,0.68,5895.0,189529,2012 JORC (Australia)
S0003254,South Emu UG,Reedy,Under Development,-27.137958,118.266909,Cue (S),Mid-West,Youanmi Terrane,2025,1.419,4.13,5861.9,188463,2012 JORC (Australia)
S0230680,Munni Munni Resource Group,Munni Munni Platinum - Pinderi Hills,Undeveloped,-21.120356,116.828779,Karratha (C),Pilbara,Sisters Supersuite,2008,23.6,0.25,5840.0,187760,2004 JORC (Australia)
S0003851,Rumbles,Randalls - Mt Monger,Care and Maintenance,-31.068275,122.188277,Kalgoorlie-Boulder (C),Goldfields-Esperance,Eastern Goldfields Superterrane,2025,2.411,2.42,5830.6,187458,2012 JORC (Australia)
S0005328,Salmon Gums,Davyhurst - Lady Ida - Mulline - Riverina - Siberia Gold,Proposed,-30.183688,120.654513,Coolgardie (S),Goldfields-Esperance,Eastern Goldfields Superterrane,2026,4.871,1.19,5804.3,186613,2012 JORC (Australia)
S0230165,Res Group,Windarra Gold Tailings,Proposed,-28.490946,122.247752,Laverton (S),Goldfields-Esperance,Yilgarn Craton granites,2023,10.95,0.53,5761.8,185247,2012 JORC (Australia)
S0019624,Plutonic East,Plutonic Gold,Operating,-25.317651,119.483062,Meekatharra (S),Mid-West,Eastern Goldfields Superterrane,2024,2.2,2.56,5640.0,181330,2012 JORC (Australia)
S0229274,Break of Day,Cue Gold,Operating,-27.697294,117.831788,Cue (S),Mid-West,Youanmi Terrane,2026,0.761,7.38,5615.2,180533,2012 JORC (Australia)
S0023338,Hobbes,Yarri - Hobbes,Undeveloped,-29.812807,122.235713,Menzies (S),Goldfields-Esperance,Eastern Goldfields Superterrane,2023,4.6,1.2,5520.0,177472,2012 JORC (Australia)
S0020506,Icon,Glenburgh,Proposed,-25.391457,116.100229,Upper Gascoyne (S),Gascoyne,Glenburgh Terrane,2020,7.9,0.68,5370.0,172650,2012 JORC (Australia)
S0003173,Bullen - Mainfield,Central Norseman,Operating,-32.197934,121.798708,Dundas (S),Goldfields-Esperance,Eastern Goldfields Superterrane,2022,0.355,14.97,5315.2,170889,2012 JORC (Australia)
S0238940,Lake Way Group,Matilda,Care and Maintenance,-26.773488,120.317997,Wiluna (S),Mid-West,Eastern Goldfields Superterrane,2021,3.06,1.73,5302.3,170473,2012 JORC (Australia)
S0236537,Magic North,Randalls - Mt Monger,Proposed,-31.034722,121.938686,Kalgoorlie-Boulder (C),Goldfields-Esperance,Eastern Goldfields Superterrane,2022,2.178,2.41,5244.4,168611,2012 JORC (Australia)
S0239003,Big Sky 2500,Cue Gold,Operating,-27.730235,117.821046,Mount Magnet (S),Mid-West,Youanmi Terrane,2026,4.4,1.18,5200.0,167184,2012 JORC (Australia)
S0003795,Evanston UG,Marda / Southern Cross,Shut,-29.744697,119.483508,Menzies (S),Goldfields-Esperance,Youanmi Terrane,2026,5.347,0.96,5137.2,165165,2012 JORC (Australia)
S0001664,Pinnacles,Comet / Valiant,Care and Maintenance,-27.540306,118.040209,Cue (S),Mid-West,Youanmi Terrane,2025,2.229,2.3,5134.6,165082,2012 JORC (Australia)
S0004281,Perseverance,Mt Magnet,Care and Maintenance,-28.03419,117.798915,Mount Magnet (S),Mid-West,Youanmi Terrane,2026,3.3,1.53,5040.0,162040,2012 JORC (Australia)
S0236687,Iris,Mandilla,Undeveloped,-31.386565,121.528212,Coolgardie (S),Goldfields-Esperance,Eastern Goldfields Superterrane,2026,6.5,0.77,5020.0,161397,2012 JORC (Australia)
S0000158,Dreadnought,Coolgardie Gold / Focus,Operating,-30.99508,121.170693,Coolgardie (S),Goldfields-Esperance,Eastern Goldfields Superterrane,2023,3.33,1.51,5013.0,161172,2012 JORC (Australia)
S0224967,Dasher,Caravel Copper,Undeveloped,-31.030085,116.618605,Goomalling (S),Wheatbelt,South West Terrane,2023,239.1,0.02,5004.4,160895,2012 JORC (Australia)
S0005063,Otto Bore,Thunderbox Gold,Operating,-28.110992,121.015092,Leonora (S),Goldfields-Esperance,Eastern Goldfields Superterrane,2020,2.6,1.92,5000.0,160754,2012 JORC (Australia)
S0246137,Neta Heap Leach Pad 3,Edjudina / Gibb River,Proposed,-29.763815,122.479073,Menzies (S),Goldfields-Esperance,Eastern Goldfields Superterrane,2025,3.352,1.48,4961.0,159499,2012 JORC (Australia)
S0237291,Myhree,New Bulong - Boundary - Kal East Gold Project,Care and Maintenance,-30.729082,121.775318,Kalgoorlie-Boulder (C),Goldfields-Esperance,Eastern Goldfields Superterrane,2020,1.391,3.56,4954.1,159278,2012 JORC (Australia)
S0246135,Neta Heap Leach Pad 1,Edjudina / Gibb River,Proposed,-29.763372,122.478144,Menzies (S),Goldfields-Esperance,Eastern Goldfields Superterrane,2025,4.409,1.11,4894.0,157345,2012 JORC (Australia)
S0236137,Crescent,Roe,Undeveloped,-30.705092,122.567859,Kalgoorlie-Boulder (C),Goldfields-Esperance,Eastern Goldfields Superterrane,2024,4.4,1.1,4830.0,155288,2012 JORC (Australia)
S0003939,Cable,Tuckanarra Gold,Proposed,-27.102297,118.098845,Cue (S),Mid-West,Youanmi Terrane,2026,2.74,1.76,4820.0,154967,2012 JORC (Australia)
S0002836,CNX,Coolgardie Gold / Focus,Operating,-30.920509,121.191206,Coolgardie (S),Goldfields-Esperance,Eastern Goldfields Superterrane,2023,3.866,1.24,4807.5,154565,2012 JORC (Australia)
S0001080,Jaccoletti - Mountain Queen,Marvel Loch - Southern Cross,Care and Maintenance,-31.473226,119.48411,Yilgarn (S),Wheatbelt,Youanmi Terrane,2016,1.15,4.14,4757.8,152967,2012 JORC (Australia)
S0001057,Laverton W,Laverton - Barnicoat - Karridale - Merolia / Focus,Shut,-28.632486,122.37491,Laverton (S),Goldfields-Esperance,Eastern Goldfields Superterrane,2024,2.948,1.61,4756.0,152908,2012 JORC (Australia)
S0237939,Anglo Saxon UG,Anglo Saxon - Trouser Legs,Proposed,-30.076496,122.73132,Menzies (S),Goldfields-Esperance,Eastern Goldfields Superterrane,2025,0.709,6.64,4708.2,151373,2012 JORC (Australia)
S0000263,Paris,GBF Paris ,Care and Maintenance,-31.588749,121.975891,Coolgardie (S),Goldfields-Esperance,Eastern Goldfields Superterrane,2024,1.094,4.29,4695.8,150973,2012 JORC (Australia)
S0230331,Res Group,Kalpini,Proposed,-30.406004,121.946513,Kalgoorlie-Boulder (C),Goldfields-Esperance,Eastern Goldfields Superterrane,2026,2.359,1.96,4623.2,148641,2012 JORC (Australia)
S0000549,Lorna Doone,Randalls - Mt Monger,Shut,-31.020742,121.933093,Kalgoorlie-Boulder (C),Goldfields-Esperance,Eastern Goldfields Superterrane,2021,2.286,2.0,4572.0,146993,2012 JORC (Australia)
S0246242,West Knell,Mt Ida Gold,Undeveloped,-29.052209,120.507951,Menzies (S),Goldfields-Esperance,Eastern Goldfields Superterrane,2026,1.759,2.58,4537.1,145871,2012 JORC (Australia)
S0003559,Bollard,Tuckanarra Gold,Proposed,-27.109814,118.098557,Cue (S),Mid-West,Youanmi Terrane,2024,1.47,3.06,4493.0,144453,2012 JORC (Australia)
S0002483,Boomer,Mt Magnet,Operating,-28.054757,117.809992,Mount Magnet (S),Mid-West,Youanmi Terrane,2025,3.63,1.21,4399.0,141431,2012 JORC (Australia)
S0233227,Claypan,Roe,Undeveloped,-30.742116,122.57854,Kalgoorlie-Boulder (C),Goldfields-Esperance,Eastern Goldfields Superterrane,2021,4.008,1.1,4395.0,141303,2012 JORC (Australia)
S0004297,Riverina Pit,Davyhurst - Lady Ida - Mulline - Riverina - Siberia Gold,Care and Maintenance,-29.744589,120.564982,Menzies (S),Goldfields-Esperance,Eastern Goldfields Superterrane,2023,2.711,1.61,4373.5,140611,2012 JORC (Australia)
S0003420,Nambi,Redcliffe,Shut,-28.395327,121.556711,Leonora (S),Goldfields-Esperance,Eastern Goldfields Superterrane,2023,1.57,2.75,4324.0,139020,2012 JORC (Australia)
S0239970,La Mascotte,Bulong Taurus Gold,Undeveloped,-30.715336,121.84519,Kalgoorlie-Boulder (C),Goldfields-Esperance,Eastern Goldfields Superterrane,2023,3.61,1.19,4295.9,138116,2012 JORC (Australia)
S0234165,Falcon,Kundana East,Undeveloped,-30.735645,121.250387,Coolgardie (S),Goldfields-Esperance,Eastern Goldfields Superterrane,2021,0.915,4.68,4283.4,137715,2012 JORC (Australia)
S0232586,Mt Stirling - Viserion,Mt Stirling - Leonora North,Undeveloped,-28.597354,121.073392,Leonora (S),Goldfields-Esperance,Eastern Goldfields Superterrane,2022,2.549,1.68,4273.9,137409,2012 JORC (Australia)
S0241929,Eaglehawk,Side Well,Undeveloped,-26.550855,118.59097,Meekatharra (S),Mid-West,Youanmi Terrane,2025,2.961,1.44,4261.1,136998,2012 JORC (Australia)
S0005784,Kookaburra,Coyote - Western Tanami,Shut,-19.589376,128.86271,Halls Creek (S),Kimberley,Granites--Tanami Orogen,2022,1.241,3.43,4257.4,136879,2012 JORC (Australia)
S0001113,VB,Bottle Creek,Operating,-29.178289,120.456428,Menzies (S),Goldfields-Esperance,Eastern Goldfields Superterrane,2020,2.833,1.5,4243.3,136425,2012 JORC (Australia)
S0000247,Blue Spec,Blue Spec / Novo,Proposed,-21.820903,120.273032,East Pilbara (S),Pilbara,Mosquito Creek Basin,2022,0.166,25.54,4240.2,136326,2012 JORC (Australia)
S0005814,Makai,Davyhurst - Lady Ida - Mulline - Riverina - Siberia Gold,Proposed,-30.029038,120.66321,Menzies (S),Goldfields-Esperance,Eastern Goldfields Superterrane,2021,2.138,1.98,4230.1,136001,2012 JORC (Australia)
S0006668,The Mount,The Mount,Operating,-31.528291,121.56948,Coolgardie (S),Goldfields-Esperance,Eastern Goldfields Superterrane,2013,0.888,4.75,4215.6,135535,Unknown
S0001819,Mt Mulgine,Mt Mulgine Gold,Care and Maintenance,-29.169651,116.968027,Perenjori (S),Mid-West,Youanmi Terrane,2019,4.036,1.04,4194.6,134860,2012 JORC (Australia)
S0001124,Mertondale 3,Leonora / Patronus,Shut,-28.667341,121.545767,Leonora (S),Goldfields-Esperance,Eastern Goldfields Superterrane,2025,2.6,1.6,4160.0,133747,2012 JORC (Australia)
S0004858,Rand UG,Reedy,Care and Maintenance,-27.122758,118.270213,Cue (S),Mid-West,Youanmi Terrane,2025,1.635,2.53,4129.5,132767,2012 JORC (Australia)
S0234591,Jacques Find,Binduli / Maritana Minerals,Undeveloped,-30.698128,121.383695,Kalgoorlie-Boulder (C),Goldfields-Esperance,Eastern Goldfields Superterrane,2026,1.852,2.22,4113.4,132250,2012 JORC (Australia)
S0246129,Belgrave Heap Leach Pad 10,Edjudina / Gibb River,Proposed,-29.833911,122.545495,Menzies (S),Goldfields-Esperance,Eastern Goldfields Superterrane,2025,1.984,2.07,4106.9,132039,2012 JORC (Australia)
S0000354,Gwendolyn East,Johnson Range,Shut,-29.7079,119.438821,Menzies (S),Goldfields-Esperance,Youanmi Terrane,2026,2.041,2.0,4073.5,130967,2012 JORC (Australia)
S0005374,NOA 7 - 8,Murchison / Monument,Proposed,-27.014704,118.466476,Cue (S),Mid-West,Youanmi Terrane,2012,1.551,2.62,4060.4,130545,Unknown
S0223460,Bentley,Teutonic Bore - Jaguar,Care and Maintenance,-28.478179,121.158923,Leonora (S),Goldfields-Esperance,Eastern Goldfields Superterrane,2023,4.195,0.97,4054.6,130358,2012 JORC (Australia)
S0237538,Hawks Nest 9 S,Lady Julie,Proposed,-28.728685,122.277719,Laverton (S),Goldfields-Esperance,Eastern Goldfields Superterrane,2022,3.177,1.28,4051.1,130244,2012 JORC (Australia)
S0004868,Palomino,Horse Well,Undeveloped,-25.923637,120.718309,Wiluna (S),Mid-West,Eastern Goldfields Superterrane,2025,2.118,1.9,4028.9,129531,2012 JORC (Australia)
S0225789,Bindy,Redcliffe,Undeveloped,-28.532363,121.546894,Laverton (S),Goldfields-Esperance,Eastern Goldfields Superterrane,2021,3.08,1.3,4004.0,128732,2012 JORC (Australia)
S0020246,Teal,Binduli / Maritana Minerals,Care and Maintenance,-30.689624,121.382034,Kalgoorlie-Boulder (C),Goldfields-Esperance,Eastern Goldfields Superterrane,2018,1.81,2.2,3979.6,127947,2012 JORC (Australia)
S0004298,Old Faithful,Mt York Gold,Undeveloped,-21.04583,118.926389,East Pilbara (S),Pilbara,Soanesville Basin,2023,4.17,0.95,3941.9,126735,2012 JORC (Australia)
S0005007,Coogee,Hogans - Coogee,Shut,-31.133135,121.880357,Kalgoorlie-Boulder (C),Goldfields-Esperance,Eastern Goldfields Superterrane,2024,3.655,1.08,3940.3,126682,2012 JORC (Australia)
S0225935,Warmblood,Horse Well,Undeveloped,-25.943873,120.722652,Wiluna (S),Mid-West,Eastern Goldfields Superterrane,2025,1.656,2.37,3924.7,126183,2012 JORC (Australia)
S0236968,Hub,Redcliffe,Operating,-28.462902,121.563431,Laverton (S),Goldfields-Esperance,Eastern Goldfields Superterrane,2025,0.98,4.0,3920.0,126031,2012 JORC (Australia)
S0020870,Helens South,Leonora / Patronus,Undeveloped,-28.793136,121.619914,Leonora (S),Goldfields-Esperance,Eastern Goldfields Superterrane,2023,2.7,1.45,3920.0,126031,2012 JORC (Australia)
S0000293,Norris,Coolgardie Gold / Focus,Shut,-31.058016,121.050857,Coolgardie (S),Goldfields-Esperance,Eastern Goldfields Superterrane,2019,1.62,2.4,3888.0,125002,2004 JORC (Australia)
S0231590,Vivien UG,Vivien,Care and Maintenance,-27.976811,120.568536,Leonora (S),Goldfields-Esperance,Eastern Goldfields Superterrane,2025,0.683,5.68,3879.7,124735,2012 JORC (Australia)
S0235915,Vanguard N,Sandstone / Brightstar,Undeveloped,-28.139461,119.45003,Sandstone (S),Mid-West,Youanmi Terrane,2023,1.1,3.48,3830.0,123137,2012 JORC (Australia)
S0238139,Cardinia Hill,Leonora / Patronus,Undeveloped,-28.789167,121.630898,Leonora (S),Goldfields-Esperance,Eastern Goldfields Superterrane,2023,2.5,1.53,3820.0,122816,2012 JORC (Australia)
S0020492,Cerebus South,Tarmoola - King of the Hills,Proposed,-28.628533,121.094332,Leonora (S),Goldfields-Esperance,Eastern Goldfields Superterrane,2026,3.288,1.16,3812.7,122581,2012 JORC (Australia)
S0003701,Black Swan,Cue Gold - Central Murchison,Shut,-27.374827,117.804408,Cue (S),Mid-West,Youanmi Terrane,2026,2.425,1.57,3798.2,122116,2012 JORC (Australia)
S0002627,Golden Vale,Golden Vale - Copperfield,Proposed,-29.119103,120.513814,Menzies (S),Goldfields-Esperance,Eastern Goldfields Superterrane,2026,2.363,1.6,3780.8,121556,2012 JORC (Australia)
S0004861,Transvaal UG,Mt Morgans,Care and Maintenance,-28.751012,122.076167,Laverton (S),Goldfields-Esperance,Eastern Goldfields Superterrane,2023,1.03,3.66,3768.0,121144,2012 JORC (Australia)
S0021723,Scotia Central,Central Norseman,Care and Maintenance,-32.474206,121.791507,Dundas (S),Goldfields-Esperance,"Northern Foreland, Albany-Fraser Orogen",2025,1.586,2.37,3759.4,120868,2012 JORC (Australia)
S0239550,Swiftsure - McTavish East,Kookynie Gold,Undeveloped,-29.335388,121.466792,Menzies (S),Goldfields-Esperance,Eastern Goldfields Superterrane,2026,0.862,4.35,3750.1,120570,2012 JORC (Australia)
S0239866,Ironbark,Side Well,Undeveloped,-26.580717,118.607412,Meekatharra (S),Mid-West,Youanmi Terrane,2025,1.423,2.63,3746.8,120462,2012 JORC (Australia)
S0022741,Crawford,Leonora - Crawford and Gambier Lass,Proposed,-28.878056,121.58491,Leonora (S),Goldfields-Esperance,Eastern Goldfields Superterrane,2022,3.745,1.0,3745.0,120405,2012 JORC (Australia)
S0018765,Korong,Monument - Korong,Undeveloped,-28.639168,121.96482,Laverton (S),Goldfields-Esperance,Eastern Goldfields Superterrane,2026,2.23,1.68,3744.9,120401,2012 JORC (Australia)
S0005416,Beasley Creek South,Laverton - Barnicoat - Karridale - Merolia / Focus,Undeveloped,-28.585066,122.32651,Laverton (S),Goldfields-Esperance,Eastern Goldfields Superterrane,2022,2.05,1.82,3721.2,119639,2012 JORC (Australia)
S0238472,Rumor,Laverton - Barnicoat - Karridale - Merolia / Focus,Undeveloped,-28.671429,122.315315,Laverton (S),Goldfields-Esperance,Yilgarn Craton granites,2024,2.56,1.44,3686.1,118511,2012 JORC (Australia)
S0020764,Lord Henry,Sandstone / Brightstar,Care and Maintenance,-28.175636,119.512701,Sandstone (S),Mid-West,Youanmi Terrane,2026,2.406,1.53,3673.0,118090,2012 JORC (Australia)
S0020866,Rangoon,Leonora / Patronus,Undeveloped,-28.772485,121.617609,Leonora (S),Goldfields-Esperance,Eastern Goldfields Superterrane,2023,2.8,1.3,3640.0,117029,2012 JORC (Australia)
S0239909,Eos,Mandilla,Undeveloped,-31.392243,121.533043,Coolgardie (S),Goldfields-Esperance,Eastern Goldfields Superterrane,2026,3.6,1.0,3600.0,115743,2012 JORC (Australia)
S0224204,Central Bore,Yamarna - Gruyere JV,Undeveloped,-28.156126,123.69632,Laverton (S),Goldfields-Esperance,Yamarna Terrane,2024,0.47,7.64,3590.8,115447,2012 JORC (Australia)
S0000920,Yundamindera,Yundamindra / Arika,Undeveloped,-29.098935,122.015611,Leonora (S),Goldfields-Esperance,Yilgarn Craton granites,2010,2.141,1.65,3531.7,113547,Unknown
S0004500,Kingfisher UG,Gum Creek Gold,Proposed,-27.285595,119.427208,Sandstone (S),Mid-West,Youanmi Terrane,2025,1.043,3.38,3528.8,113453,2012 JORC (Australia)
S0236997,Gimlet,Gimlet / First Au,Undeveloped,-30.682767,121.375287,Kalgoorlie-Boulder (C),Goldfields-Esperance,Eastern Goldfields Superterrane,2026,1.583,2.22,3515.2,113015,2012 JORC (Australia)
S0236466,Hermes South,Bryah Basin - Catalyst / Alchemy,Undeveloped,-25.705794,118.845193,Meekatharra (S),Mid-West,"Yilgarn Craton, Marymia Inlier",2019,2.235,1.57,3514.5,112994,2012 JORC (Australia)
S0004069,Cobbler,Central Norseman,Proposed,-32.165283,121.749693,Dundas (S),Goldfields-Esperance,Eastern Goldfields Superterrane,2021,2.272,1.54,3503.8,112650,2012 JORC (Australia)
S0031311,Tims Dome,Minyari Dome,Undeveloped,-21.628496,122.06563,East Pilbara (S),Pilbara,Yeneena Basin,2026,5.0,0.7,3500.0,112528,2012 JORC (Australia)
S0030388,Dusk til Dawn,Horse Well,Undeveloped,-25.79944,120.638163,Wiluna (S),Mid-West,Eastern Goldfields Superterrane,2019,3.496,1.0,3495.6,112386,2012 JORC (Australia)
S0000756,White Well,White Well,Proposed,-27.392057,118.185908,Cue (S),Mid-West,Youanmi Terrane,2009,4.57,0.76,3484.0,112013,Unknown
S0019596,St Patricks,Central Norseman,Shut,-32.175288,121.799311,Dundas (S),Goldfields-Esperance,Eastern Goldfields Superterrane,2021,0.394,8.84,3484.0,112013,2012 JORC (Australia)
S0000282,Great Victoria UG,Marvel Loch - Southern Cross,Care and Maintenance,-31.544265,119.57371,Yilgarn (S),Wheatbelt,Youanmi Terrane,2016,1.502,2.31,3468.1,111502,2012 JORC (Australia)
S0006472,Durack,Peak Hill / Aragon,Undeveloped,-25.754047,118.708615,Meekatharra (S),Mid-West,Bryah Basin,2026,2.889,1.2,3466.8,111460,2012 JORC (Australia)
S0240671,Golden Wonder,Bundarra / Bligh,Undeveloped,-28.350902,121.196796,Leonora (S),Goldfields-Esperance,Yilgarn Craton granites,2026,1.307,2.65,3459.6,111229,2012 JORC (Australia)
S0241225,Heron,Gum Creek Gold,Undeveloped,-27.37011,119.462418,Sandstone (S),Mid-West,Youanmi Terrane,2023,2.152,1.6,3447.5,110840,2012 JORC (Australia)
S0000272,Eureka,Eureka,Under Development,-30.327214,121.257786,Kalgoorlie-Boulder (C),Goldfields-Esperance,Eastern Goldfields Superterrane,2025,2.042,1.69,3443.0,110694,2012 JORC (Australia)
S0000819,Lady Robinson-Birthday Gift Underground,Burbanks / REG,Care and Maintenance,-31.028973,121.135034,Coolgardie (S),Goldfields-Esperance,Eastern Goldfields Superterrane,2026,0.901,3.8,3424.3,110094,2012 JORC (Australia)
S0018865,Tonto,Leonora / Patronus,Undeveloped,-28.615865,121.544414,Leonora (S),Goldfields-Esperance,Eastern Goldfields Superterrane,2022,2.995,1.14,3409.0,109602,2012 JORC (Australia)
S0023455,Golden Terrace South,Redcliffe,Proposed,-28.573838,121.543307,Leonora (S),Goldfields-Esperance,Eastern Goldfields Superterrane,2022,2.29,1.48,3399.0,109280,2012 JORC (Australia)
S0236206,Underground,Nullagine / Millenium,Operating,-21.883643,120.281983,East Pilbara (S),Pilbara,Mosquito Creek Basin,2024,1.01,3.36,3392.7,109078,2012 JORC (Australia)
S0234948,Sly Fox,Dalgaranga - Gilbeys,Care and Maintenance,-27.854176,117.264965,Mount Magnet (S),Mid-West,Youanmi Terrane,2024,1.17,2.9,3391.2,109030,2012 JORC (Australia)
S0006528,Nazzaris,Zuleika North - Ora Banda / Evolution,Shut,-30.358837,121.054615,Kalgoorlie-Boulder (C),Goldfields-Esperance,Eastern Goldfields Superterrane,2015,1.96,1.73,3389.3,108969,Unknown
S0018870,Redwing,Marvel Loch - Southern Cross,Proposed,-31.830655,119.659216,Yilgarn (S),Wheatbelt,Youanmi Terrane,2016,1.4,2.4,3360.0,108027,2012 JORC (Australia)
S0003716,Michaelangelo,Bruno-Lewis,Proposed,-28.935965,121.418064,Leonora (S),Goldfields-Esperance,Eastern Goldfields Superterrane,2024,1.65,2.03,3345.0,107544,2012 JORC (Australia)
S0002575,Whistler Pit,Montague Gold,Shut,-27.388147,119.544206,Sandstone (S),Mid-West,Youanmi Terrane,2026,1.823,1.81,3307.0,106323,2012 JORC (Australia)
S0000191,North Ironcap Gp,North Ironcap,Undeveloped,-32.359815,119.684206,Kondinin (S),Wheatbelt,Youanmi Terrane,2025,2.412,1.37,3304.4,106240,2012 JORC (Australia)
S0020495,Centauri,Tarmoola - King of the Hills,Proposed,-28.650153,121.110183,Leonora (S),Goldfields-Esperance,Eastern Goldfields Superterrane,2026,2.199,1.5,3298.5,106049,2012 JORC (Australia)
S0020461,Alpha,Brightstar / Stone,Proposed,-28.724517,122.725654,Laverton (S),Goldfields-Esperance,Burtville Terrane,2013,1.452,2.27,3297.4,106014,2012 JORC (Australia)
S0000399,Leipold,Kookynie / Arika,Shut,-29.351157,121.462809,Menzies (S),Goldfields-Esperance,Eastern Goldfields Superterrane,2022,2.16,1.53,3295.0,105937,2012 JORC (Australia)
S0000856,Iron Stirrup,Mt York Gold,Shut,-21.06701,118.918062,East Pilbara (S),Pilbara,Soanesville Basin,2023,1.99,1.66,3295.0,105937,2012 JORC (Australia)
S0019587,Gladstone N,Central Norseman,Operating,-32.172778,121.850108,Dundas (S),Goldfields-Esperance,Eastern Goldfields Superterrane,2025,1.415,2.32,3281.9,105516,2012 JORC (Australia)
S0003744,Bulletin,Bamboo Creek Gold,Care and Maintenance,-20.949395,120.241006,East Pilbara (S),Pilbara,Northeast Pilbara Sub-basin,2024,0.814,3.99,3251.7,104545,2012 JORC (Australia)
S0236673,Easky,Karlawinda Gold,Undeveloped,-23.767587,120.08369,Meekatharra (S),Mid-West,Collier Basin,2026,8.1,0.4,3240.0,104168,2012 JORC (Australia)
S0002862,Mertons Reward,Leonora / Patronus,Shut,-28.675346,121.543356,Leonora (S),Goldfields-Esperance,Eastern Goldfields Superterrane,2025,1.7,1.9,3230.0,103847,2012 JORC (Australia)
S0247326,Union Jack,Union Jack,Undeveloped,-30.915062,121.197311,Coolgardie (S),Goldfields-Esperance,Eastern Goldfields Superterrane,2026,3.14,1.02,3202.8,102972,2012 JORC (Australia)
S0023306,Golden Stream,Mt Magnet,Proposed,-28.059698,117.806213,Mount Magnet (S),Mid-West,Youanmi Terrane,2026,1.43,2.23,3195.0,102722,2012 JORC (Australia)
S0022169,Yagahong N,Murchison / Monument,Undeveloped,-26.915346,118.643006,Meekatharra (S),Mid-West,Youanmi Terrane,2011,1.48,2.14,3172.0,101982,Unknown
S0021869,Wattle Dam - 7800N,Wattle Dam - Spargoville Gold,Shut,-31.374215,121.488413,Coolgardie (S),Goldfields-Esperance,Eastern Goldfields Superterrane,2025,2.2,1.44,3160.0,101596,2012 JORC (Australia)
S0002275,Phoenix Tailings,Central Norseman,Shut,-32.195345,121.79201,Dundas (S),Goldfields-Esperance,Eastern Goldfields Superterrane,2019,4.165,0.75,3123.8,100431,2012 JORC (Australia)
S0005312,Zone 126,Glenburgh,Proposed,-25.371476,116.151713,Upper Gascoyne (S),Gascoyne,Glenburgh Terrane,2020,1.0,3.12,3120.0,100310,2012 JORC (Australia)
S0226098,Damsel,Mt Fisher Gold,Undeveloped,-26.873846,121.41988,Wiluna (S),Mid-West,Eastern Goldfields Superterrane,2022,1.404,2.21,3102.4,99743,2012 JORC (Australia)
S0004360,Blue Peter Pit 3,Mt Celia - Kangaroo Bore,Care and Maintenance,-29.45981,122.498168,Menzies (S),Goldfields-Esperance,Eastern Goldfields Superterrane,2026,1.812,1.71,3095.7,99528,2012 JORC (Australia)
S0222924,Backflip,Zuleika North - Ora Banda / Evolution,Proposed,-30.507725,121.152399,Kalgoorlie-Boulder (C),Goldfields-Esperance,Eastern Goldfields Superterrane,2015,1.31,2.31,3022.1,97163,Unknown
S0020407,Musketeer,Sandstone / Brightstar,Undeveloped,-28.087997,119.363308,Sandstone (S),Mid-West,Youanmi Terrane,2023,2.2,1.37,3020.0,97095,2012 JORC (Australia)
S0229696,Duke,Rebecca,Undeveloped,-30.409502,122.842143,Kalgoorlie-Boulder (C),Goldfields-Esperance,Yilgarn Craton granites,2023,2.74,1.1,3014.0,96902,2012 JORC (Australia)
S0020623,Perseverance Lode,Coolgardie Gold / Focus,Proposed,-30.982095,121.173907,Coolgardie (S),Goldfields-Esperance,Eastern Goldfields Superterrane,2019,0.663,4.51,2991.8,96189,2004 JORC (Australia)
S0006614,Rainbow,Tarmoola - King of the Hills,Proposed,-28.703266,121.163882,Leonora (S),Goldfields-Esperance,Eastern Goldfields Superterrane,2026,2.943,1.02,2989.5,96115,2012 JORC (Australia)
S0237637,Antwerp,Hemi Gold,Undeveloped,-20.868813,118.395224,"Port Hedland, Town Of",Pilbara,Mallina Basin,2026,2.882,1.04,2983.4,95919,2012 JORC (Australia)
S0019497,Sand George,Comet Vale - Sand Queen,Care and Maintenance,-29.958838,121.13151,Menzies (S),Goldfields-Esperance,Eastern Goldfields Superterrane,2022,0.619,4.81,2975.8,95674,2012 JORC (Australia)
S0234207,Lancefield North,Kulguddi Gold / Duketon Mining,Undeveloped,-28.508197,122.411034,Laverton (S),Goldfields-Esperance,Eastern Goldfields Superterrane,2018,1.9,1.55,2945.0,94684,2012 JORC (Australia)
S0245668,Myhree UG,New Bulong - Boundary - Kal East Gold Project,Proposed,-30.729615,121.775297,Kalgoorlie-Boulder (C),Goldfields-Esperance,Eastern Goldfields Superterrane,2020,0.685,4.28,2931.0,94234,2012 JORC (Australia)
S0019829,Mickey's Find East Ext,Bamboo Creek Gold,Undeveloped,-21.093928,119.364107,East Pilbara (S),Pilbara,Warrawoona  Large Igneous Province,2003,2.265,1.29,2923.7,93999,Unknown
S0003749,Boundary,Zuleika North - Ora Banda / Evolution,Proposed,-30.368267,121.052913,Kalgoorlie-Boulder (C),Goldfields-Esperance,Eastern Goldfields Superterrane,2015,1.58,1.83,2891.4,92961,Unknown
S0002397,Windinne Well,Golden Range,Care and Maintenance,-28.874188,116.935908,Yalgoo (S),Mid-West,Youanmi Terrane,2019,0.974,2.94,2868.2,92215,2012 JORC (Australia)
S0004999,Prospero,Sunset Well,Undeveloped,-28.866166,121.415011,Leonora (S),Goldfields-Esperance,Eastern Goldfields Superterrane,2014,2.866,1.0,2866.0,92144,2012 JORC (Australia)
S0033008,Gossan Valley,Golden Grove,Under Development,-28.827375,117.012286,Yalgoo (S),Mid-West,Youanmi Terrane,2025,6.3,0.45,2850.0,91630,2012 JORC (Australia)
S0004367,Cyanide Deeps,Coolgardie Gold / Focus,Shut,-30.986177,121.177309,Coolgardie (S),Goldfields-Esperance,Eastern Goldfields Superterrane,2019,0.593,4.8,2848.7,91588,2004 JORC (Australia)
S0026880,Gossan Hill,Mt York Gold,Undeveloped,-21.111067,118.9187,East Pilbara (S),Pilbara,Sulphur Springs Large Igneous Province,2022,2.22,1.28,2847.4,91546,2012 JORC (Australia)
S0232144,Smokebush ,Yamarna / Gold Road,Undeveloped,-28.461687,123.86896,Laverton (S),Goldfields-Esperance,Yamarna Terrane,2021,1.09,2.61,2844.9,91466,2012 JORC (Australia)
S0000315,Brown Hill Opencut,Mt Magnet,Operating,-28.032761,117.790797,Mount Magnet (S),Mid-West,Youanmi Terrane,2025,2.4,1.18,2843.0,91405,2012 JORC (Australia)
S0000410,Boomerang Pit,Reedy,Shut,-27.044418,118.288706,Cue (S),Mid-West,Youanmi Terrane,2025,2.003,1.41,2832.8,91077,2012 JORC (Australia)
S0000027,King Solomon,Coolgardie Gold / Focus,Shut,-30.953161,121.174076,Coolgardie (S),Goldfields-Esperance,Eastern Goldfields Superterrane,2005,1.4,2.0,2800.0,90022,2004 JORC (Australia)
S0023639,Cable,Darlot / Leopard,Undeveloped,-27.805606,121.255808,Leonora (S),Goldfields-Esperance,Eastern Goldfields Superterrane,2022,1.326,2.1,2784.6,89527,2012 JORC (Australia)
S0000698,Missouri,Davyhurst - Lady Ida - Mulline - Riverina - Siberia Gold,Care and Maintenance,-30.219174,120.953676,Kalgoorlie-Boulder (C),Goldfields-Esperance,Eastern Goldfields Superterrane,2025,0.71,3.92,2783.0,89476,2012 JORC (Australia)
S0004082,Triple P,Plutonic Gold,Shut,-25.199445,119.649912,Meekatharra (S),Mid-West,Eastern Goldfields Superterrane,2020,1.289,2.13,2740.7,88116,2012 JORC (Australia)
S0001076,Lindsays,Lindsays,Care and Maintenance,-30.331503,121.69581,Kalgoorlie-Boulder (C),Goldfields-Esperance,Eastern Goldfields Superterrane,2015,1.682,1.6,2691.2,86524,2004 JORC (Australia)
S0236464,Think Big,Feysville,Undeveloped,-30.943728,121.617869,Kalgoorlie-Boulder (C),Goldfields-Esperance,Eastern Goldfields Superterrane,2024,2.4,1.12,2690.0,86486,2012 JORC (Australia)
S0016736,Milky Way,Mt Magnet,Care and Maintenance,-28.053309,117.788897,Mount Magnet (S),Mid-West,Youanmi Terrane,2020,2.42,1.1,2662.0,85585,2012 JORC (Australia)
S0234764,Kamperman,Feysville,Undeveloped,-30.931857,121.583848,Kalgoorlie-Boulder (C),Goldfields-Esperance,Eastern Goldfields Superterrane,2024,2.0,1.32,2640.0,84878,2012 JORC (Australia)
S0236999,Mt Jumbo East,Mt Jumbo,Undeveloped,-28.771373,122.333245,Laverton (S),Goldfields-Esperance,Eastern Goldfields Superterrane,2022,2.316,1.14,2639.4,84858,2012 JORC (Australia)
S0008670,Invincible South,Historic Gold - Broad Arrow (24),Shut,-30.203118,120.967013,Kalgoorlie-Boulder (C),Goldfields-Esperance,Eastern Goldfields Superterrane,2014,0.397,6.64,2636.1,84752,2007 SAMREC (South Africa)
S0003169,Transvaal,Mt Morgans,Care and Maintenance,-28.750756,122.075403,Laverton (S),Goldfields-Esperance,Eastern Goldfields Superterrane,2023,0.88,2.97,2614.0,84042,2012 JORC (Australia)
S0232079,Nicolsons Find U/G,Halls Creek - Lamboo Gold,Care and Maintenance,-18.409412,127.356968,Halls Creek (S),Kimberley,"Lamboo Province, Central Zone",2023,0.43,6.06,2607.1,83820,2012 JORC (Australia)
S0003141,Mayday N,Mayday,Shut,-30.447939,121.863798,Kalgoorlie-Boulder (C),Goldfields-Esperance,Eastern Goldfields Superterrane,2020,1.734,1.5,2602.0,83656,2012 JORC (Australia)
S0005310,Apollo,Glenburgh,Proposed,-25.390524,116.107526,Upper Gascoyne (S),Gascoyne,Glenburgh Terrane,2020,2.3,1.13,2600.0,83592,2012 JORC (Australia)
S0000835,Bounty Pit,Mt Holland Gold / Kidman,Shut,-32.097047,119.776507,Yilgarn (S),Wheatbelt,Youanmi Terrane,2009,1.398,1.86,2595.9,83462,Unknown
S0000225,Eagle,Gum Creek Gold,Shut,-27.264886,119.412506,Sandstone (S),Mid-West,Youanmi Terrane,2025,2.019,1.28,2588.2,83212,2012 JORC (Australia)
S0000457,Devon,Devon - Linden / Matsa,Operating,-29.285789,122.442397,Leonora (S),Goldfields-Esperance,Eastern Goldfields Superterrane,2025,0.489,5.27,2577.6,82872,2012 JORC (Australia)
S0237465,Penny North UG,Penny Gold,Operating,-28.853313,118.810258,Sandstone (S),Mid-West,Youanmi Terrane,2025,0.116,21.93,2537.8,81593,2012 JORC (Australia)
S0237725,Gigante Grande,East Menzies Gold,Undeveloped,-29.678126,121.137651,Menzies (S),Goldfields-Esperance,Eastern Goldfields Superterrane,2025,2.78,0.91,2536.0,81534,2012 JORC (Australia)
S0237258,Shepherds Bush,Mt Ida South,Undeveloped,-29.194124,120.530331,Menzies (S),Goldfields-Esperance,Eastern Goldfields Superterrane,2020,3.045,0.83,2527.3,81256,2012 JORC (Australia)
S0238665,Dulcie North / Zenith,Split Rocks ,Undeveloped,-31.756422,119.594237,Yilgarn (S),Wheatbelt,Youanmi Terrane,2026,2.8,0.9,2520.0,81020,2012 JORC (Australia)
S0023373,Rama,Rama Gold,Operating,-32.754873,119.825835,Kondinin (S),Wheatbelt,Youanmi Terrane,2023,1.141,2.2,2507.8,80627,2012 JORC (Australia)
S0004988,Vivien,Vivien,Operating,-27.976462,120.568532,Leonora (S),Goldfields-Esperance,Eastern Goldfields Superterrane,2025,0.964,2.6,2506.4,80583,2012 JORC (Australia)
S0002152,Tycho,Coolgardie Gold,Operating,-31.016562,121.198854,Coolgardie (S),Goldfields-Esperance,Eastern Goldfields Superterrane,2026,2.607,0.96,2501.3,80419,2012 JORC (Australia)
S0235959,Lucky Strike,Eastern Lefroy,Operating,-31.127757,121.991,Kalgoorlie-Boulder (C),Goldfields-Esperance,Eastern Goldfields Superterrane,2020,1.272,1.95,2477.8,79664,2012 JORC (Australia)
S0239885,Blue Heaven,Murchison South,Undeveloped,-29.25077,117.687765,Yalgoo (S),Mid-West,Youanmi Terrane,2026,0.844,2.93,2477.0,79637,2012 JORC (Australia)
S0022632,Julias,Montague Gold,Undeveloped,-27.378375,119.510011,Sandstone (S),Mid-West,Youanmi Terrane,2022,1.908,1.29,2470.0,79412,2012 JORC (Australia)
S0000670,Pinnacles East,Pinnacles Gold,Undeveloped,-30.286632,122.3715,Kalgoorlie-Boulder (C),Goldfields-Esperance,Eastern Goldfields Superterrane,2020,0.609,4.05,2466.4,79297,2012 JORC (Australia)
S0236517,Golden Ridge North,Golden Ridge,Care and Maintenance,-30.844287,121.665583,Kalgoorlie-Boulder (C),Goldfields-Esperance,Eastern Goldfields Superterrane,2026,2.532,0.97,2463.4,79200,2012 JORC (Australia)
S0002832,Kingfisher,Gum Creek Gold,Shut,-27.285595,119.427208,Sandstone (S),Mid-West,Youanmi Terrane,2025,1.218,2.01,2453.4,78880,2012 JORC (Australia)
S0004928,Heron South,Gum Creek Gold,Care and Maintenance,-27.379678,119.462153,Sandstone (S),Mid-West,Youanmi Terrane,2023,1.481,1.66,2453.1,78870,2012 JORC (Australia)
S0225239,Anthill,Anthill ,Undeveloped,-30.483628,121.006346,Coolgardie (S),Goldfields-Esperance,Eastern Goldfields Superterrane,2018,1.42,1.72,2442.1,78515,2012 JORC (Australia)
S0002218,Gladiator,Laverton - Barnicoat - Karridale - Merolia / Focus,Shut,-28.62974,122.361882,Laverton (S),Goldfields-Esperance,Eastern Goldfields Superterrane,2024,2.183,1.11,2431.2,78166,2012 JORC (Australia)
S0020707,Nimbus Gp,Nimbus,Proposed,-30.788363,121.648132,Kalgoorlie-Boulder (C),Goldfields-Esperance,Eastern Goldfields Superterrane,2015,12.09,0.2,2421.3,77847,2012 JORC (Australia)
S0000080,Callion UG,Davyhurst - Lady Ida - Mulline - Riverina - Siberia Gold,Proposed,-30.116752,120.583023,Menzies (S),Goldfields-Esperance,Youanmi Terrane,2020,0.411,5.81,2388.0,76776,2012 JORC (Australia)
S0001129,Success,Mt McClure / Yandal,Shut,-27.514745,120.940913,Leonora (S),Goldfields-Esperance,Eastern Goldfields Superterrane,2022,1.255,1.9,2384.5,76663,2012 JORC (Australia)
S0003407,Shiraz,Gum Creek Gold,Shut,-27.127088,119.461166,Wiluna (S),Mid-West,Youanmi Terrane,2025,2.319,1.02,2374.6,76344,2012 JORC (Australia)
S0003087,Admiral Hill North,Laverton - Barnicoat - Karridale - Merolia / Focus,Shut,-28.542462,122.474331,Laverton (S),Goldfields-Esperance,Eastern Goldfields Superterrane,2011,1.97,1.2,2365.0,76037,2004 JORC (Australia)
S0005660,Die Hardy Central,Marda / Southern Cross,Operating,-29.954415,119.41074,Yilgarn (S),Wheatbelt,Youanmi Terrane,2025,2.511,0.94,2360.3,75887,2012 JORC (Australia)
S0006415,French Kiss,Aldiss - Karonie,Care and Maintenance,-31.223903,122.579343,Kalgoorlie-Boulder (C),Goldfields-Esperance,Eastern Goldfields Superterrane,2024,1.108,2.12,2352.2,75625,2012 JORC (Australia)
S0004279,Xanadu,Xanadu,Shut,-23.443805,117.826501,Meekatharra (S),Mid-West,Ashburton Basin,1994,1.498,1.57,2347.2,75463,Unknown
S0000680,Rand,Reedy,Shut,-27.122758,118.270213,Cue (S),Mid-West,Youanmi Terrane,2025,1.219,1.92,2338.9,75199,2012 JORC (Australia)
S0016662,Rose Hill UG,Rose Hill,Undeveloped,-30.957006,121.176707,Coolgardie (S),Goldfields-Esperance,Eastern Goldfields Superterrane,2026,0.52,4.49,2332.5,74992,2012 JORC (Australia)
S0004084,Orion,Kookynie East - Leonora South,Shut,-29.379147,121.415093,Menzies (S),Goldfields-Esperance,Eastern Goldfields Superterrane,2020,1.06,2.2,2332.0,74976,2012 JORC (Australia)
S0236675,Crake,Binduli / Maritana Minerals,Undeveloped,-30.759133,121.380044,Kalgoorlie-Boulder (C),Goldfields-Esperance,Eastern Goldfields Superterrane,2026,1.822,1.28,2324.6,74736,2012 JORC (Australia)
S0245840,Golden Bracelet,Side Well,Undeveloped,-26.667273,118.613611,Meekatharra (S),Mid-West,Youanmi Terrane,2025,2.578,0.9,2320.2,74596,2012 JORC (Australia)
S0234021,HHH,GBF Paris ,Shut,-31.578758,121.969283,Coolgardie (S),Goldfields-Esperance,Eastern Goldfields Superterrane,2024,1.145,2.02,2311.3,74310,2012 JORC (Australia)
S0020064,Monaco,Golden Range,Care and Maintenance,-28.939012,116.959635,Yalgoo (S),Mid-West,Youanmi Terrane,2019,1.952,1.18,2310.9,74297,2012 JORC (Australia)
S0019050,Chameleon,Scotia Gold,Care and Maintenance,-30.149387,121.233066,Kalgoorlie-Boulder (C),Goldfields-Esperance,Eastern Goldfields Superterrane,2016,1.1,2.1,2310.0,74268,2012 JORC (Australia)
S0003946,Gordon-Sirdar,Gordon - Sirdar,Operating,-30.450334,121.594507,Kalgoorlie-Boulder (C),Goldfields-Esperance,Eastern Goldfields Superterrane,1994,1.398,1.65,2306.7,74162,Unknown
S0000483,MacPhersons Reward,Coolgardie Gold,Care and Maintenance,-30.995995,121.198528,Coolgardie (S),Goldfields-Esperance,Eastern Goldfields Superterrane,2026,2.0,1.15,2298.8,73907,2012 JORC (Australia)
S0019498,Cheer,Comet Vale - Sand Queen,Undeveloped,-29.945116,121.115206,Menzies (S),Goldfields-Esperance,Eastern Goldfields Superterrane,2025,0.962,2.37,2279.8,73297,2012 JORC (Australia)
S0236611,Main Lode,Burbanks / REG,Operating,-31.024473,121.139869,Coolgardie (S),Goldfields-Esperance,Eastern Goldfields Superterrane,2026,0.876,2.6,2274.6,73129,2012 JORC (Australia)
S0236670,Kingsley,Livingstone Gold,Undeveloped,-25.575885,117.661179,Meekatharra (S),Mid-West,Padbury Basin,2025,1.68,1.35,2268.0,72918,2012 JORC (Australia)
S0224271,KZ5,Karonie,Undeveloped,-31.009034,122.580996,Kalgoorlie-Boulder (C),Goldfields-Esperance,Eastern Goldfields Superterrane,2021,1.876,1.2,2251.2,72378,2012 JORC (Australia)
S0239596,Lady Julie Central,Lady Julie,Undeveloped,-28.736164,122.295896,Laverton (S),Goldfields-Esperance,Eastern Goldfields Superterrane,2023,1.334,1.68,2242.7,72103,2012 JORC (Australia)
S0015780,Gem Restored,Ravensthorpe Gold,Shut,-33.667116,120.200312,Ravensthorpe (S),Goldfields-Esperance,Youanmi Terrane,2025,0.53,4.23,2242.0,72082,2012 JORC (Australia)
S0001145,Comet-Pinnacles UG,Comet / Valiant,Under Development,-27.540087,118.043612,Cue (S),Mid-West,Youanmi Terrane,2025,0.663,3.36,2224.2,71511,2012 JORC (Australia)
S0240812,Hestia,Mandilla,Undeveloped,-31.372342,121.509128,Coolgardie (S),Goldfields-Esperance,Eastern Goldfields Superterrane,2026,2.4,0.93,2220.0,71375,2012 JORC (Australia)
S0000551,Morgans North,Mt Morgans,Proposed,-28.75761,122.061548,Laverton (S),Goldfields-Esperance,Eastern Goldfields Superterrane,2022,0.33,6.7,2211.0,71085,2012 JORC (Australia)
S0226223,Imperial,North Monger - Kal East Gold Project,Care and Maintenance,-30.892192,121.935441,Kalgoorlie-Boulder (C),Goldfields-Esperance,Yilgarn Craton granites,2026,1.493,1.48,2202.3,70806,2012 JORC (Australia)
S0224047,Hercules,Tropicana North - Thunderstruck JV,Undeveloped,-28.733497,124.937572,Laverton (S),Goldfields-Esperance,Boodie Boodie Shelf,2022,0.463,4.74,2195.8,70597,2012 JORC (Australia)
S0000061,Tindals UG,Coolgardie Gold / Focus,Shut,-30.987016,121.174014,Coolgardie (S),Goldfields-Esperance,Eastern Goldfields Superterrane,2019,0.68,3.22,2192.3,70483,2004 JORC (Australia)
S0000005,Aspacia,Menzies,Shut,-29.690609,121.01268,Menzies (S),Goldfields-Esperance,Eastern Goldfields Superterrane,2024,1.375,1.59,2182.0,70154,2012 JORC (Australia)
S0001948,Bottle Dump,Tuckanarra Gold,Shut,-27.118086,118.125514,Cue (S),Mid-West,Youanmi Terrane,2023,0.91,2.4,2182.0,70153,2012 JORC (Australia)
S0020867,Fiona 2,Leonora / Patronus,Proposed,-28.781877,121.622607,Leonora (S),Goldfields-Esperance,Eastern Goldfields Superterrane,2023,1.4,1.56,2180.0,70089,2012 JORC (Australia)
S0230392,Western Supergene Zone - Majestic North,Majestic North ,Undeveloped,-30.854622,121.929779,Kalgoorlie-Boulder (C),Goldfields-Esperance,Eastern Goldfields Superterrane,2026,1.624,1.34,2170.8,69794,2012 JORC (Australia)
S0233754,Maybell,Maybell - Norseman,Shut,-32.367366,121.794044,Dundas (S),Goldfields-Esperance,Eastern Goldfields Superterrane,2019,1.198,1.8,2157.3,69359,2012 JORC (Australia)
S0234208,Southern Star / Duketon,Southern Star - Duketon Gold,Undeveloped,-28.200462,122.382133,Laverton (S),Goldfields-Esperance,Burtville Terrane,2025,1.9,1.13,2150.0,69124,2012 JORC (Australia)
S0231265,Swift U/G,Gum Creek Gold,Proposed,-27.252875,119.420418,Sandstone (S),Mid-West,Youanmi Terrane,2025,0.848,2.53,2142.7,68890,2012 JORC (Australia)
S0000849,Greenfields Pit,Coolgardie Gold / Focus,Operating,-30.932811,121.200923,Coolgardie (S),Goldfields-Esperance,Eastern Goldfields Superterrane,2024,1.587,1.35,2139.9,68800,2012 JORC (Australia)
S0023139,Halleys East,Grass Flat,Shut,-29.475505,119.095408,Menzies (S),Goldfields-Esperance,Youanmi Terrane,2012,0.678,3.15,2137.0,68707,Unknown
S0002205,Ramornie,Mt Morgans,Care and Maintenance,-28.768892,122.072051,Laverton (S),Goldfields-Esperance,Eastern Goldfields Superterrane,2023,0.95,2.25,2136.0,68674,2012 JORC (Australia)
S0019676,Golden Point,Edna May - Westonia,Undeveloped,-31.293097,118.704509,Westonia (S),Wheatbelt,Yilgarn Craton granites,2022,2.5,0.85,2130.0,68481,2012 JORC (Australia)
S0000437,Telegraph,Laverton - Barnicoat - Karridale - Merolia / Focus,Shut,-28.547635,122.380807,Laverton (S),Goldfields-Esperance,Eastern Goldfields Superterrane,2019,1.172,1.81,2122.6,68242,2012 JORC (Australia)
S0000113,Golden Monarch North,Gold Duke,Proposed,-26.787785,119.951775,Wiluna (S),Mid-West,Youanmi Terrane,2026,1.276,1.65,2111.4,67883,2012 JORC (Australia)
S0223015,Renegade,Yamarna / Gold Road,Undeveloped,-27.948956,123.571619,Laverton (S),Goldfields-Esperance,Yamarna Terrane,2021,1.86,1.13,2101.8,67574,2012 JORC (Australia)
S0224879,Kelly,Redcliffe,Undeveloped,-28.544201,121.548306,Laverton (S),Goldfields-Esperance,Eastern Goldfields Superterrane,2021,2.35,0.89,2091.5,67243,2012 JORC (Australia)
S0020551,Rose Dam N,Rose Dam,Operating,-30.51037,121.279265,Kalgoorlie-Boulder (C),Goldfields-Esperance,Eastern Goldfields Superterrane,2004,0.68,3.07,2090.0,67195,Unknown
S0239370,Sovereign,North Monger - Kal East Gold Project,Undeveloped,-30.900622,121.944673,Kalgoorlie-Boulder (C),Goldfields-Esperance,Yilgarn Craton granites,2021,1.427,1.44,2050.8,65935,2012 JORC (Australia)
S0246144,Glengarry Heap Leach Pad 11,Edjudina / Gibb River,Proposed,-29.851442,122.555772,Menzies (S),Goldfields-Esperance,Eastern Goldfields Superterrane,2025,1.45,1.41,2044.5,65732,2012 JORC (Australia)
S0231575,Vivien Gem,Vivien,Proposed,-27.959269,120.561278,Leonora (S),Goldfields-Esperance,Eastern Goldfields Superterrane,2025,0.398,5.12,2037.4,65504,2012 JORC (Australia)
S0020514,Mixy,Snake Well,Proposed,-27.952363,116.057992,Murchison (S),Mid-West,Yilgarn Craton granites,2017,0.471,4.28,2017.3,64858,2012 JORC (Australia)
S0018904,Nebo,West Musgrave,Proposed,-26.095367,127.72741,Ngaanyatjarraku (S),Goldfields-Esperance,Musgrave Province,2022,50.1,0.04,2015.0,64784,2012 JORC (Australia)
S0000389,Harrys Hill,Aldiss - Karonie,Operating,-31.044997,122.558038,Kalgoorlie-Boulder (C),Goldfields-Esperance,Eastern Goldfields Superterrane,2020,0.894,2.25,2008.3,64568,2012 JORC (Australia)
S0237481,Coote,Binduli / Maritana Minerals,Undeveloped,-30.763544,121.372825,Kalgoorlie-Boulder (C),Goldfields-Esperance,Eastern Goldfields Superterrane,2026,2.321,0.86,1996.1,64175,2012 JORC (Australia)
S0022929,Wagtail North,Halls Creek - Lamboo Gold,Care and Maintenance,-18.421159,127.353807,Halls Creek (S),Kimberley,Sally Downs Supersuite,2023,0.342,5.83,1993.3,64086,2012 JORC (Australia)
S0006403,Lady Miller,Central Norseman,Shut,-32.246816,121.806109,Dundas (S),Goldfields-Esperance,Eastern Goldfields Superterrane,2019,1.011,1.97,1988.6,63933,2012 JORC (Australia)
S0000207,Terrells,Murchison / Monument,Shut,-26.917958,118.64251,Meekatharra (S),Mid-West,Youanmi Terrane,2011,1.67,1.18,1970.0,63337,Unknown
S0002498,Mertondale 5,Leonora / Patronus,Shut,-28.585786,121.541424,Leonora (S),Goldfields-Esperance,Eastern Goldfields Superterrane,2025,1.0,1.96,1960.0,63015,2012 JORC (Australia)
S0000088,A Zone Main,Snake Well,Proposed,-28.006358,115.894539,Greater Geraldton (C),Mid-West,Youanmi Terrane,2017,0.932,2.1,1958.1,62953,2012 JORC (Australia)
S0237055,Pennys Find UG,Pennys Find,Proposed,-30.53085,121.873865,Kalgoorlie-Boulder (C),Goldfields-Esperance,Eastern Goldfields Superterrane,2023,0.428,4.57,1954.4,62836,2012 JORC (Australia)
S0005829,Weerianna,Weerianna,Undeveloped,-20.762377,117.110613,Karratha (C),Pilbara,Nickol River Basin,2018,0.976,2.0,1951.4,62739,2012 JORC (Australia)
S0000438,Lancefield Tailings,Lancefield Tailings,Shut,-28.55772,122.370636,Laverton (S),Goldfields-Esperance,Eastern Goldfields Superterrane,2021,1.548,1.25,1942.2,62443,2012 JORC (Australia)
S0006563,Sandpiper,Coyote - Western Tanami,Shut,-19.587026,128.864511,Halls Creek (S),Kimberley,Granites--Tanami Orogen,2022,0.479,4.05,1940.6,62392,2012 JORC (Australia)
S0239751,Crown,North Monger - Kal East Gold Project,Undeveloped,-30.910185,121.926918,Kalgoorlie-Boulder (C),Goldfields-Esperance,Yilgarn Craton granites,2021,1.382,1.4,1934.8,62205,2012 JORC (Australia)
S0223446,Hillside,Coolgardie Gold / Focus,Proposed,-30.948153,121.175796,Coolgardie (S),Goldfields-Esperance,Eastern Goldfields Superterrane,2019,0.437,4.4,1922.8,61819,2004 JORC (Australia)
S0003828,Harmony,Peak Hill / Aragon,Proposed,-25.652098,118.630371,Meekatharra (S),Mid-West,Bryah Basin,2026,1.005,1.91,1921.2,61768,2012 JORC (Australia)
S0022065,Otways Central,Nullagine / Millenium,Proposed,-21.918379,120.217454,East Pilbara (S),Pilbara,Mosquito Creek Basin,2016,1.78,1.07,1904.0,61215,2012 JORC (Australia)
S0020062,Goodenough,Goodenough / Kairiki,Undeveloped,-29.676896,121.077914,Menzies (S),Goldfields-Esperance,Eastern Goldfields Superterrane,2026,1.358,1.4,1903.6,61203,2012 JORC (Australia)
S0005178,Little Wonder 1,Nullagine / Millenium,Care and Maintenance,-21.861675,120.32583,East Pilbara (S),Pilbara,Mosquito Creek Basin,2018,1.16,1.64,1902.0,61151,2012 JORC (Australia)
S0020224,Mary Mac S,Laverton - Barnicoat - Karridale - Merolia / Focus,Shut,-28.649924,122.391449,Laverton (S),Goldfields-Esperance,Eastern Goldfields Superterrane,2024,1.372,1.38,1888.5,60717,2012 JORC (Australia)
S0004160,Lady Ada,Forrestania Gold,Shut,-32.241723,119.666811,Kondinin (S),Wheatbelt,Youanmi Terrane,2024,1.35,1.39,1871.1,60157,2012 JORC (Australia)
S0226236,Mount Lucky Gold Resource Gp,Mon Ami Gold,Undeveloped,-28.757311,122.505476,Laverton (S),Goldfields-Esperance,Eastern Goldfields Superterrane,2018,1.1,1.7,1870.0,60122,Unknown
S0002850,K1,Plutonic Gold,Shut,-25.101606,119.747607,Meekatharra (S),Mid-West,Eastern Goldfields Superterrane,2025,0.89,2.1,1869.0,60090,2012 JORC (Australia)
S0005429,Gunga W,Gunga West,Shut,-30.911832,121.215113,Coolgardie (S),Goldfields-Esperance,Eastern Goldfields Superterrane,2020,1.19,1.56,1856.0,59672,2012 JORC (Australia)
S0000445,Craigiemore,Laverton - Barnicoat - Karridale - Merolia / Focus,Shut,-28.658086,122.389207,Laverton (S),Goldfields-Esperance,Eastern Goldfields Superterrane,2024,1.339,1.38,1850.7,59502,2012 JORC (Australia)
S0000541,Mt Marven,Mt Morgans,Operating,-28.812806,122.175608,Laverton (S),Goldfields-Esperance,Eastern Goldfields Superterrane,2024,1.54,1.2,1848.0,59415,2012 JORC (Australia)
S0003820,Tank,Aldiss - Karonie,Operating,-31.071011,122.559452,Kalgoorlie-Boulder (C),Goldfields-Esperance,Eastern Goldfields Superterrane,2024,1.097,1.68,1841.5,59206,2012 JORC (Australia)
S0239928,Benbur,Burracoppin Gold / Forrestania,Undeveloped,-31.507116,118.554868,Merredin (S),Wheatbelt,South West Terrane,2026,2.015,0.91,1833.7,58953,2012 JORC (Australia)
S0017106,Darlek,North Widgiemooltha Gold / Mincor,Care and Maintenance,-31.499646,121.563043,Coolgardie (S),Goldfields-Esperance,Eastern Goldfields Superterrane,2020,1.613,1.13,1829.3,58813,2012 JORC (Australia)
S0234229,Geko,Bullabulling North,Operating,-30.862362,120.901857,Coolgardie (S),Goldfields-Esperance,Eastern Goldfields Superterrane,2025,1.417,1.28,1813.9,58318,2012 JORC (Australia)
S0241821,Kirgella Gift,Pinjin,Undeveloped,-30.19374,122.748306,Kalgoorlie-Boulder (C),Goldfields-Esperance,Eastern Goldfields Superterrane,2024,1.81,1.0,1810.0,58193,2012 JORC (Australia)
S0019888,Cookes Hill,Cookes Hill,Undeveloped,-20.730406,118.66051,"Port Hedland, Town Of",Pilbara,Sisters Supersuite,2003,1.5,1.18,1770.0,56907,Unknown
S0003269,Bird in the Hand,Coolgardie Gold / Focus,Shut,-30.986745,121.176211,Coolgardie (S),Goldfields-Esperance,Eastern Goldfields Superterrane,2019,0.689,2.55,1760.2,56592,2004 JORC (Australia)
S0225235,Golden Lode/Goode,Golden Lode,Operating,-30.06212,120.620351,Menzies (S),Goldfields-Esperance,Eastern Goldfields Superterrane,1989,0.21,8.3,1743.0,56039,Unknown
S0237687,Homeward Bound South,Homeward Bound South,Undeveloped,-28.839706,121.772472,Leonora (S),Goldfields-Esperance,Eastern Goldfields Superterrane,2022,1.442,1.2,1730.4,55634,2012 JORC (Australia)
S0000473,Edwards Find,Marvel Loch - Southern Cross,Shut,-31.566323,119.385885,Yilgarn (S),Wheatbelt,Youanmi Terrane,2016,0.625,2.77,1728.7,55579,2012 JORC (Australia)
S0005019,Jones Find North,South Three - Kal East,Undeveloped,-30.894652,121.950554,Kalgoorlie-Boulder (C),Goldfields-Esperance,Yilgarn Craton granites,2022,1.298,1.32,1717.2,55209,2012 JORC (Australia)
S0234978,Lydia,Garden Gully / New Murchison,Undeveloped,-26.456683,118.447787,Meekatharra (S),Mid-West,Youanmi Terrane,2026,0.962,1.78,1714.8,55132,2012 JORC (Australia)
S0239965,Euro North,Laverton - Barnicoat - Karridale - Merolia / Focus,Undeveloped,-28.726746,122.395971,Laverton (S),Goldfields-Esperance,Eastern Goldfields Superterrane,2022,0.83,2.06,1707.3,54891,2012 JORC (Australia)
S0231190,Murrin Murrinn,Malcolm Challenger Gold - Murrin Murrin,Care and Maintenance,-28.899707,121.817764,Leonora (S),Goldfields-Esperance,Eastern Goldfields Superterrane,2014,0.547,3.12,1706.6,54870,Unknown
S0237943,North Orelia,Bronzewing South / Yandal,Undeveloped,-27.318681,120.894942,Leonora (S),Goldfields-Esperance,Eastern Goldfields Superterrane,2024,1.48,1.15,1702.0,54721,2012 JORC (Australia)
S0019848,Parrot Feathers,Lindsays,Proposed,-30.327454,121.691713,Kalgoorlie-Boulder (C),Goldfields-Esperance,Eastern Goldfields Superterrane,2015,0.401,4.2,1682.3,54087,2012 JORC (Australia)
S0006542,Snook N,Gum Creek Gold,Care and Maintenance,-27.030485,119.381906,Wiluna (S),Mid-West,Youanmi Terrane,2022,0.921,1.83,1681.7,54068,2012 JORC (Australia)
S0001054,Jungle Well,Jungle Well,Care and Maintenance,-28.408451,120.999011,Leonora (S),Goldfields-Esperance,Eastern Goldfields Superterrane,2019,1.469,1.13,1658.7,53328,2012 JORC (Australia)
S0000249,Golden Spec,Blue Spec / Novo,Operating,-21.823142,120.263915,East Pilbara (S),Pilbara,Mosquito Creek Basin,2022,0.076,21.75,1653.2,53152,2012 JORC (Australia)
S0021964,Lord Percy,Maybell - Norseman,Undeveloped,-32.368757,121.801609,Dundas (S),Goldfields-Esperance,Eastern Goldfields Superterrane,2019,0.573,2.88,1650.2,53056,2012 JORC (Australia)
S0020145,Sickle,Laverton - Barnicoat - Karridale - Merolia / Focus,Shut,-28.659726,122.51391,Laverton (S),Goldfields-Esperance,Eastern Goldfields Superterrane,2011,0.74,2.23,1649.0,53017,2004 JORC (Australia)
S0000134,Kestrel,Mt Ida Gold,Undeveloped,-29.051456,120.523608,Menzies (S),Goldfields-Esperance,Eastern Goldfields Superterrane,2025,1.02,1.62,1648.0,52984,2012 JORC (Australia)
S0000881,Mt Clement,Mt Clement Antimony,Undeveloped,-22.830833,116.110053,Ashburton (S),Pilbara,Ashburton Basin,2026,2.605,0.63,1631.0,52438,2012 JORC (Australia)
S0018767,Havilah,Sandstone / Brightstar,Shut,-28.173267,119.486614,Sandstone (S),Mid-West,Youanmi Terrane,2026,1.359,1.2,1630.8,52431,2012 JORC (Australia)
S0002648,Alliance,Murchison / Monument,Proposed,-27.046033,118.467094,Cue (S),Mid-West,Youanmi Terrane,2015,0.66,2.47,1628.0,52341,"NI43-101 (Canada, version unknown)"
S0240030,Sundown,Minyari Dome,Undeveloped,-21.383405,122.252465,East Pilbara (S),Pilbara,Yeneena Basin,2026,1.09,1.49,1627.7,52332,2012 JORC (Australia)
S0004857,Lone Pine-Hill 50,Mt Magnet,Proposed,-28.075206,117.778014,Mount Magnet (S),Mid-West,Youanmi Terrane,2024,1.449,1.12,1627.1,52312,2012 JORC (Australia)
S0002650,New Alliance,Murchison / Monument,Proposed,-27.039094,118.469929,Cue (S),Mid-West,Youanmi Terrane,2015,1.32,1.22,1608.0,51698,"NI43-101 (Canada, version unknown)"
S0000101,North Royal,Central Norseman,Operating,-32.123247,121.808097,Dundas (S),Goldfields-Esperance,Eastern Goldfields Superterrane,2024,0.56,2.81,1571.8,50533,2012 JORC (Australia)
S0236385,Au81 West,Nullagine / Millenium,Care and Maintenance,-21.955911,120.152193,East Pilbara (S),Pilbara,Mosquito Creek Basin,2018,1.21,1.29,1556.0,50027,2012 JORC (Australia)
S0003510,Radio,Radio - Bullfinch,Care and Maintenance,-30.913995,119.082613,Yilgarn (S),Wheatbelt,Youanmi Terrane,2026,0.366,4.23,1547.0,49737,2012 JORC (Australia)
S0001088,Lady Jane,Zuleika North - Ora Banda / Evolution,Shut,-30.306548,120.72311,Coolgardie (S),Goldfields-Esperance,Eastern Goldfields Superterrane,2015,0.62,2.49,1543.8,49634,Unknown
S0237157,Trump,New Bulong - Boundary - Kal East Gold Project,Undeveloped,-30.728732,121.773568,Kalgoorlie-Boulder (C),Goldfields-Esperance,Eastern Goldfields Superterrane,2020,0.678,2.28,1543.7,49631,2012 JORC (Australia)
S0238296,PHB-1,Plutonic Gold,Undeveloped,-25.111707,119.734033,Meekatharra (S),Mid-West,Eastern Goldfields Superterrane,2020,0.842,1.83,1541.2,49551,2012 JORC (Australia)
S0004508,Royal Slipper,Central Norseman,Operating,-32.136187,121.807612,Dundas (S),Goldfields-Esperance,Eastern Goldfields Superterrane,2025,0.66,2.33,1535.7,49374,2012 JORC (Australia)
S0005671,Bugeye,Golden Range,Care and Maintenance,-28.988609,116.960469,Yalgoo (S),Mid-West,Youanmi Terrane,2019,1.318,1.15,1522.0,48935,2012 JORC (Australia)
S0000349,Fish,Jasper Hills ,Shut,-29.099476,123.117007,Menzies (S),Goldfields-Esperance,Burtville Terrane,2025,0.377,4.03,1520.1,48872,2012 JORC (Australia)
S0003143,Sulphur Springs Portal,Yitirrti (Sulphur Springs),Under Development,-21.146496,119.211963,East Pilbara (S),Pilbara,Soanesville Basin,2023,13.799,0.11,1520.0,48869,2012 JORC (Australia)
S0020477,Black Rabbit,Davyhurst - Lady Ida - Mulline - Riverina - Siberia Gold,Undeveloped,-30.334927,120.876308,Kalgoorlie-Boulder (C),Goldfields-Esperance,Eastern Goldfields Superterrane,2021,0.434,3.5,1519.0,48837,2012 JORC (Australia)
S0243710,Craigs Rest,Queens Gold,Undeveloped,-28.30701,121.134146,Leonora (S),Goldfields-Esperance,Yilgarn Craton granites,2024,1.096,1.38,1512.5,48627,2012 JORC (Australia)
S0003082,Spearmont,Mt Magnet,Shut,-28.010172,117.831531,Mount Magnet (S),Mid-West,Youanmi Terrane,2021,0.58,2.6,1508.0,48483,2012 JORC (Australia)
S0002501,Tims Find,Mt Ida South,Proposed,-29.168561,120.530612,Menzies (S),Goldfields-Esperance,Eastern Goldfields Superterrane,2020,0.77,1.95,1504.7,48376,2012 JORC (Australia)
S0224416,Lindsays Central,Lindsays,Undeveloped,-30.328881,121.688066,Kalgoorlie-Boulder (C),Goldfields-Esperance,Eastern Goldfields Superterrane,2015,1.362,1.1,1497.8,48154,2004 JORC (Australia)
S0000458,Hill E,Devon - Linden / Matsa,Undeveloped,-29.294767,122.451708,Leonora (S),Goldfields-Esperance,Eastern Goldfields Superterrane,2022,0.748,2.0,1496.0,48098,2012 JORC (Australia)
S0004377,Mt Dimer,Mt Dimer / Taipan,Operating,-30.390636,119.895808,Yilgarn (S),Wheatbelt,Youanmi Terrane,2021,0.723,2.07,1494.5,48051,2012 JORC (Australia)
S0003232,Windbag,Mt Magnet,Shut,-28.024606,117.787377,Mount Magnet (S),Mid-West,Youanmi Terrane,2026,0.99,1.5,1487.0,47808,2012 JORC (Australia)
S0237246,Branches,Wallbrook,Undeveloped,-29.822022,122.305427,Menzies (S),Goldfields-Esperance,Eastern Goldfields Superterrane,2026,1.34,1.11,1484.0,47712,2012 JORC (Australia)
S0235912,Chicken Ranch,Minyari Dome,Undeveloped,-21.593745,122.268504,East Pilbara (S),Pilbara,Yeneena Basin,2026,1.2,1.23,1476.0,47455,2012 JORC (Australia)
S0022810,Orchard Tank,Turner River - Orchard Well,Undeveloped,-20.768912,118.802349,"Port Hedland, Town Of",Pilbara,Sisters Supersuite,2017,2.08,0.7,1456.0,46811,2012 JORC (Australia)
S0002894,Severn,Tarmoola - King of the Hills,Undeveloped,-28.696167,121.199709,Leonora (S),Goldfields-Esperance,Eastern Goldfields Superterrane,2024,0.825,1.76,1453.5,46731,2012 JORC (Australia)
S0018758,Iron Duke,Norseman / Accent,Undeveloped,-32.264787,121.805613,Dundas (S),Goldfields-Esperance,Eastern Goldfields Superterrane,2012,0.85,1.71,1450.0,46619,2004 JORC (Australia)
S0019703,Big Blow,Coolgardie Gold / Focus,Operating,-30.973281,121.172794,Coolgardie (S),Goldfields-Esperance,Eastern Goldfields Superterrane,2024,0.921,1.57,1444.8,46451,2012 JORC (Australia)
S0022980,Angela,Nullagine / Millenium,Undeveloped,-21.966146,120.14011,East Pilbara (S),Pilbara,Mosquito Creek Basin,2016,1.11,1.3,1443.0,46394,2012 JORC (Australia)
S0022306,Discovery,Turner River - Orchard Well,Undeveloped,-20.775627,118.781107,"Port Hedland, Town Of",Pilbara,Sisters Supersuite,2017,1.39,1.04,1440.0,46297,2012 JORC (Australia)
S0004179,Authaal North,Murchison / Monument,Care and Maintenance,-27.057154,118.460223,Cue (S),Mid-West,Youanmi Terrane,2011,1.2,1.2,1440.0,46297,Unknown
S0243926,Payns,Wallbrook,Undeveloped,-29.820451,122.290027,Menzies (S),Goldfields-Esperance,Eastern Goldfields Superterrane,2026,1.2,1.2,1440.0,46297,2012 JORC (Australia)
S0237528,New Murchison King,Abbotts,Shut,-26.326637,118.393213,Meekatharra (S),Mid-West,Youanmi Terrane,2026,0.789,1.8,1420.2,45660,2012 JORC (Australia)
S0239963,Green Light,Coolgardie Gold / Focus,Undeveloped,-30.917069,121.186553,Coolgardie (S),Goldfields-Esperance,Eastern Goldfields Superterrane,2021,1.218,1.17,1419.4,45636,2012 JORC (Australia)
S0021841,Forehand,Davyhurst - Lady Ida - Mulline - Riverina - Siberia Gold,Undeveloped,-29.750456,120.574511,Menzies (S),Goldfields-Esperance,Eastern Goldfields Superterrane,2021,0.844,1.68,1419.0,45622,2012 JORC (Australia)
S0231014,Tumblegum South,Tumblegum South,Operating,-26.934587,118.647977,Meekatharra (S),Mid-West,Youanmi Terrane,2023,0.616,2.28,1404.5,45154,2012 JORC (Australia)
S0004863,Comet North,Comet / Valiant,Care and Maintenance,-27.534487,118.046908,Cue (S),Mid-West,Youanmi Terrane,2025,0.595,2.36,1402.7,45099,2012 JORC (Australia)
S0234871,Hopetoun-Endeavour,Nullagine / Millenium,Undeveloped,-21.87088,120.290376,East Pilbara (S),Pilbara,Mosquito Creek Basin,2024,1.05,1.33,1397.8,44940,2012 JORC (Australia)
S0000854,Horseshoe Lights,Horseshoe Lights,Under Development,-25.361706,118.621311,Meekatharra (S),Mid-West,Bryah Basin,2014,10.354,0.13,1393.5,44803,2012 JORC (Australia)
S0236815,Minyari South,Minyari Dome,Undeveloped,-21.38627,122.256656,East Pilbara (S),Pilbara,Yeneena Basin,2026,0.85,1.64,1392.0,44754,2012 JORC (Australia)
S0236547,Wirraminna,Central Sandstone / Brightstar,Undeveloped,-28.088978,119.247208,Sandstone (S),Mid-West,Youanmi Terrane,2020,1.158,1.2,1390.8,44715,2012 JORC (Australia)
S0000060,Tindals Pit,Coolgardie Gold / Focus,Shut,-30.988675,121.17451,Coolgardie (S),Goldfields-Esperance,Eastern Goldfields Superterrane,2019,0.545,2.54,1385.1,44532,2004 JORC (Australia)
S0001952,Copenhagen,Warrawoona Gold / AIM,Proposed,-21.305646,119.812212,East Pilbara (S),Pilbara,Warrawoona  Large Igneous Province,2020,0.3,4.6,1381.0,44400,2012 JORC (Australia)
S0000112,Gold King,Gold Duke,Proposed,-26.801819,119.951202,Wiluna (S),Mid-West,Youanmi Terrane,2026,0.806,1.71,1376.3,44249,2012 JORC (Australia)
S0236623,Coronation,Warrawoona Gold / AIM,Undeveloped,-21.301711,119.788296,East Pilbara (S),Pilbara,Warrawoona  Large Igneous Province,2023,0.8,1.72,1376.0,44239,2012 JORC (Australia)
S0246141,Senate Heap Leach Pad 7,Edjudina / Gibb River,Proposed,-29.768887,122.483748,Menzies (S),Goldfields-Esperance,Eastern Goldfields Superterrane,2025,1.118,1.23,1375.1,44212,2012 JORC (Australia)
S0004635,Leonardo,Gwalia - Leonora,Proposed,-28.932565,121.417699,Leonora (S),Goldfields-Esperance,Eastern Goldfields Superterrane,2022,0.616,2.23,1372.4,44124,2012 JORC (Australia)
S0004404,Old Prospect,Pharos,Undeveloped,-27.004797,117.788012,Cue (S),Mid-West,Youanmi Terrane,2000,0.37,3.7,1369.0,44014,Unknown
S0001127,Challenger Central,Mt McClure / Yandal,Shut,-27.566008,120.969555,Leonora (S),Goldfields-Esperance,Eastern Goldfields Superterrane,2022,0.718,1.9,1364.2,43860,2012 JORC (Australia)
S0243252,Lady Herial,Foster-Baker - Kambalda Gold,Care and Maintenance,-31.359781,121.769429,Coolgardie (S),Goldfields-Esperance,Eastern Goldfields Superterrane,2026,0.651,2.09,1360.9,43754,2012 JORC (Australia)
S0021774,Applecross,Yalgoo,Undeveloped,-28.182186,116.758667,Yalgoo (S),Mid-West,Youanmi Terrane,2021,0.996,1.36,1354.2,43537,2012 JORC (Australia)
S0223862,DeGrussa,DeGrussa - Monty,Care and Maintenance,-25.540609,119.328142,Meekatharra (S),Mid-West,Bryah Basin,2017,2.7,0.5,1350.0,43404,2012 JORC (Australia)
S0005311,Zone 102,Glenburgh,Proposed,-25.372936,116.14571,Upper Gascoyne (S),Gascoyne,Glenburgh Terrane,2020,1.4,0.96,1350.0,43404,2012 JORC (Australia)
S0005748,Homestead,Livingstone Gold,Undeveloped,-25.578595,117.782314,Meekatharra (S),Mid-West,Bryah Basin,2025,1.004,1.34,1348.0,43340,2012 JORC (Australia)
S0239950,Old Prospect North,Pharos,Undeveloped,-27.00269,117.782915,Cue (S),Mid-West,Youanmi Terrane,2021,0.624,2.16,1346.8,43300,2012 JORC (Australia)
S0005179,ABCD Reefs,Nullagine / Millenium,Shut,-21.808192,120.417091,East Pilbara (S),Pilbara,Mosquito Creek Basin,2017,0.25,5.38,1346.0,43275,2012 JORC (Australia)
S0246143,Senate Heap Leach Pad 9,Edjudina / Gibb River,Proposed,-29.768275,122.482811,Menzies (S),Goldfields-Esperance,Eastern Goldfields Superterrane,2025,0.854,1.57,1340.8,43107,2012 JORC (Australia)
S0021927,Shearers Central,Nullagine / Millenium,Proposed,-21.915907,120.210865,East Pilbara (S),Pilbara,Mosquito Creek Basin,2018,0.93,1.43,1333.0,42857,2012 JORC (Australia)
S0004302,Black Cat,Jaurdi - Cammi's Creek,Shut,-30.706236,120.910014,Coolgardie (S),Goldfields-Esperance,Eastern Goldfields Superterrane,2022,1.018,1.31,1331.5,42809,2012 JORC (Australia)
S0018866,Quicksilver,Leonora / Patronus,Undeveloped,-28.640724,121.544613,Leonora (S),Goldfields-Esperance,Eastern Goldfields Superterrane,2022,1.205,1.1,1329.9,42756,2012 JORC (Australia)
S0238098,Warbler,Yamarna / Gold Road,Undeveloped,-28.506932,123.858762,Laverton (S),Goldfields-Esperance,Yamarna Terrane,2021,0.62,2.14,1326.8,42658,2012 JORC (Australia)
S0001042,Lady Harriet,Menzies,Shut,-29.725058,121.036112,Menzies (S),Goldfields-Esperance,Eastern Goldfields Superterrane,2025,1.11,1.19,1325.0,42600,2012 JORC (Australia)
S0023356,Pegasus,Reedy South,Operating,-27.150737,118.260607,Cue (S),Mid-West,Youanmi Terrane,2020,0.778,1.7,1322.6,42523,2012 JORC (Australia)
S0000202,Canterbury,Murchison / Monument,Care and Maintenance,-26.922007,118.645607,Meekatharra (S),Mid-West,Youanmi Terrane,2011,1.2,1.1,1320.0,42439,Unknown
S0004172,Reward,Murchison / Monument,Shut,-27.051615,118.457809,Cue (S),Mid-West,Yilgarn Craton granites,2011,1.2,1.1,1320.0,42439,Unknown
S0004097,Toedter NE,Gum Creek Gold,Care and Maintenance,-26.822133,119.345149,Meekatharra (S),Mid-West,Youanmi Terrane,2025,1.004,1.31,1316.2,42318,2012 JORC (Australia)
S0002430,Lord Bob,Coolgardie Gold / Focus,Shut,-31.028877,121.103525,Coolgardie (S),Goldfields-Esperance,Eastern Goldfields Superterrane,2005,0.82,1.6,1312.0,42182,2004 JORC (Australia)
S0017107,Bass,North Widgiemooltha Gold / Mincor,Shut,-31.508195,121.572614,Coolgardie (S),Goldfields-Esperance,Eastern Goldfields Superterrane,2019,0.664,1.97,1305.0,41957,2012 JORC (Australia)
S0000267,Grace Darling,Grace Darling,Under Development,-30.392884,121.31889,Kalgoorlie-Boulder (C),Goldfields-Esperance,Eastern Goldfields Superterrane,1991,0.13,10.0,1300.0,41796,Unknown
S0020968,Battler,Battler / IMD,Care and Maintenance,-31.346346,119.389607,Yilgarn (S),Wheatbelt,Youanmi Terrane,2013,0.452,2.86,1293.2,41577,Unknown
S0223962,Gift,Ravensthorpe Gold,Undeveloped,-33.671297,120.192524,Ravensthorpe (S),Goldfields-Esperance,Youanmi Terrane,2025,0.77,1.66,1282.0,41217,2012 JORC (Australia)
S0003099,Python,Marda / Southern Cross,Care and Maintenance,-30.203487,119.272916,Yilgarn (S),Wheatbelt,Youanmi Terrane,2025,0.916,1.4,1281.9,41213,2012 JORC (Australia)
S0000863,Champion,Kookynie / Arika,Shut,-29.301697,121.47841,Menzies (S),Goldfields-Esperance,Yilgarn Craton granites,2022,0.76,1.69,1281.0,41185,2012 JORC (Australia)
S0002672,Golden Dragon Pit,Central Norseman,Shut,-32.138686,121.785311,Dundas (S),Goldfields-Esperance,Eastern Goldfields Superterrane,2019,0.296,4.31,1276.0,41023,2012 JORC (Australia)
S0020811,Enigma,Peak Hill West,Undeveloped,-25.666397,118.65691,Meekatharra (S),Mid-West,Bryah Basin,2026,0.704,1.8,1267.2,40741,2012 JORC (Australia)
S0019413,Bindah,Fortitude,Undeveloped,-29.334757,122.553506,Menzies (S),Goldfields-Esperance,Eastern Goldfields Superterrane,2021,0.526,2.38,1252.8,40278,2012 JORC (Australia)
S0032543,St Annes North,Murchison Gold - Andy Well - Gnaweeda,Operating,-26.358046,118.77904,Meekatharra (S),Mid-West,Youanmi Terrane,2024,0.4,3.1,1240.0,39867,2012 JORC (Australia)
S0005119,Golden Crown South,Butchers Creek Gold,Shut,-18.324409,127.845671,Halls Creek (S),Kimberley,"Lamboo Province, Eastern Zone",2021,0.4,3.1,1240.0,39867,2012 JORC (Australia)
S0004424,Bells,Laverton - Barnicoat - Karridale - Merolia / Focus,Undeveloped,-28.659717,122.496011,Laverton (S),Goldfields-Esperance,Eastern Goldfields Superterrane,2008,0.63,1.97,1238.4,39815,2004 JORC (Australia)
S0021894,Centenary,Parker Range - Olga Rocks,Operating,-31.613838,119.595498,Yilgarn (S),Wheatbelt,Youanmi Terrane,2012,0.557,2.22,1237.2,39777,Unknown
S0246228,Quartet,Coolgardie Gold / Focus,Undeveloped,-31.057797,120.95077,Coolgardie (S),Goldfields-Esperance,Eastern Goldfields Superterrane,2025,1.134,1.09,1235.7,39730,Unknown
S0001947,Maybelle,Tuckanarra Gold,Shut,-27.110269,118.076967,Cue (S),Mid-West,Youanmi Terrane,2023,0.66,1.87,1233.0,39642,2012 JORC (Australia)
S0230335,Second Fortune U/G,Linden Gold,Care and Maintenance,-29.375745,122.435872,Menzies (S),Goldfields-Esperance,Eastern Goldfields Superterrane,2025,0.092,13.38,1230.8,39571,2012 JORC (Australia)
S0000109,Eagle North,Gold Duke,Proposed,-26.753003,119.955731,Wiluna (S),Mid-West,Youanmi Terrane,2026,0.647,1.9,1229.4,39526,2012 JORC (Australia)
S0004971,Newhaven,Phillips Find,Care and Maintenance,-30.612844,120.965996,Coolgardie (S),Goldfields-Esperance,Eastern Goldfields Superterrane,2026,0.534,2.3,1228.6,39500,2012 JORC (Australia)
S0240192,Burbanks South,Burbanks / REG,Undeveloped,-31.035053,121.131321,Coolgardie (S),Goldfields-Esperance,Eastern Goldfields Superterrane,2026,0.599,2.05,1228.0,39480,2012 JORC (Australia)
S0021569,Roscoes Reward ,Nullagine / Millenium,Care and Maintenance,-21.864574,120.317308,East Pilbara (S),Pilbara,Mosquito Creek Basin,2017,0.9,1.36,1228.0,39481,2012 JORC (Australia)
S0023460,Just Desserts,Yuinmery Copper-Gold,Undeveloped,-28.580726,118.89945,Sandstone (S),Mid-West,Youanmi Terrane,2016,2.52,0.49,1225.6,39404,2012 JORC (Australia)
S0237070,Greencock - Archie Rose,Dalgaranga - Gilbeys,Undeveloped,-27.795749,117.226896,Yalgoo (S),Mid-West,Yilgarn Craton granites,2022,1.21,1.01,1222.1,39291,2012 JORC (Australia)
S0238429,Western Princess,Western Queen - Warda Warra,Undeveloped,-27.52795,117.12765,Yalgoo (S),Mid-West,Youanmi Terrane,2026,0.74,1.65,1222.0,39288,2012 JORC (Australia)
S0004878,Boundary,New Bulong - Boundary - Kal East Gold Project,Care and Maintenance,-30.718635,121.777003,Kalgoorlie-Boulder (C),Goldfields-Esperance,Eastern Goldfields Superterrane,2020,0.627,1.94,1218.7,39182,2012 JORC (Australia)
S0239409,HMS Sulphur,Mt McClure / Yandal,Undeveloped,-27.510366,120.937397,Leonora (S),Goldfields-Esperance,Eastern Goldfields Superterrane,2023,1.012,1.2,1214.4,39044,2012 JORC (Australia)
S0003110,Area 4,Plutonic Gold,Care and Maintenance,-25.316045,119.481806,Meekatharra (S),Mid-West,Eastern Goldfields Superterrane,2019,1.48,0.81,1204.4,38723,2012 JORC (Australia)
S0229610,Jolly Briton,Coolgardie Gold / Focus,Undeveloped,-30.915707,121.164443,Coolgardie (S),Goldfields-Esperance,Eastern Goldfields Superterrane,2022,0.9,1.33,1197.0,38484,2012 JORC (Australia)
S0004705,Albatross,Plutonic Gold,Shut,-25.209325,119.645213,Meekatharra (S),Mid-West,Eastern Goldfields Superterrane,2020,0.853,1.4,1194.2,38394,2012 JORC (Australia)
S0241719,Berwick,Karlawinda Gold,Under Development,-23.778773,120.123172,Meekatharra (S),Mid-West,Collier Basin,2024,1.7,0.7,1190.0,38259,2012 JORC (Australia)
S0002238,Mugs Luck,Golden Range,Proposed,-29.103354,117.0046,Perenjori (S),Mid-West,Youanmi Terrane,2019,0.713,1.67,1188.4,38208,2012 JORC (Australia)
S0001930,British King,British King,Care and Maintenance,-27.939629,121.243194,Leonora (S),Goldfields-Esperance,Eastern Goldfields Superterrane,2025,0.263,4.51,1185.4,38111,"NI43-101 (Canada, version unknown)"
S0019719,Southern,Mt Eureka Gold,Undeveloped,-26.604886,121.537112,Wiluna (S),Mid-West,Eastern Goldfields Superterrane,2022,0.946,1.25,1184.7,38088,2012 JORC (Australia)
S0022979,North Star,Malcolm,Shut,-28.939897,121.503008,Leonora (S),Goldfields-Esperance,Eastern Goldfields Superterrane,2018,0.142,8.3,1180.3,37946,Unknown
S0239727,Orion,Tarraji,Undeveloped,-16.56072,124.199018,Derby/West Kimberley (S),Kimberley,"Lamboo Province, Western Zone",2025,1.17,1.0,1170.0,37616,2012 JORC (Australia)
S0224654,Violet,Mt Holland Gold / Kidman,Undeveloped,-32.127597,119.785247,Yilgarn (S),Wheatbelt,Youanmi Terrane,2010,1.038,1.12,1161.2,37334,Unknown
S0236341,Lady Lila South,Forrestania Gold / Forrestania,Undeveloped,-32.238405,119.713589,Kondinin (S),Wheatbelt,Youanmi Terrane,2026,0.781,1.48,1157.1,37201,2012 JORC (Australia)
S0000132,Fieldings Gully,Warrawoona Gold / AIM,Undeveloped,-21.306146,119.762911,East Pilbara (S),Pilbara,Soanesville Basin,2020,0.63,1.84,1157.1,37202,2012 JORC (Australia)
S0246139,Senate Heap Leach Pad 5,Edjudina / Gibb River,Proposed,-29.768544,122.483654,Menzies (S),Goldfields-Esperance,Eastern Goldfields Superterrane,2025,0.973,1.18,1148.1,36914,2012 JORC (Australia)
S0235008,Cannon UG,Cannon,Under Development,-30.816281,121.762912,Kalgoorlie-Boulder (C),Goldfields-Esperance,Eastern Goldfields Superterrane,2024,0.29,3.94,1142.0,36716,2012 JORC (Australia)
S0020632,Flinders,North Widgiemooltha Gold / Mincor,Care and Maintenance,-31.487757,121.556312,Coolgardie (S),Goldfields-Esperance,Eastern Goldfields Superterrane,2019,0.842,1.35,1139.9,36649,2012 JORC (Australia)
S0243253,Hustler,Foster-Baker - Kambalda Gold,Operating,-31.360681,121.771062,Coolgardie (S),Goldfields-Esperance,Eastern Goldfields Superterrane,2026,0.826,1.38,1139.3,36629,2012 JORC (Australia)
S0021254,Aurora,Laverton - Barnicoat - Karridale - Merolia / Focus,Undeveloped,-28.630347,122.324312,Laverton (S),Goldfields-Esperance,Eastern Goldfields Superterrane,2024,1.039,1.1,1139.1,36624,2012 JORC (Australia)
S0000516,Mt Fisher,Mt Fisher Gold,Shut,-26.846,121.485476,Wiluna (S),Mid-West,Eastern Goldfields Superterrane,2022,0.464,2.43,1128.5,36283,2012 JORC (Australia)
S0005862,Paradise Bore,Mt Forrest - Bulga Downs Gold,Undeveloped,-28.693397,119.960612,Menzies (S),Goldfields-Esperance,Youanmi Terrane,2003,0.4,2.8,1120.0,36009,Unknown
S0000236,Gold Hill,Randwick - Gold Hill,Shut,-28.681485,121.682612,Leonora (S),Goldfields-Esperance,Eastern Goldfields Superterrane,1993,0.553,2.02,1116.5,35898,Unknown
S0003258,Triton UG,Reedy,Operating,-27.133348,118.26771,Cue (S),Mid-West,Youanmi Terrane,2025,0.296,3.76,1114.1,35819,2012 JORC (Australia)
S0239005,Amarillo,Cue Gold,Operating,-27.688676,117.823777,Cue (S),Mid-West,Youanmi Terrane,2024,0.73,1.53,1114.0,35816,2012 JORC (Australia)
S0246140,Senate Heap Leach Pad 6,Edjudina / Gibb River,Proposed,-29.768713,122.483705,Menzies (S),Goldfields-Esperance,Eastern Goldfields Superterrane,2025,0.635,1.75,1111.2,35728,2012 JORC (Australia)
S0003800,Buffalo,Parker Range - Olga Rocks,Proposed,-31.656581,119.577477,Yilgarn (S),Wheatbelt,Youanmi Terrane,2015,0.426,2.61,1109.7,35679,2012 JORC (Australia)
S0000570,Redcliffe,Redcliffe,Shut,-28.420664,121.552834,Leonora (S),Goldfields-Esperance,Eastern Goldfields Superterrane,2021,0.93,1.19,1106.7,35581,2012 JORC (Australia)
S0000002,Albury Heath,Albury Heath,Operating,-26.787357,118.574415,Meekatharra (S),Mid-West,Youanmi Terrane,2019,0.528,2.09,1103.5,35479,2012 JORC (Australia)
S0022835,Mission,Darlot / Leopard,Undeveloped,-27.800759,121.265336,Leonora (S),Goldfields-Esperance,Eastern Goldfields Superterrane,2022,0.509,2.16,1101.8,35424,2012 JORC (Australia)
S0020154,Golden Treasure,Mt Magnet,Shut,-27.963416,117.832011,Mount Magnet (S),Mid-West,Youanmi Terrane,2023,0.9,1.22,1098.0,35302,2012 JORC (Australia)
S0000095,Ajax,Central Norseman,Shut,-32.201185,121.801211,Dundas (S),Goldfields-Esperance,Eastern Goldfields Superterrane,2019,0.084,13.0,1092.0,35109,2012 JORC (Australia)
S0003919,Great Western,Great Western,Care and Maintenance,-28.317041,121.180502,Leonora (S),Goldfields-Esperance,Yilgarn Craton granites,2024,0.385,2.82,1085.0,34884,2012 JORC (Australia)
S0003348,Jubilee-J2,Peak Hill / Aragon,Shut,-25.619525,118.718212,Meekatharra (S),Mid-West,"Yilgarn Craton, Marymia Inlier",2026,0.47,2.29,1078.5,34675,2012 JORC (Australia)
S0021967,Harrods,Wilthorpe,Undeveloped,-25.543376,118.361713,Meekatharra (S),Mid-West,Padbury Basin,2014,0.712,1.51,1075.8,34588,Unknown
S0004721,Lights of Israel UG,Davyhurst - Lady Ida - Mulline - Riverina - Siberia Gold,Proposed,-30.029257,120.661707,Menzies (S),Goldfields-Esperance,Eastern Goldfields Superterrane,2021,0.254,4.23,1074.2,34536,2012 JORC (Australia)
S0238825,Providence,Mt Monger North,Undeveloped,-31.005518,121.810648,Kalgoorlie-Boulder (C),Goldfields-Esperance,Eastern Goldfields Superterrane,2022,0.409,2.61,1066.9,34303,2012 JORC (Australia)
S0226095,Torino,Glenburgh,Proposed,-25.416574,116.074284,Upper Gascoyne (S),Gascoyne,Glenburgh Terrane,2020,0.7,1.51,1060.0,34080,2012 JORC (Australia)
S0239632,Lancefield Far North,Laverton - Barnicoat - Karridale - Merolia / Focus,Undeveloped,-28.481123,122.414311,Laverton (S),Goldfields-Esperance,Eastern Goldfields Superterrane,2022,0.79,1.34,1058.6,34035,2012 JORC (Australia)
S0235977,Jack Ryan UG,Reedy,Care and Maintenance,-27.097651,118.279248,Cue (S),Mid-West,Youanmi Terrane,2025,0.551,1.91,1052.8,33848,2012 JORC (Australia)
S0003797,Blue Funnel UG,Broads Dam South - Blue Funnel,Shut,-30.583204,121.125146,Coolgardie (S),Goldfields-Esperance,Yilgarn Craton,2015,0.37,2.83,1046.8,33655,Unknown
S0002086,Welcome - Baxters,Mt Magnet,Shut,-27.955276,117.834612,Mount Magnet (S),Mid-West,Youanmi Terrane,2023,0.62,1.67,1035.0,33276,2012 JORC (Australia)
S0237750,Cleo,Rebecca,Undeveloped,-30.351074,122.844557,Kalgoorlie-Boulder (C),Goldfields-Esperance,Eastern Goldfields Superterrane,2023,0.96,1.08,1033.0,33212,2012 JORC (Australia)
S0003089,Hawk,Gum Creek Gold,Shut,-27.293946,119.431405,Sandstone (S),Mid-West,Youanmi Terrane,2025,0.758,1.36,1027.7,33040,2012 JORC (Australia)
S0017105,West Oliver South,North Widgiemooltha Gold / Mincor,Care and Maintenance,-31.494078,121.559412,Coolgardie (S),Goldfields-Esperance,Eastern Goldfields Superterrane,2019,0.631,1.63,1026.6,33006,2012 JORC (Australia)
S0019998,Bottom Camp,Gold Duke,Undeveloped,-26.708592,119.966769,Wiluna (S),Mid-West,Youanmi Terrane,2021,0.64,1.6,1024.0,32922,2012 JORC (Australia)
S0234210,Monument,Cannon,Undeveloped,-30.820796,121.753456,Kalgoorlie-Boulder (C),Goldfields-Esperance,Eastern Goldfields Superterrane,2024,0.92,1.11,1021.2,32832,2012 JORC (Australia)
S0239263,Lake Cowan,Polar Bear Gold,Undeveloped,-31.827975,121.87908,Coolgardie (S),Goldfields-Esperance,Eastern Goldfields Superterrane,2025,0.328,3.1,1017.4,32710,2012 JORC (Australia)
S0019115,Newfield Central,Newington Gold,Shut,-30.494935,118.891413,Yilgarn (S),Wheatbelt,Youanmi Terrane,2009,0.072,14.12,1016.3,32675,Unknown
S0006503,Eureka,Central Sandstone / Brightstar,Proposed,-28.095717,119.248976,Sandstone (S),Mid-West,Youanmi Terrane,2021,1.121,0.91,1016.0,32665,2012 JORC (Australia)
S0021934,Bombay,Mt Ida Gold,Undeveloped,-29.051635,120.418307,Menzies (S),Goldfields-Esperance,Eastern Goldfields Superterrane,2025,0.741,1.37,1014.3,32611,2012 JORC (Australia)
S0003578,Bull Terrier,Yerilla,Undeveloped,-29.489506,121.92451,Menzies (S),Goldfields-Esperance,Yilgarn Craton granites,2005,0.527,1.92,1011.8,32531,Unknown
S0000836,Bounty N Pit,Mt Holland Gold / Kidman,Shut,-32.090997,119.775324,Yilgarn (S),Wheatbelt,Youanmi Terrane,2010,0.717,1.41,1011.4,32518,Unknown
S0000352,Jeffreys,Jeffreys Find,Care and Maintenance,-31.94642,122.151147,Dundas (S),Goldfields-Esperance,Eastern Goldfields Superterrane,2023,0.87,1.16,1010.2,32479,2012 JORC (Australia)
S0246974,Armstrong,Revere,Undeveloped,-25.974527,118.989657,Meekatharra (S),Mid-West,Yerrida Basin,2026,2.01,0.5,1005.0,32312,2012 JORC (Australia)
S0021475,Sunraysia,Davyhurst - Lady Ida - Mulline - Riverina - Siberia Gold,Proposed,-29.801533,120.570274,Menzies (S),Goldfields-Esperance,Eastern Goldfields Superterrane,2013,0.493,2.04,1003.5,32263,2012 JORC (Australia)
S0004465,Theakston,Mt Magnet,Shut,-28.074292,117.785218,Mount Magnet (S),Mid-West,Youanmi Terrane,2024,0.83,1.2,996.0,32022,2012 JORC (Australia)
S0005892,Bartus,Mt Magnet,Shut,-28.087196,117.803812,Mount Magnet (S),Mid-West,Youanmi Terrane,2023,0.83,1.2,996.0,32022,2012 JORC (Australia)
S0001357,Mons Cupri Ox,Whim Creek - Mons Cupri,Care and Maintenance,-20.881539,117.808033,Karratha (C),Pilbara,Mallina Basin,2026,6.31,0.16,995.4,32003,2012 JORC (Australia)
S0005302,Golden Slipper,Mt Dimer,Shut,-30.399426,119.813422,Yilgarn (S),Wheatbelt,Yilgarn Craton granites,2024,0.312,3.18,993.3,31935,2012 JORC (Australia)
S0238439,Lady Charlotte,Coolgardie Gold / Focus,Undeveloped,-30.983626,121.17987,Coolgardie (S),Goldfields-Esperance,Eastern Goldfields Superterrane,2023,0.78,1.27,991.0,31861,2012 JORC (Australia)
S0001153,E Jaspilite,Mt Magnet,Shut,-27.982576,117.828211,Mount Magnet (S),Mid-West,Youanmi Terrane,2020,0.4,2.48,991.0,31861,2012 JORC (Australia)
S0019406,Waugh,Ashburton / Kalamazoo,Shut,-23.420614,117.929113,Meekatharra (S),Mid-West,Turee Creek Basin,2023,0.51,1.94,990.8,31855,2012 JORC (Australia)
S0003519,Kanowna Star N,North Kanowna Star,Undeveloped,-30.474214,121.550311,Kalgoorlie-Boulder (C),Goldfields-Esperance,Eastern Goldfields Superterrane,2020,0.716,1.37,977.9,31440,2012 JORC (Australia)
S0242461,Cloudkicker,Garden Gully / New Murchison,Operating,-26.447458,118.469527,Meekatharra (S),Mid-West,Youanmi Terrane,2026,0.5,1.95,975.1,31350,2012 JORC (Australia)
S0004871,Mareast,Plutonic Gold,Shut,-25.154287,119.66231,Meekatharra (S),Mid-West,Eastern Goldfields Superterrane,2025,0.61,1.6,975.0,31347,2012 JORC (Australia)
S0003956,Fingals E 1,North Monger - Kal East Gold Project,Shut,-30.968397,121.898112,Kalgoorlie-Boulder (C),Goldfields-Esperance,Eastern Goldfields Superterrane,2021,0.59,1.65,974.7,31337,2012 JORC (Australia)
S0019053,First Hit,Riverina East - First Hit Gold,Shut,-29.67185,120.576959,Menzies (S),Goldfields-Esperance,Eastern Goldfields Superterrane,2025,0.137,7.1,972.3,31259,2012 JORC (Australia)
S0000031,Bellchambers,Bellchambers - Sandstone,Undeveloped,-28.162015,119.140308,Sandstone (S),Mid-West,Youanmi Terrane,2025,0.762,1.27,971.3,31229,2012 JORC (Australia)
S0005236,Baron Rothschild,Fields Find - The Baron,Undeveloped,-29.06843,117.432855,Yalgoo (S),Mid-West,Youanmi Terrane,2019,0.693,1.4,970.2,31193,2012 JORC (Australia)
S0245812,Trident West,Plutonic Gold,Operating,-25.170069,119.632109,Meekatharra (S),Mid-West,Yilgarn Craton granites,2024,0.7,1.39,970.0,31186,2012 JORC (Australia)
S0002419,Zelica,Zelica Gold,Care and Maintenance,-29.216828,122.174916,Leonora (S),Goldfields-Esperance,Eastern Goldfields Superterrane,2018,0.571,1.66,949.1,30514,2004 JORC (Australia)
S0242127,Merriyulah,Menzies,Proposed,-29.713649,121.030913,Menzies (S),Goldfields-Esperance,Eastern Goldfields Superterrane,2025,0.9,1.05,948.0,30479,2012 JORC (Australia)
S0239470,Fender UG,Cue Gold - Central Murchison,Operating,-27.344475,117.63455,Cue (S),Mid-West,Youanmi Terrane,2026,0.351,2.7,947.7,30470,2012 JORC (Australia)
S0001058,Bulldog,Laverton - Barnicoat - Karridale - Merolia / Focus,Shut,-28.646165,122.377511,Laverton (S),Goldfields-Esperance,Eastern Goldfields Superterrane,2024,0.667,1.42,947.6,30465,2012 JORC (Australia)
S0003894,Yellow Aster Deeps,Kathleen Valley Gold / ANI,Shut,-27.510907,120.57035,Leonora (S),Goldfields-Esperance,Yilgarn Craton,2018,0.391,2.42,945.8,30408,2012 JORC (Australia)
S0002217,Golden Ridge,Golden Ridge,Care and Maintenance,-30.847831,121.667355,Kalgoorlie-Boulder (C),Goldfields-Esperance,Eastern Goldfields Superterrane,2020,0.52,1.82,945.6,30402,2012 JORC (Australia)
S0000688,Turtle,Richenda River - Turtle,Undeveloped,-17.416357,125.311807,Derby/West Kimberley (S),Kimberley,"Lamboo Province, Western Zone",1987,0.25,3.75,937.5,30141,Unknown
S0000078,Callion,Davyhurst - Lady Ida - Mulline - Riverina - Siberia Gold,Proposed,-30.117139,120.582916,Menzies (S),Goldfields-Esperance,Youanmi Terrane,2020,0.269,3.48,936.5,30109,2012 JORC (Australia)
S0020509,Breens Cu,Bamboo Creek Gold,Undeveloped,-21.099957,119.365007,East Pilbara (S),Pilbara,Warrawoona  Large Igneous Province,2003,2.6,0.36,936.0,30093,Unknown
S0006495,Round Hill,Nullagine / Millenium,Care and Maintenance,-21.861984,120.346574,East Pilbara (S),Pilbara,Mosquito Creek Basin,2016,0.46,2.03,936.0,30093,2012 JORC (Australia)
S0238193,Gladiator West,Laverton - Barnicoat - Karridale - Merolia / Focus,Undeveloped,-28.61974,122.354561,Laverton (S),Goldfields-Esperance,Eastern Goldfields Superterrane,2024,1.132,0.82,928.1,29838,2012 JORC (Australia)
S0240494,Belvedere Leases,Paulsens,Shut,-22.615701,116.290488,Ashburton (S),Pilbara,South Pilbara Sub-basin,2023,0.139,6.66,925.7,29762,2012 JORC (Australia)
S0229866,Alicia,Coolgardie Gold / Focus,Operating,-30.988536,121.172631,Coolgardie (S),Goldfields-Esperance,Eastern Goldfields Superterrane,2024,0.67,1.37,916.6,29469,2012 JORC (Australia)
S0242986,Duplex,Montague Gold,Undeveloped,-27.428326,119.547872,Sandstone (S),Mid-West,Yilgarn Craton granites,2026,1.005,0.9,904.5,29080,2012 JORC (Australia)
S0246240,Jupiter - Mt Ida,Mt Ida Gold,Undeveloped,-29.084306,120.446462,Menzies (S),Goldfields-Esperance,Eastern Goldfields Superterrane,2026,0.496,1.8,892.8,28704,2012 JORC (Australia)
S0240953,Queen Alexandra,Redcastle Gold,Operating,-28.989573,121.924317,Leonora (S),Goldfields-Esperance,Eastern Goldfields Superterrane,2025,0.265,3.34,886.1,28489,2012 JORC (Australia)
S0223569,Mesa,Redcliffe,Shut,-28.429246,121.553096,Leonora (S),Goldfields-Esperance,Eastern Goldfields Superterrane,2021,0.85,1.04,884.0,28421,2012 JORC (Australia)
S0006414,Italia,Aldiss - Karonie,Undeveloped,-31.216996,122.58031,Kalgoorlie-Boulder (C),Goldfields-Esperance,Eastern Goldfields Superterrane,2021,0.55,1.6,880.0,28293,2012 JORC (Australia)
S0002882,Penny West,Penny Gold,Operating,-28.853882,118.810438,Sandstone (S),Mid-West,Youanmi Terrane,2025,0.092,9.5,874.0,28100,2012 JORC (Australia)
S0020408,Tigermoth,Sandstone / Brightstar,Proposed,-28.082086,119.375911,Sandstone (S),Mid-West,Youanmi Terrane,2018,0.504,1.73,871.9,28033,2012 JORC (Australia)
S0020507,Tuxedo,Glenburgh,Proposed,-25.395154,116.099655,Upper Gascoyne (S),Gascoyne,Glenburgh Terrane,2020,1.5,0.58,870.0,27971,2012 JORC (Australia)
S0237211,Gordons Dam,Gordons,Undeveloped,-30.420924,121.539519,Kalgoorlie-Boulder (C),Goldfields-Esperance,Eastern Goldfields Superterrane,2026,0.693,1.25,866.2,27851,2012 JORC (Australia)
S0005176,All Nations Main,Nullagine / Millenium,Care and Maintenance,-21.866346,120.304703,East Pilbara (S),Pilbara,Mosquito Creek Basin,2018,0.65,1.33,862.0,27714,2012 JORC (Australia)
S0238405,McClaren,Central Sandstone / Brightstar,Undeveloped,-28.092408,119.282416,Sandstone (S),Mid-West,Youanmi Terrane,2020,0.587,1.46,855.9,27518,2012 JORC (Australia)
S0229433,Romulus,Ashburton / Kalamazoo,Undeveloped,-23.38478,117.74526,Meekatharra (S),Mid-West,Ashburton Basin,2011,0.329,2.6,855.4,27502,2012 JORC (Australia)
S0005557,Bushpig,Mt Holland Gold / Kidman,Shut,-32.127317,119.739512,Yilgarn (S),Wheatbelt,Youanmi Terrane,2010,0.743,1.15,853.9,27454,Unknown
S0004331,Minjar M1,Golden Range,Care and Maintenance,-28.830326,116.937219,Yalgoo (S),Mid-West,Youanmi Terrane,2019,0.293,2.9,849.0,27296,2012 JORC (Australia)
S0000160,Patricia Jean,Coolgardie Gold / Focus,Shut,-30.909996,121.164331,Coolgardie (S),Goldfields-Esperance,Eastern Goldfields Superterrane,2022,0.39,2.17,846.3,27209,2012 JORC (Australia)
S0224970,Harrods South,Wilthorpe,Undeveloped,-25.551867,118.35913,Meekatharra (S),Mid-West,Padbury Basin,2014,0.545,1.55,844.8,27159,Unknown
S0004943,Hibernian,Egerton,Undeveloped,-24.938833,117.749667,Upper Gascoyne (S),Gascoyne,Capricorn Orogen,2021,0.27,3.12,842.0,27071,2012 JORC (Australia)
S0020761,Hammer and Tap,North Monger - Kal East Gold Project,Undeveloped,-30.968617,121.838511,Kalgoorlie-Boulder (C),Goldfields-Esperance,Eastern Goldfields Superterrane,2020,0.35,2.4,840.0,27007,2012 JORC (Australia)
S0246910,Pluto,Mt Ida Gold,Undeveloped,-29.03508,120.410814,Menzies (S),Goldfields-Esperance,Eastern Goldfields Superterrane,2026,0.289,2.9,838.1,26946,2012 JORC (Australia)
S0000469,Star of Mangaroon,Mangaroon Gold,Care and Maintenance,-23.867585,115.746111,Upper Gascoyne (S),Gascoyne,Gascoyne Province,2025,0.076,11.08,837.5,26927,2012 JORC (Australia)
S0022586,Neves,Lindsays,Undeveloped,-30.333782,121.690813,Kalgoorlie-Boulder (C),Goldfields-Esperance,Eastern Goldfields Superterrane,2015,0.529,1.58,834.5,26828,2004 JORC (Australia)
S0029615,Hastie,South Telfer - Hasties,Undeveloped,-21.827296,122.15916,East Pilbara (S),Pilbara,Yeneena Basin,2025,0.87,0.95,829.7,26677,2012 JORC (Australia)
S0021283,Wombola Dam,North Monger - Kal East Gold Project,Care and Maintenance,-31.003427,121.823266,Kalgoorlie-Boulder (C),Goldfields-Esperance,Eastern Goldfields Superterrane,2015,0.297,2.79,828.0,26621,2012 JORC (Australia)
S0000699,Goat Farm,Central Sandstone / Brightstar,Shut,-28.089206,119.252208,Sandstone (S),Mid-West,Youanmi Terrane,2020,0.796,1.03,818.5,26315,2012 JORC (Australia)
S0246686,Neptune,Mt Ida Gold,Undeveloped,-29.077696,120.512411,Menzies (S),Goldfields-Esperance,Eastern Goldfields Superterrane,2026,0.524,1.56,818.2,26306,2012 JORC (Australia)
S0003764,Spring Hill,Parker Range - Olga Rocks,Undeveloped,-31.662046,119.575609,Yilgarn (S),Wheatbelt,Youanmi Terrane,2010,0.407,2.0,813.4,26151,Unknown
S0020226,Euro - Laverton W,Laverton - Barnicoat - Karridale - Merolia / Focus,Shut,-28.737445,122.400309,Laverton (S),Goldfields-Esperance,Eastern Goldfields Superterrane,2022,0.57,1.41,805.3,25891,2012 JORC (Australia)
S0000913,Sharks Gully,Sharks Gully - Kangaroo Flats,Shut,-21.468796,119.616106,East Pilbara (S),Pilbara,Warrawoona  Large Igneous Province,1985,1.0,0.8,800.0,25721,Unknown
S0239709,Observation,GBF Paris ,Undeveloped,-31.570653,121.966491,Coolgardie (S),Goldfields-Esperance,Eastern Goldfields Superterrane,2024,0.279,2.85,796.5,25608,2012 JORC (Australia)
S0006687,Golden Orb,Marda / Southern Cross,Operating,-30.285627,119.182307,Yilgarn (S),Wheatbelt,Youanmi Terrane,2025,0.51,1.56,795.6,25579,2012 JORC (Australia)
S0004115,Grouse South,Laverton - Barnicoat - Karridale - Merolia / Focus,Shut,-28.616501,122.500408,Laverton (S),Goldfields-Esperance,Eastern Goldfields Superterrane,2011,0.474,1.68,795.0,25560,2004 JORC (Australia)
S0005359,Manikato,Gum Creek Gold,Shut,-27.427587,119.458208,Sandstone (S),Mid-West,Youanmi Terrane,2022,0.454,1.75,793.8,25522,2012 JORC (Australia)
S0023441,Red Dale,Eastern Lefroy,Undeveloped,-31.094055,122.021327,Kalgoorlie-Boulder (C),Goldfields-Esperance,Eastern Goldfields Superterrane,2020,0.67,1.18,792.4,25476,2012 JORC (Australia)
S0021404,Specimen Well,Gum Creek Gold,Care and Maintenance,-26.859706,119.364008,Wiluna (S),Mid-West,Youanmi Terrane,2025,0.545,1.45,791.5,25448,2012 JORC (Australia)
S0237962,Capricorn,Windanya,Undeveloped,-30.354497,121.254933,Kalgoorlie-Boulder (C),Goldfields-Esperance,Eastern Goldfields Superterrane,2022,0.659,1.2,791.2,25436,2012 JORC (Australia)
S0240856,Flagpole,Side Well,Undeveloped,-26.59903,118.587961,Meekatharra (S),Mid-West,Youanmi Terrane,2025,0.494,1.6,790.4,25412,2012 JORC (Australia)
S0000072,Taurus,Bulong - Taurus Eluvials,Undeveloped,-30.718107,121.844813,Kalgoorlie-Boulder (C),Goldfields-Esperance,Eastern Goldfields Superterrane,1993,0.5,1.58,790.0,25399,Unknown
S0224223,Dulcie,Dulcie - Fortuna - Parker Range,Undeveloped,-31.766216,119.600224,Yilgarn (S),Wheatbelt,Youanmi Terrane,2011,1.12,0.7,784.0,25206,Unknown
S0236168,Redbeard,Nullagine / Millenium,Care and Maintenance,-21.840564,120.439908,East Pilbara (S),Pilbara,Mosquito Creek Basin,2018,0.279,2.8,780.1,25080,2012 JORC (Australia)
S0002287,Sandiego,Koongie Park,Undeveloped,-18.364927,127.486009,Halls Creek (S),Kimberley,"Lamboo Province, Central Zone",2022,4.1,0.19,780.0,25078,2012 JORC (Australia)
S0240503,Taipan,Mt Eureka Gold,Undeveloped,-26.668494,121.541949,Wiluna (S),Mid-West,Eastern Goldfields Superterrane,2022,0.641,1.21,775.4,24929,2012 JORC (Australia)
S0239544,British Lion,Davyhurst - Lady Ida - Mulline - Riverina - Siberia Gold,Undeveloped,-29.757217,120.5665,Menzies (S),Goldfields-Esperance,Eastern Goldfields Superterrane,2021,0.442,1.75,771.4,24801,2012 JORC (Australia)
S0030624,Metzke's Find,Illaara Gold,Proposed,-29.274785,120.062981,Menzies (S),Goldfields-Esperance,Youanmi Terrane,2026,0.15,5.13,770.7,24779,2012 JORC (Australia)
S0023472,Eclipse,Leonora / Patronus,Undeveloped,-28.608237,121.544611,Leonora (S),Goldfields-Esperance,Eastern Goldfields Superterrane,2022,0.765,1.0,765.0,24595,2012 JORC (Australia)
S0004700,Wedge,Gum Creek Gold,Shut,-27.237235,119.419609,Wiluna (S),Mid-West,Youanmi Terrane,2025,0.483,1.58,764.8,24590,2012 JORC (Australia)
S0002174,Butcher Well Gp,Yundamindra / Arika,Undeveloped,-29.098935,122.015611,Leonora (S),Goldfields-Esperance,Yilgarn Craton granites,2009,0.31,2.46,762.0,24499,Unknown
S0033011,Grassi,Golden Grove,Undeveloped,-28.831461,117.025668,Yalgoo (S),Mid-West,Youanmi Terrane,2025,1.9,0.4,760.0,24435,2012 JORC (Australia)
S0021189,Bullocks,Mt Magnet,Undeveloped,-28.054577,117.824213,Mount Magnet (S),Mid-West,Youanmi Terrane,2011,0.24,3.17,760.0,24435,2012 JORC (Australia)
S0225801,Hobby,Leonora / Patronus,Undeveloped,-28.738385,121.600646,Leonora (S),Goldfields-Esperance,Eastern Goldfields Superterrane,2022,0.582,1.3,756.6,24325,2012 JORC (Australia)
S0003098,Dolly Pot,Marda / Southern Cross,Operating,-30.197576,119.258708,Yilgarn (S),Wheatbelt,Youanmi Terrane,2025,0.515,1.46,751.8,24170,2012 JORC (Australia)
S0223913,Rogan Josh,Feysville,Undeveloped,-30.925693,121.606941,Kalgoorlie-Boulder (C),Goldfields-Esperance,Eastern Goldfields Superterrane,2024,0.6,1.25,750.0,24113,2012 JORC (Australia)
S0004559,Gnows Nest,Badja,Shut,-28.587298,116.86833,Yalgoo (S),Mid-West,Youanmi Terrane,2024,0.238,3.15,749.8,24108,2012 JORC (Australia)
S0000693,Ruby Queen,Ruby Queen - Halls Creek,Shut,-18.454747,127.747209,Halls Creek (S),Kimberley,"Lamboo Province, Eastern Zone",2004,0.082,9.01,738.6,23747,Unknown
S0000258,Goongarrie Lady,Goongarrie Lady,Operating,-30.081341,121.184491,Menzies (S),Goldfields-Esperance,Eastern Goldfields Superterrane,2018,0.31,2.37,733.6,23586,2012 JORC (Australia)
S0237081,Newcrest S,Kurnalpi Gold,Undeveloped,-30.553653,122.227365,Kalgoorlie-Boulder (C),Goldfields-Esperance,Eastern Goldfields Superterrane,2018,0.407,1.8,732.6,23554,2012 JORC (Australia)
S0030359,Northern Anticline,Paulsens,Undeveloped,-22.493147,116.10552,Ashburton (S),Pilbara,Ashburton Basin,2011,0.523,1.4,732.2,23541,2004 JORC (Australia)
S0231831,Cable East,Tuckanarra Gold,Undeveloped,-27.103227,118.098074,Cue (S),Mid-West,Youanmi Terrane,2012,0.384,1.9,729.1,23440,Unknown
S0238758,Neta,Edjudina / Gibb River,Care and Maintenance,-29.764504,122.476466,Menzies (S),Goldfields-Esperance,Eastern Goldfields Superterrane,2023,0.378,1.92,724.4,23290,2012 JORC (Australia)
S0236817,Orient Well NW,Ulysses Gold,Undeveloped,-29.198465,121.426872,Menzies (S),Goldfields-Esperance,Eastern Goldfields Superterrane,2021,0.603,1.2,723.6,23264,2012 JORC (Australia)
S0224637,Numbers,Cue Gold,Operating,-27.732094,117.825726,Mount Magnet (S),Mid-West,Youanmi Terrane,2024,0.608,1.19,721.2,23187,2012 JORC (Australia)
S0019412,Gallant,Fortitude,Proposed,-29.313912,122.527757,Menzies (S),Goldfields-Esperance,Eastern Goldfields Superterrane,2021,0.341,2.1,716.1,23023,2012 JORC (Australia)
S0004557,Krang,Gwalia - Leonora,Proposed,-28.926556,121.402396,Leonora (S),Goldfields-Esperance,Eastern Goldfields Superterrane,2022,0.44,1.63,715.4,23001,2012 JORC (Australia)
S0000006,Baden Powell,Baden Powell / Dundas,Shut,-30.239138,121.222793,Kalgoorlie-Boulder (C),Goldfields-Esperance,Eastern Goldfields Superterrane,2022,0.595,1.2,714.0,22956,2012 JORC (Australia)
S0003227,Mugga King ,Mugga King,Undeveloped,-28.702634,116.24105,Yalgoo (S),Mid-West,Youanmi Terrane,1992,0.255,2.8,714.0,22956,Unknown
S0002100,Surprise,Norseman / Accent,Undeveloped,-32.253125,121.806406,Dundas (S),Goldfields-Esperance,Eastern Goldfields Superterrane,2012,0.531,1.34,710.9,22857,2004 JORC (Australia)
S0241418,Saltbush,Side Well,Undeveloped,-26.636136,118.611566,Meekatharra (S),Mid-West,Youanmi Terrane,2025,0.292,2.42,707.4,22743,2012 JORC (Australia)
S0003505,Barnicoat,Laverton - Barnicoat - Karridale - Merolia / Focus,Shut,-28.627397,122.493509,Laverton (S),Goldfields-Esperance,Eastern Goldfields Superterrane,2019,0.59,1.2,705.6,22686,2004 JORC (Australia)
S0019697,Happy Jack,Coolgardie Gold / Focus,Proposed,-30.971116,121.175024,Coolgardie (S),Goldfields-Esperance,Eastern Goldfields Superterrane,2021,0.525,1.34,702.8,22596,2004 JORC (Australia)
S0004945,Viking-Mt Newman,Mt Newman Gold,Undeveloped,-28.483387,121.076112,Leonora (S),Goldfields-Esperance,Eastern Goldfields Superterrane,1995,0.14,5.0,700.0,22506,Unknown
S0225611,Keillor - K2 Pit,Plutonic Gold,Proposed,-25.114812,119.731099,Meekatharra (S),Mid-West,Eastern Goldfields Superterrane,2026,0.55,1.26,695.0,22345,2012 JORC (Australia)
S0000507,Mossbecker,Kathleen Valley Gold / ANI,Shut,-27.525885,120.572727,Leonora (S),Goldfields-Esperance,Yilgarn Craton,2019,0.23,3.02,694.0,22313,2012 JORC (Australia)
S0233933,Central,Tampia,Care and Maintenance,-32.163476,118.451144,Narembeen (S),Wheatbelt,Yilgarn Craton granites,2024,0.77,0.9,693.0,22280,2012 JORC (Australia)
S0001056,Mary Mac Hill,Laverton - Barnicoat - Karridale - Merolia / Focus,Shut,-28.643707,122.393539,Laverton (S),Goldfields-Esperance,Eastern Goldfields Superterrane,2024,0.551,1.25,691.1,22220,2012 JORC (Australia)
S0019453,Electric Dingo,Paulsens,Undeveloped,-22.928658,116.897914,Ashburton (S),Pilbara,Ashburton Basin,2011,0.542,1.27,689.6,22171,2004 JORC (Australia)
S0002863,Palmerston-Camperdown,Davyhurst - Lady Ida - Mulline - Riverina - Siberia Gold,Care and Maintenance,-30.207146,120.962192,Kalgoorlie-Boulder (C),Goldfields-Esperance,Eastern Goldfields Superterrane,2021,0.292,2.36,689.0,22152,2012 JORC (Australia)
S0240556,Comet North UG,Comet / Valiant,Proposed,-27.534594,118.047182,Cue (S),Mid-West,Youanmi Terrane,2025,0.288,2.38,687.1,22091,2012 JORC (Australia)
S0234769,McIntyre,Central Sandstone / Brightstar,Undeveloped,-28.092172,119.283081,Sandstone (S),Mid-West,Youanmi Terrane,2026,0.59,1.16,684.9,22020,2012 JORC (Australia)
S0020525,Cue One,Cue One,Undeveloped,-27.416808,117.899409,Cue (S),Mid-West,Youanmi Terrane,2003,0.17,4.0,680.0,21863,Unknown
S0000679,Federal City,Murchison / Monument,Proposed,-27.065149,118.45106,Cue (S),Mid-West,Youanmi Terrane,2011,0.4,1.7,680.0,21863,Unknown
S0004711,Tamarin,Marvel Loch - Southern Cross,Undeveloped,-31.588713,119.405111,Yilgarn (S),Wheatbelt,Youanmi Terrane,2016,0.478,1.42,679.9,21859,2012 JORC (Australia)
S0004402,Camel Bore,Gum Creek Gold,Shut,-27.078715,119.418413,Wiluna (S),Mid-West,Youanmi Terrane,2022,0.479,1.42,678.1,21802,2012 JORC (Australia)
S0004085,Sapphire,Kookynie East - Leonora South,Shut,-29.378297,121.427598,Menzies (S),Goldfields-Esperance,Eastern Goldfields Superterrane,2019,0.32,2.1,672.0,21605,2012 JORC (Australia)
S0237177,East Sampson Dam,East Sampson,Operating,-30.38414,121.582975,Kalgoorlie-Boulder (C),Goldfields-Esperance,Eastern Goldfields Superterrane,2021,0.265,2.54,671.7,21596,2012 JORC (Australia)
S0238531,Ridge,Central Sandstone / Brightstar,Undeveloped,-28.088256,119.277584,Sandstone (S),Mid-West,Youanmi Terrane,2020,0.48,1.4,671.0,21573,2012 JORC (Australia)
S0030390,Filly,Horse Well,Undeveloped,-25.936595,120.723183,Wiluna (S),Mid-West,Eastern Goldfields Superterrane,2025,0.581,1.15,668.1,21482,2012 JORC (Australia)
S0003051,Melbourne Bitter,Gum Creek Gold,Undeveloped,-27.015595,119.389711,Wiluna (S),Mid-West,Youanmi Terrane,2025,0.475,1.4,663.7,21337,2012 JORC (Australia)
S0246732,Astro,Mt Ida Gold,Undeveloped,-29.0706,120.444952,Menzies (S),Goldfields-Esperance,Eastern Goldfields Superterrane,2026,0.412,1.6,659.2,21194,2012 JORC (Australia)
S0246142,Senate Heap Leach Pad 8,Edjudina / Gibb River,Proposed,-29.768358,122.482854,Menzies (S),Goldfields-Esperance,Eastern Goldfields Superterrane,2025,0.854,0.77,657.6,21142,2012 JORC (Australia)
S0019995,Brilliant,Gold Duke,Undeveloped,-26.717257,119.969151,Wiluna (S),Mid-West,Youanmi Terrane,2021,0.21,3.1,651.0,20930,2012 JORC (Australia)
S0021993,Golden King,Eucalyptus,Undeveloped,-29.182568,122.169512,Leonora (S),Goldfields-Esperance,Eastern Goldfields Superterrane,2005,0.24,2.7,648.0,20834,Unknown
S0238104,Parmelia,Karonie,Undeveloped,-31.097716,122.555107,Kalgoorlie-Boulder (C),Goldfields-Esperance,Eastern Goldfields Superterrane,2021,0.644,1.0,644.0,20705,2012 JORC (Australia)
S0224217,Halfway Hill / Kurnalpi ,Kurnalpi Gold,Undeveloped,-30.523788,122.202,Kalgoorlie-Boulder (C),Goldfields-Esperance,Eastern Goldfields Superterrane,2017,0.378,1.7,642.6,20660,2012 JORC (Australia)
S0237554,Minyari North,Minyari Dome,Undeveloped,-21.376248,122.25198,East Pilbara (S),Pilbara,Yeneena Basin,2026,0.675,0.95,641.2,20617,2012 JORC (Australia)
S0238407,Old Town Well,Central Sandstone / Brightstar,Undeveloped,-28.089039,119.258282,Sandstone (S),Mid-West,Youanmi Terrane,2020,0.7,0.91,639.2,20552,2012 JORC (Australia)
S0022545,Silver Tongue,Davyhurst - Lady Ida - Mulline - Riverina - Siberia Gold,Undeveloped,-29.742651,120.577,Menzies (S),Goldfields-Esperance,Eastern Goldfields Superterrane,2021,0.204,3.13,638.6,20531,2012 JORC (Australia)
S0225001,Hillview,Dordie,Undeveloped,-31.582038,121.627155,Coolgardie (S),Goldfields-Esperance,Yilgarn Craton granites,2019,0.578,1.1,635.6,20434,2012 JORC (Australia)
S0241226,Hyperno,Gum Creek Gold,Undeveloped,-27.404199,119.464518,Sandstone (S),Mid-West,Youanmi Terrane,2025,0.478,1.33,635.1,20418,2012 JORC (Australia)
S0000790,Yilgangi Queen,Yilgangi Queen,Operating,-29.712863,122.162433,Menzies (S),Goldfields-Esperance,Eastern Goldfields Superterrane,2005,0.113,5.64,634.5,20400,Unknown
S0005102,Onedin,Koongie Park,Undeveloped,-18.318816,127.543207,Halls Creek (S),Kimberley,"Lamboo Province, Central Zone",2022,4.83,0.13,633.0,20351,2012 JORC (Australia)
S0020272,Spice,Aldiss - Karonie,Undeveloped,-31.057435,122.556712,Kalgoorlie-Boulder (C),Goldfields-Esperance,Eastern Goldfields Superterrane,2020,0.432,1.46,632.0,20319,2012 JORC (Australia)
S0231368,Wodger,Forrest,Undeveloped,-25.413858,118.393121,Meekatharra (S),Mid-West,Bryah Basin,2020,1.363,0.46,627.4,20170,2012 JORC (Australia)
S0019585,Daisy S,Central Norseman,Undeveloped,-32.187295,121.859811,Dundas (S),Goldfields-Esperance,Eastern Goldfields Superterrane,2021,0.215,2.91,626.3,20136,2012 JORC (Australia)
S0000347,McPhees North,McPhees,Shut,-20.998716,118.937708,East Pilbara (S),Pilbara,Kelly Large Igneous Province,1997,0.396,1.57,621.7,19989,Unknown
S0005779,Kingston Town,Gum Creek Gold,Shut,-27.423116,119.465608,Sandstone (S),Mid-West,Youanmi Terrane,2022,0.362,1.72,621.5,19981,2012 JORC (Australia)
S0000803,Kearrys NW,Gum Creek Gold,Care and Maintenance,-26.822496,119.376711,Meekatharra (S),Mid-West,Youanmi Terrane,2023,0.496,1.25,620.1,19937,2012 JORC (Australia)
S0238105,Taupo,Karonie,Undeveloped,-31.009652,122.566023,Kalgoorlie-Boulder (C),Goldfields-Esperance,Eastern Goldfields Superterrane,2021,0.441,1.4,617.4,19850,2012 JORC (Australia)
S0004706,Marwest,Plutonic Gold,Shut,-25.162256,119.643313,Meekatharra (S),Mid-West,Eastern Goldfields Superterrane,2025,0.41,1.5,614.0,19741,2012 JORC (Australia)
S0019727,Austin,Golden Range,Care and Maintenance,-28.784565,116.917485,Yalgoo (S),Mid-West,Youanmi Terrane,2019,0.434,1.4,606.6,19503,2012 JORC (Australia)
S0005303,Lightning,Mt Dimer,Shut,-30.396724,119.814497,Yilgarn (S),Wheatbelt,Yilgarn Craton granites,2024,0.128,4.73,605.8,19477,2012 JORC (Australia)
S0002610,Banderol,Murchison / Monument,Shut,-27.070778,118.43371,Cue (S),Mid-West,Youanmi Terrane,2011,0.6,1.0,600.0,19290,Unknown
S0033009,Flying High,Golden Grove,Undeveloped,-28.847011,117.032676,Yalgoo (S),Mid-West,Youanmi Terrane,2025,1.2,0.5,600.0,19290,2012 JORC (Australia)
S0224983,Emu,Gold Duke,Under Development,-26.739828,119.956455,Wiluna (S),Mid-West,Youanmi Terrane,2026,0.465,1.28,597.3,19204,2012 JORC (Australia)
S0000024,Dohertys,Doherty,Shut,-27.479588,119.16951,Sandstone (S),Mid-West,Youanmi Terrane,2004,0.025,23.8,595.0,19130,Unknown
S0021834,Anomaly 38,New Bulong - Boundary - Kal East Gold Project,Undeveloped,-30.649366,121.811709,Kalgoorlie-Boulder (C),Goldfields-Esperance,Eastern Goldfields Superterrane,2020,0.308,1.93,594.6,19117,2012 JORC (Australia)
S0021032,Orient Well E,Ulysses Gold,Undeveloped,-29.212407,121.446107,Menzies (S),Goldfields-Esperance,Eastern Goldfields Superterrane,2021,0.457,1.3,594.1,19101,2012 JORC (Australia)
S0022349,Bernards,Eucalyptus,Undeveloped,-29.176505,122.167407,Leonora (S),Goldfields-Esperance,Eastern Goldfields Superterrane,2005,0.133,4.45,591.9,19028,Unknown
S0000941,Crescent,Yalgoo,Undeveloped,-28.281427,116.808954,Yalgoo (S),Mid-West,Youanmi Terrane,1999,0.167,3.54,591.5,19018,Unknown
S0005778,Psi,Gum Creek Gold,Shut,-26.852956,119.380312,Wiluna (S),Mid-West,Youanmi Terrane,2022,0.326,1.81,589.9,18967,2012 JORC (Australia)
S0224216,Area 9,Kurnalpi Gold,Undeveloped,-30.571303,122.210423,Kalgoorlie-Boulder (C),Goldfields-Esperance,Eastern Goldfields Superterrane,2018,0.234,2.5,585.0,18808,2012 JORC (Australia)
S0225680,Undaunted,Coolgardie Gold / Focus,Undeveloped,-30.982554,121.180781,Coolgardie (S),Goldfields-Esperance,Eastern Goldfields Superterrane,2023,0.382,1.53,584.2,18781,2012 JORC (Australia)
S0241822,Providence,Pinjin,Undeveloped,-30.198425,122.748731,Kalgoorlie-Boulder (C),Goldfields-Esperance,Eastern Goldfields Superterrane,2024,0.53,1.1,583.0,18744,2012 JORC (Australia)
S0005175,Bartons,Nullagine / Millenium,Care and Maintenance,-21.883615,120.281906,East Pilbara (S),Pilbara,Mosquito Creek Basin,2018,0.35,1.67,583.0,18744,2012 JORC (Australia)
S0023497,Evelyn,Liberty - Indee,Undeveloped,-21.096425,117.847208,Karratha (C),Pilbara,Sisters Supersuite,2022,0.59,0.98,580.4,18660,2012 JORC (Australia)
S0022144,Calisi 2,Snake Well,Undeveloped,-27.958107,116.045413,Murchison (S),Mid-West,Yilgarn Craton granites,2004,0.18,3.2,576.0,18519,Unknown
S0019595,Sontaran,Central Norseman,Undeveloped,-31.972587,121.82841,Dundas (S),Goldfields-Esperance,Eastern Goldfields Superterrane,2019,0.259,2.21,572.4,18403,2012 JORC (Australia)
S0018827,Bounty E,Mt Holland Gold / Kidman,Shut,-32.101198,119.77891,Yilgarn (S),Wheatbelt,Youanmi Terrane,2009,0.477,1.2,571.0,18360,Unknown
S0006484,Think Big,Gum Creek Gold,Shut,-27.426329,119.459992,Sandstone (S),Mid-West,Youanmi Terrane,2025,0.459,1.24,567.7,18252,2012 JORC (Australia)
S0004398,Blue Bar,Blue Bar,Operating,-21.398997,119.704211,East Pilbara (S),Pilbara,Marble Bar Sub-basin,2023,0.3,1.89,566.4,18210,2012 JORC (Australia)
S0000428,Lalla Rookh,Lalla Rookh,Shut,-21.051384,119.274216,East Pilbara (S),Pilbara,Warrawoona  Large Igneous Province,1997,0.268,2.11,565.2,18171,Unknown
S0243194,Ada Ann,Eastern Goldfields - Leonora,Undeveloped,-30.79559,121.137987,Coolgardie (S),Goldfields-Esperance,Eastern Goldfields Superterrane,2026,0.205,2.76,564.9,18162,2012 JORC (Australia)
S0005028,Jasper Queen,Hollandaire - Eelya,Shut,-27.406217,118.118096,Cue (S),Mid-West,Youanmi Terrane,2022,0.332,1.7,564.4,18146,2012 JORC (Australia)
S0019726,Eastern Creek,Golden Range,Care and Maintenance,-28.912641,116.952797,Yalgoo (S),Mid-West,Youanmi Terrane,2003,0.345,1.62,559.1,17974,Unknown
S0005056,Jarvis,Bulong - Jarvis,Care and Maintenance,-30.753146,121.791305,Kalgoorlie-Boulder (C),Goldfields-Esperance,Eastern Goldfields Superterrane,1996,0.179,3.1,554.9,17840,Unknown
S0224982,Bowerbird,Gold Duke,Undeveloped,-26.711744,119.960223,Wiluna (S),Mid-West,Youanmi Terrane,2021,0.23,2.4,552.0,17747,2012 JORC (Australia)
S0000706,Plum Pudding,Central Sandstone / Brightstar,Shut,-28.098386,119.248912,Sandstone (S),Mid-West,Youanmi Terrane,2026,0.55,0.99,544.8,17516,2012 JORC (Australia)
S0002215,Forgotten Four,Bruno-Lewis,Proposed,-28.92904,121.411138,Leonora (S),Goldfields-Esperance,Eastern Goldfields Superterrane,2022,0.259,2.1,543.9,17487,2012 JORC (Australia)
S0224358,OW Laterite Pit C,Ulysses Gold,Shut,-29.213322,121.44596,Menzies (S),Goldfields-Esperance,Eastern Goldfields Superterrane,2023,0.77,0.7,539.0,17329,2012 JORC (Australia)
S0004450,Costello,Randalls - Mt Monger,Shut,-31.027014,121.938512,Kalgoorlie-Boulder (C),Goldfields-Esperance,Eastern Goldfields Superterrane,2022,0.274,1.96,536.9,17262,2012 JORC (Australia)
S0020703,Windanya,Windanya,Undeveloped,-30.369036,121.250109,Kalgoorlie-Boulder (C),Goldfields-Esperance,Eastern Goldfields Superterrane,2013,0.36,1.49,536.4,17246,Unknown
S0018766,Waihi,Monument - Korong,Undeveloped,-28.592527,121.92061,Laverton (S),Goldfields-Esperance,Eastern Goldfields Superterrane,2026,0.26,2.04,531.1,17075,2012 JORC (Australia)
S0001128,Parmelia,Mt McClure / Yandal,Shut,-27.532827,120.949709,Leonora (S),Goldfields-Esperance,Eastern Goldfields Superterrane,2022,0.252,2.1,529.2,17014,2012 JORC (Australia)
S0236084,Maxwells Oxide,Mt Morgans,Undeveloped,-28.755986,122.182316,Laverton (S),Goldfields-Esperance,Eastern Goldfields Superterrane,2021,0.67,0.79,528.0,16976,2012 JORC (Australia)
S0020517,Lop,Snake Well,Undeveloped,-27.954268,116.051707,Murchison (S),Mid-West,Yilgarn Craton granites,2004,0.44,1.2,528.0,16976,Unknown
S0019851,Red Legs,Marda / Southern Cross,Proposed,-29.919496,119.385201,Menzies (S),Goldfields-Esperance,Youanmi Terrane,2025,0.668,0.79,527.7,16967,2012 JORC (Australia)
S0002654,Turn of the Tide,Reedy,Shut,-27.10229,118.341609,Cue (S),Mid-West,Youanmi Terrane,2025,0.416,1.27,527.1,16948,2012 JORC (Australia)
S0019628,Golden Virgin,Golden Virgin - Parker Range,Shut,-31.632998,119.586036,Yilgarn (S),Wheatbelt,Youanmi Terrane,2021,0.17,3.1,527.0,16943,2012 JORC (Australia)
S0000609,Red White and Blue,Red White and Blue,Shut,-32.243978,121.803111,Dundas (S),Goldfields-Esperance,Eastern Goldfields Superterrane,1995,0.276,1.9,524.4,16860,Unknown
S0224811,Shearers North,Nullagine / Millenium,Care and Maintenance,-21.91442,120.211407,East Pilbara (S),Pilbara,Mosquito Creek Basin,2018,0.42,1.25,523.0,16815,2012 JORC (Australia)
S0234130,Golden Moly,Kanowna - Golden Valley,Undeveloped,-30.560681,121.511972,Kalgoorlie-Boulder (C),Goldfields-Esperance,Eastern Goldfields Superterrane,2016,0.475,1.1,522.7,16804,Unknown
S0021556,Colour Dam,Colour Dam,Shut,-30.55243,122.29983,Kalgoorlie-Boulder (C),Goldfields-Esperance,Eastern Goldfields Superterrane,2017,0.307,1.7,521.9,16779,2012 JORC (Australia)
S0000675,Queen Lapage,Queen Lapage,Operating,-30.616166,121.979807,Kalgoorlie-Boulder (C),Goldfields-Esperance,Eastern Goldfields Superterrane,1999,0.13,4.0,520.0,16718,Unknown
S0019341,Whinnen,Mt Ida Gold,Shut,-29.095156,120.464007,Menzies (S),Goldfields-Esperance,Eastern Goldfields Superterrane,2008,0.039,13.3,518.7,16677,2004 JORC (Australia)
S0005625,Rowe's Find,Rowes Find - Kal East Gold Project,Undeveloped,-30.840877,122.83849,Kalgoorlie-Boulder (C),Goldfields-Esperance,Yilgarn Craton granites,2020,0.148,3.5,518.0,16654,2012 JORC (Australia)
S0003917,Hronsky,North Widgiemooltha Gold / Mincor,Care and Maintenance,-31.494355,121.563666,Coolgardie (S),Goldfields-Esperance,Eastern Goldfields Superterrane,2020,0.305,1.69,514.0,16525,2012 JORC (Australia)
S0021997,Queen Margaret,New Bulong - Boundary - Kal East Gold Project,Undeveloped,-30.750896,121.775607,Kalgoorlie-Boulder (C),Goldfields-Esperance,Eastern Goldfields Superterrane,2019,0.264,1.95,513.8,16519,2012 JORC (Australia)
S0022749,Forrest,Forrest,Undeveloped,-25.438998,118.400714,Meekatharra (S),Mid-West,Bryah Basin,2020,1.039,0.49,513.6,16512,2012 JORC (Australia)
S0006764,Moriarty,Menzies / Helix,Undeveloped,-29.811158,121.142512,Menzies (S),Goldfields-Esperance,Eastern Goldfields Superterrane,1998,0.085,6.0,510.0,16397,Unknown
S0234511,Majuba Hill,Nullagine / Millenium,Care and Maintenance,-21.932613,120.182657,East Pilbara (S),Pilbara,Mosquito Creek Basin,2018,0.36,1.41,509.0,16365,2012 JORC (Australia)
S0231974,Triumph,Teutonic Bore - Jaguar,Proposed,-28.39746,121.145233,Leonora (S),Goldfields-Esperance,Eastern Goldfields Superterrane,2023,1.69,0.3,507.0,16300,2012 JORC (Australia)
S0019592,Mt Barker,Central Norseman,Undeveloped,-32.186377,121.807711,Dundas (S),Goldfields-Esperance,Eastern Goldfields Superterrane,2019,0.269,1.87,503.0,16173,2012 JORC (Australia)
S0230006,Drogue Laterite,Tuckanarra Gold,Undeveloped,-27.105118,118.098028,Cue (S),Mid-West,Youanmi Terrane,2012,0.538,0.92,496.5,15964,Unknown
S0239865,Genie,Nullagine / Millenium,Undeveloped,-21.938275,120.124388,East Pilbara (S),Pilbara,Mosquito Creek Basin,2024,0.31,1.57,486.7,15648,2012 JORC (Australia)
S0002200,Big Four,Goongarrie Gold,Undeveloped,-30.148226,121.186411,Kalgoorlie-Boulder (C),Goldfields-Esperance,Eastern Goldfields Superterrane,2020,0.178,2.7,480.6,15452,2012 JORC (Australia)
S0022064,Gambols Hill,Nullagine / Millenium,Care and Maintenance,-21.912866,120.228045,East Pilbara (S),Pilbara,Mosquito Creek Basin,2018,0.3,1.6,480.0,15432,2012 JORC (Australia)
S0003465,Homeward Bound,Homeward Bound - Marble Bar,Shut,-21.173946,119.755007,East Pilbara (S),Pilbara,Callina Supersuite,1991,0.15,3.2,480.0,15432,Unknown
S0000460,Olympic,Devon - Linden / Matsa,Proposed,-29.283832,122.431779,Leonora (S),Goldfields-Esperance,Eastern Goldfields Superterrane,2021,0.171,2.8,478.8,15394,2012 JORC (Australia)
S0231832,Cable West,Tuckanarra Gold,Undeveloped,-27.101085,118.098609,Cue (S),Mid-West,Youanmi Terrane,2012,0.128,3.73,478.0,15368,Unknown
S0003747,McTavish - McTavish South,Kookynie / Arika,Undeveloped,-29.332297,121.460612,Menzies (S),Goldfields-Esperance,Eastern Goldfields Superterrane,2022,0.24,1.98,476.0,15304,2012 JORC (Australia)
S0230131,Spotted Dog North,Mt Ida South,Undeveloped,-29.154332,120.527582,Menzies (S),Goldfields-Esperance,Eastern Goldfields Superterrane,2016,0.25,1.9,475.0,15272,2012 JORC (Australia)
S0237551,Hawks Nest - HN3,Hawks Nest / Magnetic,Undeveloped,-28.703143,122.233741,Laverton (S),Goldfields-Esperance,Eastern Goldfields Superterrane,2022,0.6,0.77,463.6,14905,2012 JORC (Australia)
S0000317,Eclipse 1,Mt Magnet,Shut,-28.050404,117.808898,Mount Magnet (S),Mid-West,Youanmi Terrane,2020,0.211,2.18,460.1,14793,2012 JORC (Australia)
S0000136,Copperhead Dumps,Cygnet Gold,Shut,-30.972976,119.13061,Yilgarn (S),Wheatbelt,Youanmi Terrane,1993,0.23,2.0,460.0,14789,Unknown
S0003540,Venus,Comet / Valiant,Shut,-27.564488,118.024912,Cue (S),Mid-West,Youanmi Terrane,2025,0.3,1.53,459.2,14765,2012 JORC (Australia)
S0231404,Mercury,Comet / Valiant,Shut,-27.561062,118.026456,Cue (S),Mid-West,Youanmi Terrane,2025,0.3,1.53,459.2,14765,2012 JORC (Australia)
S0000026,Ironclad,Barrambie Gold,Undeveloped,-27.367768,119.074608,Sandstone (S),Mid-West,Youanmi Terrane,2026,0.285,1.61,458.0,14725,2012 JORC (Australia)
S0011793,Mt Stirling Well,Mt Stirling - Leonora North,Shut,-28.604677,121.070512,Leonora (S),Goldfields-Esperance,Yilgarn Craton granites,2022,0.198,2.3,455.4,14641,2012 JORC (Australia)
S0001443,Salt Creek,Salt Creek,Undeveloped,-20.757098,117.704508,Karratha (C),Pilbara,Mallina Basin,2022,2.745,0.17,454.1,14600,2012 JORC (Australia)
S0002248,Sirdar,Mt Cattlin Gold / Avira Resources,Undeveloped,-33.545656,120.059512,Ravensthorpe (S),Goldfields-Esperance,Youanmi Terrane,2021,0.133,3.4,452.6,14551,2012 JORC (Australia)
S0020515,Calisi 1,Snake Well,Undeveloped,-27.955857,116.045908,Murchison (S),Mid-West,Yilgarn Craton granites,2004,0.11,4.1,451.0,14500,Unknown
S0003904,Hakes Find,Southern Cross - Southern Zone,Shut,-31.319825,119.328112,Yilgarn (S),Wheatbelt,Youanmi Terrane,1998,0.3,1.5,450.0,14468,Unknown
S0030389,Bronco,Horse Well,Undeveloped,-25.929126,120.710909,Wiluna (S),Mid-West,Eastern Goldfields Superterrane,2025,0.324,1.38,447.1,14375,2012 JORC (Australia)
S0232106,K3 Pit,Plutonic Gold,Proposed,-25.106271,119.737026,Meekatharra (S),Mid-West,Yilgarn Craton granites,2025,0.18,2.47,444.0,14275,2012 JORC (Australia)
S0000600,Normay,Bamboo Creek Gold,Care and Maintenance,-21.097231,119.406058,East Pilbara (S),Pilbara,Warrawoona  Large Igneous Province,1993,0.031,14.3,443.3,14252,Unknown
S0001051,Cookes,Coolgardie Gold / Focus,Care and Maintenance,-30.979736,121.185412,Coolgardie (S),Goldfields-Esperance,Eastern Goldfields Superterrane,2019,0.167,2.65,443.1,14246,2004 JORC (Australia)
S0006643,Hillside Well,Granny Smith,Undeveloped,-28.840455,122.373408,Laverton (S),Goldfields-Esperance,Eastern Goldfields Superterrane,2024,0.191,2.3,439.3,14124,2016 SAMREC (South Africa)
S0231388,Rapier South,Hollandaire - Eelya,Undeveloped,-27.357621,118.16724,Cue (S),Mid-West,Youanmi Terrane,2022,0.258,1.7,438.6,14101,2012 JORC (Australia)
S0004853,Black Jack,Black Jack / Duffy,Shut,-29.743784,121.072719,Menzies (S),Goldfields-Esperance,Eastern Goldfields Superterrane,2011,0.214,2.05,438.4,14094,Unknown
S0234513,Hutt,Nullagine / Millenium,Care and Maintenance,-21.920126,120.168266,East Pilbara (S),Pilbara,Mosquito Creek Basin,2016,0.38,1.15,438.0,14082,2012 JORC (Australia)
S0004463,Taipan,Marda / Southern Cross,Shut,-30.199815,119.259814,Yilgarn (S),Wheatbelt,Youanmi Terrane,2025,0.505,0.86,434.3,13963,Unknown
S0001118,Forrest Belle,Quinns,Shut,-29.022272,120.506021,Menzies (S),Goldfields-Esperance,Eastern Goldfields Superterrane,2016,0.16,2.71,434.2,13960,Unknown
S0242759,Lennons Find Resource,Lennons Find,Undeveloped,-21.355836,120.239108,East Pilbara (S),Pilbara,Warrawoona  Large Igneous Province,2019,1.55,0.28,434.0,13953,2012 JORC (Australia)
S0231215,Res Group,Munro Bore,Undeveloped,-27.074446,118.457853,Cue (S),Mid-West,Youanmi Terrane,2010,0.27,1.6,432.0,13889,Unknown
S0006324,Callion,Minestat Gold Mining Centres,Shut,-30.117851,120.583111,Menzies (S),Goldfields-Esperance,Youanmi Terrane,2008,0.169,2.55,431.7,13879,2004 JORC (Australia)
S0002705,Perseverance,Grants Creek,Undeveloped,-17.831605,127.913705,Halls Creek (S),Kimberley,"Lamboo Province, Eastern Zone",2023,0.179,2.4,429.6,13812,2012 JORC (Australia)
S0234729,Mustang,Nullagine / Millenium,Care and Maintenance,-21.854189,120.340203,East Pilbara (S),Pilbara,Mosquito Creek Basin,2018,0.26,1.65,428.0,13761,2012 JORC (Australia)
S0023459,A Zone,Yuinmery Copper-Gold,Undeveloped,-28.568385,118.896807,Sandstone (S),Mid-West,Youanmi Terrane,2025,1.068,0.4,427.2,13735,2012 JORC (Australia)
S0010766,Mt Banjo,,Proposed,-30.156678,120.650912,Menzies (S),Goldfields-Esperance,Eastern Goldfields Superterrane,2021,0.235,1.82,427.1,13732,2012 JORC (Australia)
S0004372,Nil Desperandum,Kathleen Valley Gold / ANI,Shut,-27.513076,120.568308,Leonora (S),Goldfields-Esperance,Yilgarn Craton,2019,0.123,3.44,423.4,13613,2012 JORC (Australia)
S0019071,Batavia - Bluebird,Cue Gold - Central Murchison,Shut,-26.660636,118.420413,Meekatharra (S),Mid-West,Youanmi Terrane,2026,0.166,2.54,422.3,13578,2012 JORC (Australia)
S0021011,King,Erayinia/King,Undeveloped,-31.398842,122.708872,Dundas (S),Goldfields-Esperance,Eastern Goldfields Superterrane,2026,0.201,2.1,422.1,13571,2012 JORC (Australia)
S0006500,Eclipse,Laverton - Barnicoat - Karridale - Merolia / Focus,Shut,-28.643008,122.325998,Laverton (S),Goldfields-Esperance,Eastern Goldfields Superterrane,2024,0.294,1.43,421.1,13539,2012 JORC (Australia)
S0020146,Castaway,Laverton - Barnicoat - Karridale - Merolia / Focus,Shut,-28.535732,122.465194,Laverton (S),Goldfields-Esperance,Eastern Goldfields Superterrane,2011,0.275,1.53,420.9,13532,2004 JORC (Australia)
S0236302,Red Dog,Laverton Gold JV,Shut,-29.382583,122.368418,Leonora (S),Goldfields-Esperance,Eastern Goldfields Superterrane,2019,0.231,1.82,420.7,13526,2012 JORC (Australia)
S0234872,Mundalla 1,Nullagine / Millenium,Care and Maintenance,-21.906895,120.211551,East Pilbara (S),Pilbara,Mosquito Creek Basin,2018,0.31,1.34,416.0,13375,2012 JORC (Australia)
S0237161,Symes Find,Symes Find / Mt Hampton,Operating,-31.834255,119.065112,Yilgarn (S),Wheatbelt,Yilgarn Craton granites,2024,0.32,1.3,416.0,13375,2012 JORC (Australia)
S0020273,Aspen,Aldiss - Karonie,Undeveloped,-31.084686,122.551913,Kalgoorlie-Boulder (C),Goldfields-Esperance,Eastern Goldfields Superterrane,2020,0.251,1.64,412.8,13272,2012 JORC (Australia)
S0240954,Redcastle Reef,Redcastle Gold,Operating,-28.988942,121.936428,Leonora (S),Goldfields-Esperance,Eastern Goldfields Superterrane,2025,0.224,1.83,410.0,13182,2012 JORC (Australia)
S0226241,Thunderbolt,Glenburgh,Undeveloped,-25.427858,116.048895,Upper Gascoyne (S),Gascoyne,Glenburgh Terrane,2020,0.4,1.02,410.0,13182,2012 JORC (Australia)
S0000076,Pumphrey,Coolgardie Gold,Undeveloped,-31.004919,121.191206,Coolgardie (S),Goldfields-Esperance,Eastern Goldfields Superterrane,2020,0.423,0.97,408.6,13137,2012 JORC (Australia)
S0021691,Whitehaven,Zuleika North - Ora Banda / Evolution,Undeveloped,-30.358647,121.062916,Kalgoorlie-Boulder (C),Goldfields-Esperance,Eastern Goldfields Superterrane,2015,0.3,1.36,408.0,13118,Unknown
S0246626,Crescent - Crescent South,Yalgoo - Golden Grove North,Undeveloped,-28.285668,116.810355,Yalgoo (S),Mid-West,Youanmi Terrane,2025,0.15,2.7,405.0,13021,2012 JORC (Australia)
S0001367,Dryblowing,Mt Clifford Kettle Alluvial Operations,Shut,-28.462668,121.05871,Leonora (S),Goldfields-Esperance,Eastern Goldfields Superterrane,1989,0.109,3.7,403.3,12966,Unknown
S0005511,Great Bingin,Great Bingin - Bullfinch North - Central East Zone,Shut,-30.828528,119.052409,Yilgarn (S),Wheatbelt,Youanmi Terrane,2010,0.055,7.37,403.2,12963,Unknown
S0000252,Violet,Golden Valley Prospecting / Taylor,Shut,-30.880956,119.040408,Yilgarn (S),Wheatbelt,Youanmi Terrane,2001,0.02,20.03,400.6,12880,Unknown
S0225982,Pinner,Cannon,Undeveloped,-30.818832,121.762227,Kalgoorlie-Boulder (C),Goldfields-Esperance,Eastern Goldfields Superterrane,2024,0.331,1.21,399.0,12829,2012 JORC (Australia)
S0234730,Agate,Nullagine / Millenium,Care and Maintenance,-21.93598,120.162157,East Pilbara (S),Pilbara,Mosquito Creek Basin,2016,0.34,1.17,397.0,12764,2012 JORC (Australia)
S0240077,Waratah,Cue Gold,Operating,-27.697811,117.835863,Cue (S),Mid-West,Youanmi Terrane,2025,0.234,1.69,396.5,12748,2012 JORC (Australia)
S0239292,Monte Cristo,Badja,Undeveloped,-28.563941,116.851757,Yalgoo (S),Mid-West,Youanmi Terrane,2024,0.183,2.16,396.3,12741,2012 JORC (Australia)
S0024506,Wagtail,Mt Fisher Gold,Undeveloped,-26.859816,121.49149,Wiluna (S),Mid-West,Eastern Goldfields Superterrane,2026,0.105,3.76,396.2,12740,2012 JORC (Australia)
S0243123,Tiptoe,Kookynie Gold,Undeveloped,-29.330199,121.472276,Menzies (S),Goldfields-Esperance,Eastern Goldfields Superterrane,2026,0.14,2.82,394.5,12683,2012 JORC (Australia)
S0238437,Griffiths,Coolgardie Gold / Focus,Undeveloped,-30.987985,121.175757,Coolgardie (S),Goldfields-Esperance,Eastern Goldfields Superterrane,2019,0.143,2.75,393.9,12664,2004 JORC (Australia)
S0236248,Credo NW,Credo Well,Undeveloped,-30.459342,121.266963,Kalgoorlie-Boulder (C),Goldfields-Esperance,Eastern Goldfields Superterrane,2025,0.162,2.42,392.0,12604,2012 JORC (Australia)
S0238821,Paradigm East,Zuleika,Undeveloped,-30.469158,120.956277,Coolgardie (S),Goldfields-Esperance,Eastern Goldfields Superterrane,2026,0.288,1.36,391.7,12593,2012 JORC (Australia)
S0022459,Ayshia,Whundo Base Metals,Undeveloped,-21.066653,116.936078,Karratha (C),Pilbara,Northwest Pilbara Sub-basin,2022,1.832,0.21,391.0,12571,2012 JORC (Australia)
S0000185,Boudie Rat,Quinns,Shut,-29.029145,120.507573,Menzies (S),Goldfields-Esperance,Eastern Goldfields Superterrane,2016,0.13,3.0,390.0,12539,2012 JORC (Australia)
S0240638,Hilditch Au,Hilditch Gold,Proposed,-31.298243,121.468955,Coolgardie (S),Goldfields-Esperance,Eastern Goldfields Superterrane,2025,0.3,1.3,390.0,12539,2012 JORC (Australia)
S0033200,Comedy King,Gold Duke,Shut,-26.762384,119.954572,Wiluna (S),Mid-West,Youanmi Terrane,2021,0.26,1.5,390.0,12539,2012 JORC (Australia)
S0003809,Free Gift,Central Norseman,Shut,-32.454805,121.80231,Dundas (S),Goldfields-Esperance,"Northern Foreland, Albany-Fraser Orogen",2019,0.254,1.53,388.6,12494,2012 JORC (Australia)
S0246173,Comet Hills,Coolgardie Gold / Focus,Undeveloped,-31.033015,121.067354,Coolgardie (S),Goldfields-Esperance,Eastern Goldfields Superterrane,2025,0.341,1.14,388.2,12480,Unknown
S0000608,North Scotia,Mt Henry - Norseman,Proposed,-32.429353,121.776397,Dundas (S),Goldfields-Esperance,Eastern Goldfields Superterrane,2025,0.148,2.62,387.1,12445,2012 JORC (Australia)
S0016912,Normay Tailings,Bamboo Creek Gold,Care and Maintenance,-21.103199,119.404035,East Pilbara (S),Pilbara,Tambina Supersuite,2001,0.175,2.2,385.0,12378,Unknown
S0000395,Kohinoor-Stakewell,Stakewell,Shut,-27.020785,118.185645,Cue (S),Mid-West,Youanmi Terrane,2023,0.16,2.4,384.0,12346,2012 JORC (Australia)
S0234512,Crossing,Nullagine / Millenium,Proposed,-21.919081,120.214886,East Pilbara (S),Pilbara,Mosquito Creek Basin,2024,0.38,1.01,383.8,12339,2012 JORC (Australia)
S0236571,Plymouth,Dalgaranga - Gilbeys,Proposed,-27.854264,117.263658,Mount Magnet (S),Mid-West,Youanmi Terrane,2024,0.12,3.19,383.3,12323,2012 JORC (Australia)
S0242907,Rizzo,Minyari Dome,Undeveloped,-21.399741,122.260929,East Pilbara (S),Pilbara,Yeneena Basin,2026,0.501,0.76,380.8,12242,2012 JORC (Australia)
S0032998,Eagles Nest,Wattle Dam - Spargoville Gold,Undeveloped,-31.436916,121.49948,Coolgardie (S),Goldfields-Esperance,Eastern Goldfields Superterrane,2025,0.2,1.9,380.0,12217,2012 JORC (Australia)
S0239002,White Heat,Cue Gold,Operating,-27.701394,117.83014,Mount Magnet (S),Mid-West,Youanmi Terrane,2026,0.068,5.56,378.9,12181,2012 JORC (Australia)
S0004108,Callisto,Reedy,Shut,-27.086728,118.28731,Cue (S),Mid-West,Youanmi Terrane,2025,0.178,2.12,378.6,12174,2012 JORC (Australia)
S0021962,Richmond Gem,Malcolm,Undeveloped,-28.947465,121.508013,Leonora (S),Goldfields-Esperance,Eastern Goldfields Superterrane,2006,0.108,3.46,373.7,12014,Unknown
S0234989,Fiona,Leonora / Patronus,Undeveloped,-28.781492,121.620473,Leonora (S),Goldfields-Esperance,Eastern Goldfields Superterrane,2023,0.3,1.23,370.0,11896,2012 JORC (Australia)
S0021990,Horseshoe Dam,,Undeveloped,-29.184767,122.174113,Leonora (S),Goldfields-Esperance,Eastern Goldfields Superterrane,2005,0.114,3.24,369.4,11875,Unknown
S0002659,Cullculli,Reedy,Shut,-27.089379,118.346507,Cue (S),Mid-West,Youanmi Terrane,2025,0.262,1.41,368.1,11836,2012 JORC (Australia)
S0006620,Garden Gully,Garden Gully / CEREP,Undeveloped,-30.965896,121.172511,Coolgardie (S),Goldfields-Esperance,Eastern Goldfields Superterrane,2002,0.121,3.04,367.8,11826,Unknown
S0019190,Deep S,Gum Creek Gold,Proposed,-27.414815,119.46631,Sandstone (S),Mid-West,Youanmi Terrane,2025,0.246,1.49,365.8,11762,2012 JORC (Australia)
S0241452,Victor Bore,Central Goldfields,Undeveloped,-28.810217,121.273868,Leonora (S),Goldfields-Esperance,Eastern Goldfields Superterrane,2024,0.234,1.56,365.0,11736,2012 JORC (Australia)
S0000522,Britannia Well,Mt Magnet,Shut,-28.113134,117.810411,Mount Magnet (S),Mid-West,Youanmi Terrane,2020,0.18,2.0,360.0,11574,2012 JORC (Australia)
S0023457,Larkinville West,Larkinville,Undeveloped,-31.416726,121.468211,Coolgardie (S),Goldfields-Esperance,Eastern Goldfields Superterrane,2025,0.2,1.8,360.0,11574,2012 JORC (Australia)
S0005907,Granny Venn,East Menzies Gold,Care and Maintenance,-29.664048,121.091807,Menzies (S),Goldfields-Esperance,Eastern Goldfields Superterrane,2022,0.175,2.06,359.8,11567,2012 JORC (Australia)
S0236487,Dover Castle South,Malcolm Gold,Undeveloped,-28.936891,121.511638,Leonora (S),Goldfields-Esperance,Eastern Goldfields Superterrane,2019,0.21,1.71,359.3,11551,2012 JORC (Australia)
S0004984,Orion,Gum Creek Gold,Undeveloped,-26.929576,119.318911,Meekatharra (S),Mid-West,Youanmi Terrane,2022,0.251,1.42,357.6,11497,2012 JORC (Australia)
S0005573,Selkirk,Menzies,Care and Maintenance,-29.683577,121.015109,Menzies (S),Goldfields-Esperance,Eastern Goldfields Superterrane,2021,0.17,2.1,356.9,11475,2012 JORC (Australia)
S0005065,Eagles Peak,Gum Creek Gold,Care and Maintenance,-27.102745,119.405304,Wiluna (S),Mid-West,Youanmi Terrane,2023,0.305,1.16,354.8,11405,2012 JORC (Australia)
S0000043,Twin Hills,Twin Hills / Melrose,Care and Maintenance,-29.448376,121.122011,Menzies (S),Goldfields-Esperance,Yilgarn Craton granites,2002,0.017,20.86,354.6,11401,Unknown
S0025428,Austin,Austin - Quinns Base Metals,Undeveloped,-27.139847,118.513827,Cue (S),Mid-West,Youanmi Terrane,2010,1.484,0.24,350.9,11283,2004 JORC (Australia)
S0005008,Broads Dam,Broads Dam Dumps,Shut,-30.566178,121.11201,Coolgardie (S),Goldfields-Esperance,Yilgarn Craton,1994,0.33,1.05,348.0,11188,Unknown
S0000823,Coodardy - Behring Well,Coodardy - Behring Well,Undeveloped,-27.155938,117.806712,Cue (S),Mid-West,Youanmi Terrane,1990,0.151,2.3,347.3,11166,Unknown
S0002279,Bounty N UG,Mt Holland Gold / Kidman,Shut,-32.091004,119.775324,Yilgarn (S),Wheatbelt,Youanmi Terrane,2009,0.138,2.52,347.2,11162,Unknown
S0000931,Twin Shafts,Central Sandstone / Brightstar,Shut,-28.093856,119.252414,Sandstone (S),Mid-West,Youanmi Terrane,2020,0.372,0.93,345.8,11118,2012 JORC (Australia)
S0022710,Condor,Nullagine / Millenium,Care and Maintenance,-21.810518,120.412929,East Pilbara (S),Pilbara,Mosquito Creek Basin,2018,0.08,4.22,338.0,10867,2012 JORC (Australia)
S0243603,Red Ensign,Nullagine / Millenium,Undeveloped,-21.86447,120.299304,East Pilbara (S),Pilbara,Mosquito Creek Basin,2024,0.2,1.69,338.0,10867,2012 JORC (Australia)
S0002706,Wilsons Reef,Grants Creek,Undeveloped,-17.818246,127.95231,Halls Creek (S),Kimberley,"Lamboo Province, Eastern Zone",2007,0.067,4.97,333.0,10706,Unknown
S0021835,Strathfield,New Bulong - Boundary - Kal East Gold Project,Undeveloped,-30.733146,121.780009,Kalgoorlie-Boulder (C),Goldfields-Esperance,Eastern Goldfields Superterrane,2020,0.184,1.79,329.7,10600,2012 JORC (Australia)
S0237083,Area 7,Kurnalpi Gold,Undeveloped,-30.585473,122.212274,Kalgoorlie-Boulder (C),Goldfields-Esperance,Eastern Goldfields Superterrane,2018,0.253,1.3,328.9,10574,2012 JORC (Australia)
S0230007,Bollard Laterite,Tuckanarra Gold,Undeveloped,-27.109065,118.097024,Cue (S),Mid-West,Youanmi Terrane,2012,0.321,1.02,326.4,10493,Unknown
S0021992,Cornucopia,Eucalyptus,Undeveloped,-29.115356,122.186708,Leonora (S),Goldfields-Esperance,Eastern Goldfields Superterrane,2005,0.103,3.15,324.1,10421,Unknown
S0022309,Green Spec,Blue Spec / Novo,Undeveloped,-21.813928,120.309347,East Pilbara (S),Pilbara,Mosquito Creek Basin,2006,0.102,3.17,323.7,10407,Unknown
S0019380,Wahoo,Gum Creek Gold,Shut,-26.995876,119.377512,Wiluna (S),Mid-West,Youanmi Terrane,2022,0.258,1.25,322.5,10369,2012 JORC (Australia)
S0230691,Au81,Nullagine / Millenium,Care and Maintenance,-21.956127,120.154728,East Pilbara (S),Pilbara,Mosquito Creek Basin,2018,0.18,1.78,320.0,10288,2012 JORC (Australia)
S0004977,Razorback,Mt Holland Gold / Kidman,Shut,-32.141697,119.731068,Yilgarn (S),Wheatbelt,Youanmi Terrane,2009,0.281,1.14,319.1,10259,Unknown
S0242906,Golden Pinnacles,Laverton - Barnicoat - Karridale - Merolia / Focus,Shut,-28.639603,122.396586,Laverton (S),Goldfields-Esperance,Eastern Goldfields Superterrane,2024,0.228,1.4,318.5,10240,2012 JORC (Australia)
S0004969,Golden Rainbow,Yilgangi,Undeveloped,-29.681717,122.155612,Menzies (S),Goldfields-Esperance,Eastern Goldfields Superterrane,2022,0.226,1.4,316.1,10163,2012 JORC (Australia)
S0000051,Halo - Cumulus,Cumulus VHMS,Undeveloped,-26.705615,118.366908,Meekatharra (S),Mid-West,Youanmi Terrane,2022,0.11,2.87,315.7,10150,2012 JORC (Australia)
S0234869,Bow Bells 1,Nullagine / Millenium,Proposed,-21.862576,120.347964,East Pilbara (S),Pilbara,Mosquito Creek Basin,2016,0.21,1.5,315.0,10127,2012 JORC (Australia)
S0021142,Wedgetail 1,Plutonic Gold,Undeveloped,-25.167156,119.661707,Meekatharra (S),Mid-West,Eastern Goldfields Superterrane,2020,0.185,1.7,314.5,10111,2012 JORC (Australia)
S0023342,Phil,Grass Flat,Undeveloped,-29.459492,119.092717,Menzies (S),Goldfields-Esperance,Youanmi Terrane,2009,0.085,3.7,314.5,10111,Unknown
S0238595,Panda,Central Norseman,Proposed,-32.467854,121.788951,Dundas (S),Goldfields-Esperance,"Northern Foreland, Albany-Fraser Orogen",2021,0.133,2.36,313.9,10092,2012 JORC (Australia)
S0003836,Swift,East Location 45 (Loc45),Undeveloped,-31.018677,121.678606,Kalgoorlie-Boulder (C),Goldfields-Esperance,Eastern Goldfields Superterrane,2024,0.213,1.47,312.3,10041,2012 JORC (Australia)
S0021995,Yerilla King,Yerilla / Wild Acre,Undeveloped,-29.480257,121.823412,Menzies (S),Goldfields-Esperance,Eastern Goldfields Superterrane,2005,0.022,13.92,306.2,9845,Unknown
S0223976,Crow East,Nullagine / Millenium,Proposed,-21.810165,120.419549,East Pilbara (S),Pilbara,Mosquito Creek Basin,2018,0.06,5.1,306.0,9838,2012 JORC (Australia)
S0005627,Panther,Jaurdi - Cammi's Creek,Care and Maintenance,-30.687077,120.884707,Coolgardie (S),Goldfields-Esperance,Eastern Goldfields Superterrane,2020,0.224,1.36,305.2,9812,2012 JORC (Australia)
S0234854,Credo Well,Credo Well,Undeveloped,-30.463434,121.267963,Kalgoorlie-Boulder (C),Goldfields-Esperance,Eastern Goldfields Superterrane,2025,0.127,2.39,303.9,9769,2012 JORC (Australia)
S0004544,Duchess of York,Mt Monger / Evergold Minerals,Proposed,-31.057806,122.056915,Kalgoorlie-Boulder (C),Goldfields-Esperance,Eastern Goldfields Superterrane,1994,0.132,2.3,303.6,9761,Unknown
S0000431,Lancefield,Laverton - Barnicoat - Karridale - Merolia / Focus,Shut,-28.557616,122.377804,Laverton (S),Goldfields-Esperance,Eastern Goldfields Superterrane,2019,0.075,4.04,303.0,9742,2004 JORC (Australia)
S0247333,Galaxias,Burbanks / REG,Undeveloped,-31.004066,121.158208,Coolgardie (S),Goldfields-Esperance,Eastern Goldfields Superterrane,2026,0.265,1.14,302.1,9713,2012 JORC (Australia)
S0002640,Gilt Edge,Hollandaire - Eelya,Shut,-27.403919,118.120974,Cue (S),Mid-West,Youanmi Terrane,2022,0.103,2.93,301.8,9703,2012 JORC (Australia)
S0020508,Mustang,Glenburgh,Proposed,-25.386837,116.114935,Upper Gascoyne (S),Gascoyne,Glenburgh Terrane,2020,0.4,0.75,300.0,9645,2012 JORC (Australia)
S0019997,Bronzewing - Channings,Gold Duke,Undeveloped,-26.718104,119.960787,Wiluna (S),Mid-West,Youanmi Terrane,2021,0.11,2.7,297.0,9549,2012 JORC (Australia)
S0005817,Brilliant,Yalgoo,Shut,-28.137377,116.708712,Yalgoo (S),Mid-West,Yilgarn Craton granites,2004,0.123,2.39,294.0,9451,Unknown
S0022639,Riley,Golden Range,Care and Maintenance,-28.944717,117.027606,Yalgoo (S),Mid-West,Youanmi Terrane,2019,0.113,2.6,293.6,9439,2012 JORC (Australia)
S0003794,Learys Lament,Holleton - Learys Lament,Shut,-31.918717,119.002008,Yilgarn (S),Wheatbelt,Yilgarn Craton granites,1992,0.112,2.6,291.2,9362,Unknown
S0229568,Red Spec,Blue Spec / Novo,Undeveloped,-21.821474,120.276521,East Pilbara (S),Pilbara,Mosquito Creek Basin,2011,0.16,1.8,288.0,9259,Unknown
S0229844,Lucknow,Tuckanarra Gold,Proposed,-27.112295,118.080558,Cue (S),Mid-West,Youanmi Terrane,2023,0.22,1.3,286.0,9195,2012 JORC (Australia)
S0024533,Quod Est,Karratha Gold - Carlow Castle,Undeveloped,-20.810747,117.0665,Karratha (C),Pilbara,Karratha Terrane,2022,0.19,1.5,285.0,9163,2012 JORC (Australia)
S0223743,Lucky Bay,Randalls - Mt Monger,Care and Maintenance,-31.152332,122.030814,Kalgoorlie-Boulder (C),Goldfields-Esperance,Eastern Goldfields Superterrane,2016,0.055,5.11,281.2,9041,2012 JORC (Australia)
S0000691,Rose Hill,Rose Hill,Care and Maintenance,-30.957006,121.176707,Coolgardie (S),Goldfields-Esperance,Eastern Goldfields Superterrane,2020,0.28,1.0,280.0,9002,2012 JORC (Australia)
S0000758,Two D,Two Dees / Nankivell,Proposed,-29.256987,121.332209,Menzies (S),Goldfields-Esperance,Eastern Goldfields Superterrane,1991,0.02,14.0,280.0,9002,Unknown
S0237283,Melbourne United,New Bulong - Boundary - Kal East Gold Project,Undeveloped,-30.745421,121.777117,Kalgoorlie-Boulder (C),Goldfields-Esperance,Eastern Goldfields Superterrane,2019,0.096,2.86,274.6,8829,2012 JORC (Australia)
S0002295,Kohinoor-Stakewell UG,Stakewell,Shut,-27.020617,118.185008,Cue (S),Mid-West,Youanmi Terrane,2023,0.03,9.1,273.0,8777,2012 JORC (Australia)
S0236488,Dumbarton,Malcolm Gold,Undeveloped,-28.95634,121.507718,Leonora (S),Goldfields-Esperance,Eastern Goldfields Superterrane,2026,0.173,1.55,268.5,8632,2012 JORC (Australia)
S0006411,Burtville E,Merolia - Laverton Gold,Shut,-28.780028,122.741712,Laverton (S),Goldfields-Esperance,Burtville Terrane,2025,0.062,4.28,266.5,8567,2012 JORC (Australia)
S0004716,Empress,Coolgardie Gold / Focus,Shut,-30.989453,121.17049,Coolgardie (S),Goldfields-Esperance,Eastern Goldfields Superterrane,2023,0.18,1.48,265.7,8543,2012 JORC (Australia)
S0022291,Wren,Gold Duke,Undeveloped,-26.722655,119.952264,Wiluna (S),Mid-West,Youanmi Terrane,2021,0.11,2.4,264.0,8488,2012 JORC (Australia)
S0022350,Lord Cardigan,Eucalyptus,Undeveloped,-29.180625,122.161807,Leonora (S),Goldfields-Esperance,Eastern Goldfields Superterrane,2005,0.216,1.22,263.5,8472,Unknown
S0004460,Gold Stream,Marda / Southern Cross,Care and Maintenance,-30.202954,119.280597,Yilgarn (S),Wheatbelt,Youanmi Terrane,2025,0.239,1.1,262.9,8452,2012 JORC (Australia)
S0001964,Maranoa,East Menzies Gold,Operating,-29.695325,121.077807,Menzies (S),Goldfields-Esperance,Eastern Goldfields Superterrane,2022,0.046,5.7,262.2,8430,2012 JORC (Australia)
S0022168,Golden Hope North,Murchison / Monument,Shut,-26.916647,118.640709,Meekatharra (S),Mid-West,Youanmi Terrane,2011,0.29,0.9,261.0,8391,Unknown
S0238239,VB North,Bottle Creek,Operating,-29.166696,120.451228,Menzies (S),Goldfields-Esperance,Eastern Goldfields Superterrane,2020,0.208,1.25,260.4,8371,2012 JORC (Australia)
S0225318,Hurricane,Glenburgh,Proposed,-25.375473,116.13831,Upper Gascoyne (S),Gascoyne,Glenburgh Terrane,2020,0.24,1.08,260.0,8359,2012 JORC (Australia)
S0022355,Elise,Eucalyptus,Undeveloped,-29.182577,122.170107,Leonora (S),Goldfields-Esperance,Eastern Goldfields Superterrane,2005,0.021,12.11,254.3,8176,Unknown
S0235714,QE1,Queen Lapage,Care and Maintenance,-30.613476,121.993242,Kalgoorlie-Boulder (C),Goldfields-Esperance,Eastern Goldfields Superterrane,2017,0.127,1.98,251.2,8077,Unknown
S0002819,Timoni,Mt Ida Gold,Shut,-29.097847,120.465113,Menzies (S),Goldfields-Esperance,Eastern Goldfields Superterrane,2024,0.5,0.5,250.0,8038,2012 JORC (Australia)
S0236387,Junction,Nullagine / Millenium,Proposed,-21.861473,120.309842,East Pilbara (S),Pilbara,Mosquito Creek Basin,2017,0.15,1.63,245.0,7877,2012 JORC (Australia)
S0022522,Sand Prince W,Comet Vale - Sand Queen,Care and Maintenance,-29.960223,121.130082,Menzies (S),Goldfields-Esperance,Eastern Goldfields Superterrane,2010,0.109,2.24,244.5,7861,2004 JORC (Australia)
S0013457,Bloodstone,Ruby Well / Rubianna,Shut,-25.958216,118.779713,Meekatharra (S),Mid-West,Bryah Basin,2013,0.095,2.54,241.6,7768,Unknown
S0006710,Eastern Hills,Mt Clement Antimony,Undeveloped,-22.836168,116.123344,Ashburton (S),Pilbara,Ashburton Basin,2022,0.794,0.3,238.2,7658,2012 JORC (Australia)
S0006684,Gibraltar E,Gibraltar South,Undeveloped,-31.055616,120.994212,Coolgardie (S),Goldfields-Esperance,Eastern Goldfields Superterrane,1998,0.062,3.8,235.6,7575,Unknown
S0019116,Joyners Find,Gold Duke,Care and Maintenance,-26.788496,119.951801,Wiluna (S),Mid-West,Youanmi Terrane,2019,0.09,2.6,234.0,7523,2012 JORC (Australia)
S0022129,Eldverton,Ravensthorpe Gold,Undeveloped,-33.620206,120.147807,Ravensthorpe (S),Goldfields-Esperance,Youanmi Terrane,2022,0.27,0.86,232.0,7459,2012 JORC (Australia)
S0243082,Gilt Key,Jasper Hills ,Undeveloped,-29.148312,123.048851,Menzies (S),Goldfields-Esperance,Eastern Goldfields Superterrane,2024,0.168,1.38,231.9,7456,2012 JORC (Australia)
S0004001,Rutherfords Reward,Westonia Heap Leach,Undeveloped,-31.335938,118.769512,Yilgarn (S),Wheatbelt,Youanmi Terrane,1993,0.23,1.0,230.0,7395,Unknown
S0022366,Falcon,Nullagine / Millenium,Care and Maintenance,-21.802548,120.401021,East Pilbara (S),Pilbara,Mosquito Creek Basin,2016,0.08,2.85,228.0,7330,2012 JORC (Australia)
S0239410,Gilmore,Mt McClure / Yandal,Undeveloped,-27.58182,120.97708,Leonora (S),Goldfields-Esperance,Eastern Goldfields Superterrane,2023,0.134,1.7,227.8,7324,2012 JORC (Australia)
S0245875,Desirable,Central Norseman,Operating,-32.126549,121.789392,Dundas (S),Goldfields-Esperance,Eastern Goldfields Superterrane,2025,0.086,2.65,227.7,7321,2012 JORC (Australia)
S0003268,Cyanide Pit,Coolgardie Gold / Focus,Shut,-30.986196,121.177309,Coolgardie (S),Goldfields-Esperance,Eastern Goldfields Superterrane,2019,0.118,1.92,226.0,7266,2004 JORC (Australia)
S0234870,Condor Northwest,Nullagine / Millenium,Care and Maintenance,-21.808768,120.411012,East Pilbara (S),Pilbara,Mosquito Creek Basin,2018,0.07,3.21,225.0,7234,2012 JORC (Australia)
S0003251,Maybelle North,Tuckanarra Gold,Proposed,-27.105462,118.079961,Cue (S),Mid-West,Youanmi Terrane,2012,0.104,2.15,223.6,7190,Unknown
S0022718,Randalls Dam,Randalls - Mt Monger,Undeveloped,-31.076098,122.166308,Kalgoorlie-Boulder (C),Goldfields-Esperance,Eastern Goldfields Superterrane,2022,0.119,1.86,221.2,7112,2012 JORC (Australia)
S0225317,Shelby,Glenburgh,Proposed,-25.385113,116.120671,Upper Gascoyne (S),Gascoyne,Glenburgh Terrane,2020,0.4,0.55,220.0,7073,2012 JORC (Australia)
S0004546,Wycheproof,Wycheproof,Shut,-30.31788,121.300302,Kalgoorlie-Boulder (C),Goldfields-Esperance,Eastern Goldfields Superterrane,2016,0.077,2.87,219.8,7068,Unknown
S0230126,Boudie West,Quinns,Undeveloped,-29.029996,120.503907,Menzies (S),Goldfields-Esperance,Eastern Goldfields Superterrane,2016,0.1,2.1,210.0,6752,2012 JORC (Australia)
S0237809,Cranes,Western Queen - Warda Warra,Undeveloped,-27.504729,117.138717,Yalgoo (S),Mid-West,Youanmi Terrane,2026,0.15,1.4,209.3,6729,2012 JORC (Australia)
S0246307,Rik,Vivien,Undeveloped,-27.978934,120.573159,Leonora (S),Goldfields-Esperance,Eastern Goldfields Superterrane,2025,0.051,4.1,209.1,6723,2012 JORC (Australia)
S0004461,Dugite,Marda / Southern Cross,Care and Maintenance,-30.197952,119.267811,Yilgarn (S),Wheatbelt,Youanmi Terrane,2026,0.179,1.15,206.5,6640,2012 JORC (Australia)
S0233258,Little Burbidge E,Parker Range - Burbidge,Undeveloped,-31.573456,119.568204,Yilgarn (S),Wheatbelt,Youanmi Terrane,2015,0.129,1.59,205.6,6610,Unknown
S0003412,City of Melbourne,Yalgoo,Shut,-28.140637,116.75282,Yalgoo (S),Mid-West,Youanmi Terrane,2004,0.04,5.09,203.6,6546,Unknown
S0240571,Flying Emu,Badja,Undeveloped,-28.556459,116.844806,Yalgoo (S),Mid-West,Youanmi Terrane,2024,0.116,1.75,202.5,6510,2012 JORC (Australia)
S0233256,Burbidge,Parker Range - Burbidge,Undeveloped,-31.56634,119.56058,Yilgarn (S),Wheatbelt,Youanmi Terrane,2015,0.122,1.64,199.6,6417,Unknown
S0021530,Philip Island,Golden Range,Proposed,-28.991432,116.960624,Yalgoo (S),Mid-West,Youanmi Terrane,2004,0.099,2.01,198.5,6383,Unknown
S0022750,Buzzard,Nullagine / Millenium,Undeveloped,-21.808523,120.432008,East Pilbara (S),Pilbara,Mosquito Creek Basin,2018,0.11,1.8,198.0,6366,2012 JORC (Australia)
S0001052,Hatters Hill,Forrestania South Gold,Shut,-32.824537,119.983912,Lake Grace (S),Wheatbelt,Youanmi Terrane,1993,0.045,4.39,197.5,6349,Unknown
S0238768,Maori Queen,Mt Cattlin Gold / Avira Resources,Undeveloped,-33.543805,120.063308,Ravensthorpe (S),Goldfields-Esperance,Youanmi Terrane,2021,0.032,6.19,197.5,6349,2012 JORC (Australia)
S0237827,Seven Leaders,Whiteheads,Undeveloped,-30.154563,121.700596,Kalgoorlie-Boulder (C),Goldfields-Esperance,Eastern Goldfields Superterrane,2025,0.138,1.4,193.2,6212,2012 JORC (Australia)
S0023461,Winja,Livingstone Gold,Undeveloped,-25.592305,117.784313,Meekatharra (S),Mid-West,Bryah Basin,2025,0.125,1.53,191.2,6149,2012 JORC (Australia)
S0030947,Pebbles,Coyote - Western Tanami,Undeveloped,-19.951076,128.803464,Halls Creek (S),Kimberley,Granites--Tanami Orogen,2022,0.076,2.5,190.0,6109,2012 JORC (Australia)
S0004030,Ladybird,Sandstone / Brightstar,Shut,-28.119216,119.453914,Sandstone (S),Mid-West,Youanmi Terrane,2025,0.1,1.9,190.0,6109,2012 JORC (Australia)
S0001150,Annas Brew,Crawfords,Undeveloped,-28.588926,122.41031,Laverton (S),Goldfields-Esperance,Eastern Goldfields Superterrane,1993,0.108,1.75,189.0,6076,Unknown
S0224781,Ruby Anna East,Ruby Well / Rubianna,Undeveloped,-25.957846,118.774115,Meekatharra (S),Mid-West,Bryah Basin,2013,0.049,3.82,187.1,6015,Unknown
S0020518,Warren,Snake Well,Undeveloped,-27.959597,116.03821,Murchison (S),Mid-West,Yilgarn Craton granites,2004,0.17,1.1,187.0,6012,Unknown
S0003751,Tumblegum,Murchison / Monument,Shut,-26.929367,118.648812,Meekatharra (S),Mid-West,Youanmi Terrane,2011,0.17,1.1,187.0,6012,Unknown
S0022629,Hawks Nest,Red Flag - Hawks Nest,Shut,-28.707577,122.292712,Laverton (S),Goldfields-Esperance,Eastern Goldfields Superterrane,2005,0.058,3.19,185.0,5949,Unknown
S0224719,Dawsons,Newington Gold,Shut,-30.493517,118.891083,Yilgarn (S),Wheatbelt,Youanmi Terrane,2010,0.026,7.2,185.0,5949,Unknown
S0021994,Round Hill,Eucalyptus,Undeveloped,-29.182577,122.171008,Leonora (S),Goldfields-Esperance,Eastern Goldfields Superterrane,2005,0.102,1.81,184.6,5936,Unknown
S0023138,Copper Knob,Copper Range,Undeveloped,-23.457166,120.148013,Meekatharra (S),Mid-West,"Pilbara Craton, Sylvania Inlier",2021,0.708,0.26,184.1,5918,2012 JORC (Australia)
S0230009,Miners Dream,Tuckanarra Gold,Undeveloped,-27.133199,118.093405,Cue (S),Mid-West,Youanmi Terrane,2012,0.072,2.55,183.6,5903,Unknown
S0013703,Golden Hope,Ruby Well / Rubianna,Shut,-25.961577,118.767109,Meekatharra (S),Mid-West,Bryah Basin,2013,0.053,3.4,180.2,5794,Unknown
S0000899,Pansy,Murchison South,Proposed,-29.268406,117.695183,Yalgoo (S),Mid-West,Youanmi Terrane,2025,0.072,2.5,180.0,5787,2012 JORC (Australia)
S0006408,Mercury Hill,Old Project Sites (no tenements) for Atlas,Shut,-21.334472,119.043804,East Pilbara (S),Pilbara,Soanesville Basin,1997,0.06,3.0,180.0,5787,Unknown
S0020512,Asp,Snake Well,Undeveloped,-27.978377,115.977007,Murchison (S),Mid-West,Yilgarn Craton granites,2004,0.2,0.9,180.0,5787,Unknown
S0230129,Matisse,Quinns,Undeveloped,-28.957228,120.513267,Menzies (S),Goldfields-Esperance,Yilgarn Craton granites,2016,0.11,1.61,177.0,5691,2012 JORC (Australia)
S0234380,Anne de Vidia P1,Nullagine / Millenium,Care and Maintenance,-21.924347,120.186953,East Pilbara (S),Pilbara,Mosquito Creek Basin,2018,0.13,1.34,174.0,5594,2012 JORC (Australia)
S0019591,Kaipoi,Central Norseman,Undeveloped,-32.139376,121.816714,Dundas (S),Goldfields-Esperance,Eastern Goldfields Superterrane,2019,0.092,1.89,173.9,5590,2012 JORC (Australia)
S0018771,Lady Irene N,Menzies,Shut,-29.634756,120.96271,Menzies (S),Goldfields-Esperance,Eastern Goldfields Superterrane,2021,0.1,1.73,173.0,5562,2012 JORC (Australia)
S0241228,Fangio,Gum Creek Gold,Undeveloped,-26.861137,119.376006,Wiluna (S),Mid-West,Youanmi Terrane,2023,0.129,1.33,171.2,5504,2012 JORC (Australia)
S0247075,Spargoville 5B,Wattle Dam - Spargoville Gold,Undeveloped,-31.367047,121.505248,Coolgardie (S),Goldfields-Esperance,Eastern Goldfields Superterrane,2025,0.04,4.2,168.0,5401,2012 JORC (Australia)
S0235056,Little Annie,Nullagine / Millenium,Undeveloped,-21.921479,120.188008,East Pilbara (S),Pilbara,Mosquito Creek Basin,2018,0.12,1.4,168.0,5401,2012 JORC (Australia)
S0019039,Webbs Patch,Webbs Patch,Undeveloped,-27.586937,118.064707,Cue (S),Mid-West,Youanmi Terrane,2000,0.024,6.8,163.2,5247,Unknown
S0021865,Billjim South,Nullagine / Millenium,Undeveloped,-21.807573,120.398111,East Pilbara (S),Pilbara,Mosquito Creek Basin,2018,0.05,3.2,160.0,5144,2012 JORC (Australia)
S0002898,Teutonic Bore UG,Teutonic Bore - Jaguar,Care and Maintenance,-28.408957,121.147807,Leonora (S),Goldfields-Esperance,Eastern Goldfields Superterrane,2024,1.06,0.15,160.0,5144,2012 JORC (Australia)
S0002652,Thompsons,Reedy,Shut,-27.0507,118.360407,Cue (S),Mid-West,Youanmi Terrane,2025,0.099,1.61,158.9,5109,2012 JORC (Australia)
S0230132,Spotted Dog South,Mt Ida South,Undeveloped,-29.176375,120.528838,Menzies (S),Goldfields-Esperance,Eastern Goldfields Superterrane,2016,0.07,2.2,154.0,4951,2012 JORC (Australia)
S0001305,Armstrong,Mt Edwards Nickel,Care and Maintenance,-31.427058,121.529156,Coolgardie (S),Goldfields-Esperance,Eastern Goldfields Superterrane,2023,0.959,0.16,153.4,4933,2012 JORC (Australia)
S0020520,Royal Standard - Yuin,Snake Well,Shut,-27.935538,116.169909,Yalgoo (S),Mid-West,Youanmi Terrane,2005,0.035,4.3,150.5,4839,Unknown
S0000275,Hawkins Find,Hawkins Find,Operating,-30.498374,121.021971,Coolgardie (S),Goldfields-Esperance,Eastern Goldfields Superterrane,1993,0.05,3.0,150.0,4823,Unknown
S0002312,Alicia,Alicia,Shut,-28.666255,121.93931,Laverton (S),Goldfields-Esperance,Eastern Goldfields Superterrane,1997,0.038,3.89,147.7,4750,Unknown
S0002219,Homeward Bound,Abednego West,Undeveloped,-28.833347,121.773913,Leonora (S),Goldfields-Esperance,Eastern Goldfields Superterrane,1997,0.07,2.1,147.0,4726,Unknown
S0005677,Yarri-Wallaby,Yarri / Nelson,Undeveloped,-29.779486,122.364512,Menzies (S),Goldfields-Esperance,Yilgarn Craton granites,1996,0.084,1.75,147.0,4726,Unknown
S0005824,Fairfield,Laverton Downs,Undeveloped,-28.444128,122.471549,Laverton (S),Goldfields-Esperance,Burtville Terrane,1998,0.032,4.5,144.0,4630,Unknown
S0239765,Golden Crown,Malcolm Gold,Care and Maintenance,-28.891453,121.450787,Leonora (S),Goldfields-Esperance,Eastern Goldfields Superterrane,2026,0.096,1.5,143.8,4624,2012 JORC (Australia)
S0004444,Lady Susan,Lady Susan,Proposed,-28.749453,121.827387,Leonora (S),Goldfields-Esperance,Eastern Goldfields Superterrane,1993,0.071,2.01,142.5,4582,Unknown
S0247164,Lady Lila North,Forrestania Gold / Forrestania,Undeveloped,-32.22983,119.711969,Kondinin (S),Wheatbelt,Youanmi Terrane,2026,0.142,1.0,142.0,4565,2012 JORC (Australia)
S0001380,Mt Mulcahy,Mt Mulcahy,Undeveloped,-27.055727,117.697207,Cue (S),Mid-West,Youanmi Terrane,2014,0.647,0.22,141.0,4533,2012 JORC (Australia)
S0020406,Piper,Sandstone / Brightstar,Proposed,-28.076857,119.377477,Sandstone (S),Mid-West,Youanmi Terrane,2018,0.138,1.02,140.8,4526,2012 JORC (Australia)
S0019698,Friendship,Coolgardie Gold / Focus,Undeveloped,-30.982227,121.187609,Coolgardie (S),Goldfields-Esperance,Eastern Goldfields Superterrane,2005,0.1,1.4,140.0,4501,2004 JORC (Australia)
S0229631,Foothills,Jumbulyer,Undeveloped,-28.17496,117.793439,Mount Magnet (S),Mid-West,Youanmi Terrane,2012,0.07,1.8,126.0,4051,Unknown
S0020323,Lady Lydia S (Kims),Yalgoo,Shut,-28.158408,116.718707,Yalgoo (S),Mid-West,Youanmi Terrane,2004,0.057,2.21,126.0,4050,Unknown
S0022358,Viola,Yerilla / Wild Acre,Undeveloped,-29.482096,121.821711,Menzies (S),Goldfields-Esperance,Eastern Goldfields Superterrane,2005,0.043,2.91,125.1,4023,Unknown
S0224718,Newfield East,Newington Gold,Undeveloped,-30.495435,118.893107,Yilgarn (S),Wheatbelt,Youanmi Terrane,2009,0.05,2.5,124.0,3987,Unknown
S0003201,Hannans N Tourist,Hannans North Tourist Mine,Care and Maintenance,-30.727877,121.470606,Kalgoorlie-Boulder (C),Goldfields-Esperance,Eastern Goldfields Superterrane,1991,0.07,1.77,124.0,3987,Unknown
S0001072,Mt Dockrell Au,Mt Dockrell Gold,Shut,-18.842716,127.203211,Halls Creek (S),Kimberley,"Lamboo Province, Eastern Zone",1991,0.124,1.0,124.0,3987,Unknown
S0005749,Minerichee,Quartz Creek - Minerichee,Proposed,-28.936187,117.049442,Yalgoo (S),Mid-West,Youanmi Terrane,1996,0.076,1.6,121.6,3910,Unknown
S0004563,Cheritons/SOG,Cheritons Find,Undeveloped,-31.832595,119.667612,Yilgarn (S),Wheatbelt,Youanmi Terrane,1994,0.1,1.2,120.0,3858,Unknown
S0003700,Gladiator,Gladiator Tailings,Shut,-28.624496,122.356409,Laverton (S),Goldfields-Esperance,Eastern Goldfields Superterrane,1993,0.1,1.2,120.0,3858,Unknown
S0003979,Francis Furness,Francis Furness,Shut,-31.497266,119.534113,Yilgarn (S),Wheatbelt,Youanmi Terrane,1993,0.003,40.0,120.0,3858,Unknown
S0000209,Yagahong,Murchison / Monument,Shut,-26.916067,118.64341,Meekatharra (S),Mid-West,Youanmi Terrane,2011,0.12,1.0,120.0,3858,Unknown
S0224636,Leviticus,Cue Gold,Operating,-27.714979,117.825262,Mount Magnet (S),Mid-West,Youanmi Terrane,2026,0.034,3.58,119.8,3852,2012 JORC (Australia)
S0240678,Stockpiles,Coolgardie Gold / Focus,Proposed,-30.990788,121.167881,Coolgardie (S),Goldfields-Esperance,Eastern Goldfields Superterrane,2024,0.151,0.79,119.1,3828,2012 JORC (Australia)
S0022357,Yerilla Central,Yerilla / Wild Acre,Undeveloped,-29.482817,121.820612,Menzies (S),Goldfields-Esperance,Eastern Goldfields Superterrane,2005,0.028,4.17,116.8,3754,Unknown
S0000025,Errolls,Errolls,Undeveloped,-27.322916,119.039505,Sandstone (S),Mid-West,Yilgarn Craton granites,1988,0.028,4.13,115.6,3718,Unknown
S0000694,Berwick Moreing,Davyhurst - Lady Ida - Mulline - Riverina - Siberia Gold,Shut,-30.201317,120.967211,Kalgoorlie-Boulder (C),Goldfields-Esperance,Eastern Goldfields Superterrane,2008,0.05,2.3,115.0,3697,2004 JORC (Australia)
S0231360,Dugite East Zone,Mt Clement - Fairview,Undeveloped,-22.835818,116.125587,Ashburton (S),Pilbara,Ashburton Basin,2025,1.14,0.1,114.0,3665,2012 JORC (Australia)
S0001156,Belvidere,Quinns,Undeveloped,-29.033163,120.504382,Menzies (S),Goldfields-Esperance,Eastern Goldfields Superterrane,2016,0.03,3.8,114.0,3665,2012 JORC (Australia)
S0230128,Quinn Hills,Quinns,Undeveloped,-28.991739,120.520431,Menzies (S),Goldfields-Esperance,Eastern Goldfields Superterrane,2016,0.02,5.7,114.0,3665,2012 JORC (Australia)
S0238409,Schwabe,Perrinvale VHMS,Undeveloped,-28.958081,119.939051,Menzies (S),Goldfields-Esperance,Youanmi Terrane,2023,0.272,0.42,113.9,3662,2012 JORC (Australia)
S0005628,Saddows,Saddows,Shut,-28.188898,116.701883,Yalgoo (S),Mid-West,Youanmi Terrane,1995,0.007,16.0,112.0,3601,Unknown
S0002889,Bustler Well,Bustler Well / Macdonald,Undeveloped,-24.797696,116.954913,Upper Gascoyne (S),Gascoyne,Gascoyne Province,1989,0.015,7.43,111.5,3583,Unknown
S0247046,RL 9,Reedy,Undeveloped,-27.095545,118.279732,Cue (S),Mid-West,Youanmi Terrane,2025,0.042,2.61,110.8,3562,2012 JORC (Australia)
S0225316,NE 3,Glenburgh,Proposed,-25.367015,116.154622,Upper Gascoyne (S),Gascoyne,Glenburgh Terrane,2020,0.1,1.1,110.0,3537,2012 JORC (Australia)
S0004352,Eaglehawk,Eagle Hawk,Shut,-27.415806,118.085413,Cue (S),Mid-West,Youanmi Terrane,1993,0.006,18.3,109.8,3530,Unknown
S0004455,Missing Link,Reedy,Shut,-27.112699,118.265414,Cue (S),Mid-West,Youanmi Terrane,2025,0.069,1.57,108.9,3501,2012 JORC (Australia)
S0020519,Buckshot,Snake Well,Undeveloped,-27.955647,116.055613,Murchison (S),Mid-West,Yilgarn Craton granites,2004,0.12,0.9,108.0,3472,Unknown
S0000696,Theil Well,Davyhurst - Lady Ida - Mulline - Riverina - Siberia Gold,Shut,-30.344397,120.907711,Kalgoorlie-Boulder (C),Goldfields-Esperance,Eastern Goldfields Superterrane,2008,0.018,6.0,108.0,3472,2004 JORC (Australia)
S0002675,Kingston,Kingston,Undeveloped,-28.801986,121.83671,Leonora (S),Goldfields-Esperance,Eastern Goldfields Superterrane,1992,0.018,6.0,108.0,3472,Unknown
S0230008,Anchor,Tuckanarra Gold,Proposed,-27.095889,118.099545,Cue (S),Mid-West,Youanmi Terrane,2012,0.117,0.92,107.1,3444,Unknown
S0018952,Bounty S,Mt Holland Gold / Kidman,Shut,-32.105267,119.78139,Yilgarn (S),Wheatbelt,Youanmi Terrane,2009,0.071,1.42,100.7,3238,Unknown
S0003553,Irish Lass,Mt Dockrell Gold,Undeveloped,-18.846326,127.200411,Halls Creek (S),Kimberley,"Lamboo Province, Eastern Zone",1991,0.2,0.5,100.0,3215,Unknown
S0001164,Black Cat,Wild-Viper,Undeveloped,-28.301147,121.202807,Leonora (S),Goldfields-Esperance,Yilgarn Craton granites,1989,0.05,2.0,100.0,3215,Unknown
S0021996,Queen of the Earth,Yerilla / Wild Acre,Proposed,-29.477817,121.817108,Menzies (S),Goldfields-Esperance,Eastern Goldfields Superterrane,2005,0.035,2.85,99.8,3207,Unknown
S0224055,Georges Reward,Cannon,Shut,-30.815185,121.763983,Kalgoorlie-Boulder (C),Goldfields-Esperance,Eastern Goldfields Superterrane,2017,0.044,2.19,95.3,3064,2012 JORC (Australia)
S0019022,Caledonian,Caledonian - Summit,Undeveloped,-31.007307,121.919711,Kalgoorlie-Boulder (C),Goldfields-Esperance,Eastern Goldfields Superterrane,2000,0.023,4.1,94.3,3032,Unknown
S0237114,Credo,Credo / Singh Sandhu,Undeveloped,-30.426016,120.755998,Coolgardie (S),Goldfields-Esperance,Eastern Goldfields Superterrane,2018,0.093,1.01,93.9,3017,2012 JORC (Australia)
S0001142,Bamboo Ck Alluvials,Bamboo - Strattons,Undeveloped,-20.893056,120.191606,East Pilbara (S),Pilbara,Northeast Pilbara Sub-basin,1988,0.3,0.31,93.0,2990,Unknown
S0006748,Linden,Linden Gold,Undeveloped,-29.335576,122.445307,Leonora (S),Goldfields-Esperance,Yilgarn Craton granites,1998,0.04,2.3,92.0,2958,Unknown
S0004214,Burbidge E,Parker Range - Burbidge,Undeveloped,-31.589826,119.579813,Yilgarn (S),Wheatbelt,Youanmi Terrane,2015,0.045,1.99,90.5,2911,Unknown
S0004859,Little Wonder,Day Dawn - Little Wonder,Undeveloped,-27.465477,117.872111,Cue (S),Mid-West,Youanmi Terrane,1994,0.035,2.44,85.4,2746,Unknown
S0002170,New Mexico,New Mexico,Care and Maintenance,-30.307904,120.958256,Kalgoorlie-Boulder (C),Goldfields-Esperance,Eastern Goldfields Superterrane,1989,0.007,12.0,84.0,2701,Unknown
S0239574,Great Northern,Central Goldfields,Undeveloped,-28.906888,121.476411,Leonora (S),Goldfields-Esperance,Eastern Goldfields Superterrane,2024,0.057,1.47,83.8,2694,2012 JORC (Australia)
S0002905,Blue Bar E,Blue Bar,Undeveloped,-21.430077,119.70051,East Pilbara (S),Pilbara,Kelly Large Igneous Province,1990,0.046,1.78,81.9,2634,Unknown
S0022353,Eastern Shear,Eucalyptus,Undeveloped,-29.182738,122.181307,Leonora (S),Goldfields-Esperance,Eastern Goldfields Superterrane,2005,0.028,2.83,79.2,2548,Unknown
S0020554,Eastman,Eastman Base Metals,Undeveloped,-18.710427,126.561006,Halls Creek (S),Kimberley,"Lamboo Province, Central Zone",2007,3.4,0.02,76.0,2443,2004 JORC (Australia)
S0021873,1080E,Snake Well,Undeveloped,-27.955347,116.044413,Murchison (S),Mid-West,Yilgarn Craton granites,2004,0.095,0.8,76.0,2443,Unknown
S0000337,Athenia,Southern Cross - Central Zone,Undeveloped,-31.191597,119.280855,Yilgarn (S),Wheatbelt,Youanmi Terrane,2011,0.049,1.48,73.0,2346,Unknown
S0003535,Evanston,Evanston Tailings,Shut,-29.745687,119.48701,Menzies (S),Goldfields-Esperance,Youanmi Terrane,1992,0.03,2.41,72.3,2324,Unknown
S0020233,McPhees Cairn,Strelley - McPhees,Undeveloped,-21.044947,118.951907,East Pilbara (S),Pilbara,Warrawoona  Large Igneous Province,1991,0.033,2.18,71.9,2313,Unknown
S0002728,Carnage,Carnage,Shut,-30.380735,120.936247,Kalgoorlie-Boulder (C),Goldfields-Esperance,Eastern Goldfields Superterrane,1991,0.005,14.03,70.2,2255,Unknown
S0003248,Midway North,Reedy,Shut,-27.093399,118.345573,Cue (S),Mid-West,Youanmi Terrane,2025,0.052,1.34,69.8,2245,2012 JORC (Australia)
S0229595,Helens Find,Bullabulling / Geko,Undeveloped,-30.946877,120.93482,Coolgardie (S),Goldfields-Esperance,Eastern Goldfields Superterrane,2012,0.02,3.15,63.0,2025,Unknown
S0246560,Tailings,Mt Palmer / Aurumin,Care and Maintenance,-31.409522,119.686274,Yilgarn (S),Wheatbelt,Youanmi Terrane,2025,0.099,0.63,62.1,1995,2012 JORC (Australia)
S0226123,Black Jack East Laterite,Black Jack / Duffy,Proposed,-29.742961,121.07493,Menzies (S),Goldfields-Esperance,Eastern Goldfields Superterrane,2011,0.042,1.47,61.7,1985,Unknown
S0004545,Hickmans Find,Mt Monger / Evergold Minerals,Proposed,-31.059891,122.03589,Kalgoorlie-Boulder (C),Goldfields-Esperance,Eastern Goldfields Superterrane,1994,0.034,1.8,61.2,1968,Unknown
S0247331,Lunar,Mt Ida Gold,Undeveloped,-29.06013,120.436377,Menzies (S),Goldfields-Esperance,Eastern Goldfields Superterrane,2026,0.029,2.1,60.9,1958,2012 JORC (Australia)
S0005750,Three Shafts,Quartz Creek - Minerichee,Proposed,-28.938543,117.053215,Yalgoo (S),Mid-West,Youanmi Terrane,1996,0.016,3.77,60.4,1941,Unknown
S0230402,Saturn,Mt Ida Gold,Undeveloped,-29.146577,120.525284,Menzies (S),Goldfields-Esperance,Eastern Goldfields Superterrane,2026,0.046,1.3,59.8,1923,2012 JORC (Australia)
S0237084,Area 5,Kurnalpi Gold,Undeveloped,-30.594859,122.203372,Kalgoorlie-Boulder (C),Goldfields-Esperance,Eastern Goldfields Superterrane,2018,0.053,1.1,58.3,1874,2012 JORC (Australia)
S0013866,Ruby Anna,Ruby Well / Rubianna,Shut,-25.956908,118.77261,Meekatharra (S),Mid-West,Bryah Basin,2013,0.032,1.7,54.4,1749,Unknown
S0001151,Federal Flag - Crawfords,Crawfords,Undeveloped,-28.578666,122.410013,Laverton (S),Goldfields-Esperance,Eastern Goldfields Superterrane,1993,0.024,2.19,52.6,1690,Unknown
S0239875,Watertank Hill,Badja,Undeveloped,-28.571365,116.855377,Yalgoo (S),Mid-West,Youanmi Terrane,2024,0.077,0.66,51.0,1640,2012 JORC (Australia)
S0002380,Reids Ridge,Warriedar / Norwest Minerals,Care and Maintenance,-29.078556,117.153811,Yalgoo (S),Mid-West,Youanmi Terrane,1989,0.003,16.5,49.5,1591,Unknown
S0003509,Holleton Tailings,Holleton - Learys Lament,Shut,-31.939837,119.015108,Yilgarn (S),Wheatbelt,South West Terrane,1981,0.055,0.9,49.5,1591,Unknown
S0005624,Picnic,Picnic,Undeveloped,-28.862195,121.503413,Leonora (S),Goldfields-Esperance,Eastern Goldfields Superterrane,1995,0.021,2.35,49.4,1587,Unknown
S0002399,Zakanaka North,Mt York Gold / Pilbara Minerals,Shut,-21.09112,118.903039,East Pilbara (S),Pilbara,Kelly Large Igneous Province,1997,0.039,1.26,49.0,1575,Unknown
S0003671,Cadonia,Cadonia,Shut,-31.425094,119.468459,Yilgarn (S),Wheatbelt,Youanmi Terrane,1992,0.004,11.7,46.8,1505,Unknown
S0236401,Hawks Nest ,Hawks Nest / Magnetic,Undeveloped,-28.686589,122.254609,Laverton (S),Goldfields-Esperance,Eastern Goldfields Superterrane,2022,0.052,0.89,46.6,1497,2012 JORC (Australia)
S0236172,Allegro,Golden Range,Undeveloped,-28.788038,116.911007,Yalgoo (S),Mid-West,Youanmi Terrane,2017,0.041,1.1,45.5,1464,2012 JORC (Australia)
S0005385,Little Dipper,Leonora / Iris,Proposed,-28.820893,121.680029,Leonora (S),Goldfields-Esperance,Eastern Goldfields Superterrane,1995,0.005,9.0,45.0,1447,Unknown
S0002237,Porcupine Lode,Golden Range,Undeveloped,-29.104156,117.010111,Perenjori (S),Mid-West,Youanmi Terrane,1999,0.016,2.8,44.8,1440,Unknown
S0002425,Swincers,Swincers,Undeveloped,-28.258657,122.428911,Laverton (S),Goldfields-Esperance,Burtville Terrane,1988,0.004,9.7,38.8,1247,Unknown
S0229361,G Reef,Nullagine / Millenium,Shut,-21.804536,120.415183,East Pilbara (S),Pilbara,Mosquito Creek Basin,2018,0.011,3.49,38.4,1235,2012 JORC (Australia)
S0018967,Prospecting,Golden Valley Prospecting / Taylor,Shut,-30.888456,119.028513,Yilgarn (S),Wheatbelt,Youanmi Terrane,2001,0.002,16.6,33.2,1067,Unknown
S0003114,Randalls Tailings,Randalls Tailings,Shut,-31.046964,122.211711,Kalgoorlie-Boulder (C),Goldfields-Esperance,Eastern Goldfields Superterrane,1991,0.015,2.0,30.0,965,Unknown
S0002900,Boomerang,Boomerang Tailings,Shut,-28.788085,122.65221,Laverton (S),Goldfields-Esperance,Burtville Terrane,1990,0.015,2.0,30.0,965,Unknown
S0002530,Clampton,Clampton,Care and Maintenance,-29.947691,119.110461,Yilgarn (S),Wheatbelt,Youanmi Terrane,1990,0.005,5.46,27.3,878,Unknown
S0002848,Lalla Rookh Tailings,Lalla Rookh,Shut,-21.049145,119.276012,East Pilbara (S),Pilbara,Warrawoona  Large Igneous Province,1990,0.01,2.6,26.0,836,Unknown
S0230127,Boudie Beach,Quinns,Undeveloped,-29.039393,120.506897,Menzies (S),Goldfields-Esperance,Eastern Goldfields Superterrane,2016,0.01,2.5,25.0,804,2012 JORC (Australia)
S0016697,Igloo,Quartz Circle Base Metals,Undeveloped,-21.667676,120.18741,East Pilbara (S),Pilbara,Warrawoona  Large Igneous Province,2011,0.093,0.24,22.3,718,Unknown
S0247047,West Zone,Reedy,Undeveloped,-27.07765,118.351588,Cue (S),Mid-West,Youanmi Terrane,2025,0.016,1.38,21.5,692,2012 JORC (Australia)
S0000892,Res Group,North Shaw,Shut,-21.325113,119.365872,East Pilbara (S),Pilbara,Warrawoona  Large Igneous Province,2001,0.004,5.0,20.0,643,Unknown
S0032480,Red Bore,Red Bore,Undeveloped,-25.544312,119.348028,Meekatharra (S),Mid-West,Bryah Basin,2012,0.048,0.4,19.2,617,Unknown
S0003870,Bali High,Bali,Undeveloped,-23.406107,116.933308,Ashburton (S),Pilbara,Blair Basin,1989,0.095,0.2,19.0,611,Unknown
S0022356,Yandoo,Eucalyptus,Undeveloped,-29.112718,122.17716,Leonora (S),Goldfields-Esperance,Eastern Goldfields Superterrane,2005,0.008,1.91,15.3,491,Unknown
S0004224,Wilthorpe,Fortnum,Shut,-25.517887,118.30051,Meekatharra (S),Mid-West,"Yarlarweelor Gneiss Complex, Narryer Terrane",2022,0.008,1.74,13.8,443,Unknown
S0003503,Alluvials,Golden Grove Alluvials 2 / Minjar,Shut,-28.76748,116.991158,Yalgoo (S),Mid-West,Yilgarn Craton granites,1992,0.02,0.6,12.0,386,Unknown
S0003886,Tambourah Alluvials,Tambourah Gold and Copper,Shut,-21.742349,119.21361,East Pilbara (S),Pilbara,Warrawoona  Large Igneous Province,1992,0.035,0.3,10.5,338,Unknown
S0002147,Surprize Tailings,Surprize,Shut,-21.173044,119.482785,East Pilbara (S),Pilbara,Warrawoona  Large Igneous Province,1989,0.02,0.5,10.0,322,Unknown
S0006692,Joshtails,Joshtails,Shut,-30.816178,121.535609,Kalgoorlie-Boulder (C),Goldfields-Esperance,Eastern Goldfields Superterrane,2005,0.005,1.9,9.5,305,Unknown
S0001933,Mugga King Tailings,Mugga King Tailings,Shut,-28.703364,116.241853,Yalgoo (S),Mid-West,Youanmi Terrane,1988,0.005,1.75,8.8,281,Unknown
S0002645,Dryblowing,Kurnalpi Dryblowing / Shannon,Shut,-30.522556,122.243411,Kalgoorlie-Boulder (C),Goldfields-Esperance,Eastern Goldfields Superterrane,1990,0.015,0.5,7.5,241,Unknown
S0002524,Three Boys Hill Tailings,Three Boys Hill,Shut,-31.231765,119.317309,Yilgarn (S),Wheatbelt,Youanmi Terrane,1990,0.004,1.8,7.2,231,Unknown
S0006645,A-Cap,Coolgardie Gold,Operating,-30.999026,121.195072,Coolgardie (S),Goldfields-Esperance,Eastern Goldfields Superterrane,2025,0.01,0.66,6.6,212,2012 JORC (Australia)
S0000302,Hannan S,Hannan South,Shut,-30.883397,121.552607,Kalgoorlie-Boulder (C),Goldfields-Esperance,Eastern Goldfields Superterrane,2001,0.005,1.0,5.0,161,Unknown
S0022352,Shannon Tailings,Eucalyptus,Shut,-29.153707,122.172312,Leonora (S),Goldfields-Esperance,Eastern Goldfields Superterrane,2005,0.002,1.58,3.2,102,Unknown
S0240533,Callisto,Norseman / Galileo,Undeveloped,-32.097016,121.648478,Dundas (S),Goldfields-Esperance,Eastern Goldfields Superterrane,2023,17.48,0.0,0.8,25,2012 JORC (Australia)
