quarter,series,category,subcategory,value,unit
1990-Q1,exploration,Gold,,67.9,A$m
1990-Q2,exploration,Gold,,88.7,A$m
1990-Q3,exploration,Gold,,67,A$m
1990-Q4,exploration,Gold,,87.4,A$m
1991-Q1,exploration,Gold,,63.2,A$m
1991-Q2,exploration,Gold,,88.2,A$m
1991-Q3,exploration,Gold,,79.4,A$m
1991-Q4,exploration,Gold,,79.4,A$m
1992-Q1,exploration,Gold,,67.8,A$m
1992-Q2,exploration,Gold,,78.1,A$m
1992-Q3,exploration,Gold,,75.5,A$m
1992-Q4,exploration,Gold,,83.8,A$m
1993-Q1,exploration,Gold,,69.7,A$m
1993-Q2,exploration,Gold,,91.1,A$m
1993-Q3,exploration,Gold,,100.1,A$m
1993-Q4,exploration,Gold,,111.6,A$m
1994-Q1,exploration,Gold,,108.8,A$m
1994-Q2,exploration,Gold,,133.4,A$m
1994-Q3,exploration,Gold,,138.2,A$m
1994-Q4,exploration,Gold,,143.5,A$m
1995-Q1,exploration,Gold,,114.2,A$m
1995-Q2,exploration,Gold,,158.6,A$m
1995-Q3,exploration,Gold,,132.7,A$m
1995-Q4,exploration,Gold,,143.7,A$m
1996-Q1,exploration,Gold,,123.3,A$m
1996-Q2,exploration,Gold,,147.4,A$m
1996-Q3,exploration,Gold,,165.5,A$m
1996-Q4,exploration,Gold,,186.8,A$m
1997-Q1,exploration,Gold,,150.1,A$m
1997-Q2,exploration,Gold,,225.9,A$m
1997-Q3,exploration,Gold,,196.7,A$m
1997-Q4,exploration,Gold,,163.9,A$m
1998-Q1,exploration,Gold,,136.1,A$m
1998-Q2,exploration,Gold,,151.7,A$m
1998-Q3,exploration,Gold,,134.3,A$m
1998-Q4,exploration,Gold,,139.8,A$m
1999-Q1,exploration,Gold,,99.4,A$m
1999-Q2,exploration,Gold,,112.7,A$m
1999-Q3,exploration,Gold,,101.5,A$m
1999-Q4,exploration,Gold,,91.6,A$m
2000-Q1,exploration,Gold,,71.9,A$m
2000-Q2,exploration,Gold,,109.8,A$m
2000-Q3,exploration,Gold,,92.5,A$m
2000-Q4,exploration,Gold,,97.5,A$m
2001-Q1,exploration,Gold,,83.3,A$m
2001-Q2,exploration,Gold,,96.8,A$m
2001-Q3,exploration,Gold,,86.4,A$m
2001-Q4,exploration,Gold,,84.2,A$m
2002-Q1,exploration,Gold,,73.9,A$m
2002-Q2,exploration,Gold,,86.8,A$m
2002-Q3,exploration,Gold,,95.2,A$m
2002-Q4,exploration,Gold,,99.3,A$m
2003-Q1,exploration,Gold,,84.6,A$m
2003-Q2,exploration,Gold,,99.3,A$m
2003-Q3,exploration,Gold,,96.7,A$m
2003-Q4,exploration,Gold,,93.1,A$m
2004-Q1,exploration,Gold,,91.2,A$m
2004-Q2,exploration,Gold,,116.1,A$m
2004-Q3,exploration,Gold,,109.9,A$m
2004-Q4,exploration,Gold,,96.8,A$m
2005-Q1,exploration,Gold,,81.9,A$m
2005-Q2,exploration,Gold,,103.1,A$m
2005-Q3,exploration,Gold,,100,A$m
2005-Q4,exploration,Gold,,99.1,A$m
2006-Q1,exploration,Gold,,90,A$m
2006-Q2,exploration,Gold,,110.5,A$m
2006-Q3,exploration,Gold,,104.3,A$m
2006-Q4,exploration,Gold,,125,A$m
2007-Q1,exploration,Gold,,103.6,A$m
2007-Q2,exploration,Gold,,123,A$m
2007-Q3,exploration,Gold,,129.6,A$m
2007-Q4,exploration,Gold,,146.7,A$m
2008-Q1,exploration,Gold,,142.4,A$m
2008-Q2,exploration,Gold,,173.9,A$m
2008-Q3,exploration,Gold,,133.2,A$m
2008-Q4,exploration,Gold,,120.4,A$m
2009-Q1,exploration,Gold,,85.6,A$m
2009-Q2,exploration,Gold,,98.8,A$m
2009-Q3,exploration,Gold,,133.4,A$m
2009-Q4,exploration,Gold,,145.5,A$m
2010-Q1,exploration,Gold,,130.8,A$m
2010-Q2,exploration,Gold,,165.7,A$m
2010-Q3,exploration,Gold,,160.3,A$m
2010-Q4,exploration,Gold,,167.3,A$m
2011-Q1,exploration,Gold,,146.4,A$m
2011-Q2,exploration,Gold,,178.2,A$m
2011-Q3,exploration,Gold,,184.2,A$m
2011-Q4,exploration,Gold,,200,A$m
2012-Q1,exploration,Gold,,168.8,A$m
2012-Q2,exploration,Gold,,215,A$m
2012-Q3,exploration,Gold,,194.4,A$m
2012-Q4,exploration,Gold,,162.7,A$m
2013-Q1,exploration,Gold,,154.7,A$m
2013-Q2,exploration,Gold,,150,A$m
2013-Q3,exploration,Gold,,132.2,A$m
2013-Q4,exploration,Gold,,116.5,A$m
2014-Q1,exploration,Gold,,81.7,A$m
2014-Q2,exploration,Gold,,103.9,A$m
2014-Q3,exploration,Gold,,90,A$m
2014-Q4,exploration,Gold,,101.7,A$m
2015-Q1,exploration,Gold,,91.6,A$m
2015-Q2,exploration,Gold,,112.4,A$m
2015-Q3,exploration,Gold,,133.7,A$m
2015-Q4,exploration,Gold,,138.2,A$m
2016-Q1,exploration,Gold,,119.3,A$m
2016-Q2,exploration,Gold,,156.9,A$m
2016-Q3,exploration,Gold,,159.1,A$m
2016-Q4,exploration,Gold,,182.3,A$m
2017-Q1,exploration,Gold,,155.2,A$m
2017-Q2,exploration,Gold,,192.6,A$m
2017-Q3,exploration,Gold,,192.9,A$m
2017-Q4,exploration,Gold,,208.9,A$m
2018-Q1,exploration,Gold,,187.4,A$m
2018-Q2,exploration,Gold,,220.9,A$m
2018-Q3,exploration,Gold,,239.7,A$m
2018-Q4,exploration,Gold,,244.1,A$m
2019-Q1,exploration,Gold,,223,A$m
2019-Q2,exploration,Gold,,259.8,A$m
2019-Q3,exploration,Gold,,281.3,A$m
2019-Q4,exploration,Gold,,303.9,A$m
2020-Q1,exploration,Gold,,272.3,A$m
2020-Q2,exploration,Gold,,304.4,A$m
2020-Q3,exploration,Gold,,356.1,A$m
2020-Q4,exploration,Gold,,383.5,A$m
2021-Q1,exploration,Gold,,360.2,A$m
2021-Q2,exploration,Gold,,429.8,A$m
2021-Q3,exploration,Gold,,417.9,A$m
2021-Q4,exploration,Gold,,390.8,A$m
2022-Q1,exploration,Gold,,363.6,A$m
2022-Q2,exploration,Gold,,421.7,A$m
2022-Q3,exploration,Gold,,380.5,A$m
2022-Q4,exploration,Gold,,359.3,A$m
2023-Q1,exploration,Gold,,275.5,A$m
2023-Q2,exploration,Gold,,310.5,A$m
2023-Q3,exploration,Gold,,333.4,A$m
2023-Q4,exploration,Gold,,323.1,A$m
2024-Q1,exploration,Gold,,284.4,A$m
2024-Q2,exploration,Gold,,296,A$m
2024-Q3,exploration,Gold,,297.5,A$m
2024-Q4,exploration,Gold,,314.3,A$m
2025-Q1,exploration,Gold,,293.9,A$m
2025-Q2,exploration,Gold,,402.5,A$m
2025-Q3,exploration,Gold,,431.4,A$m
2025-Q4,exploration,Gold,,478.8,A$m
2026-Q1,exploration,Gold,,450.9,A$m
1990-Q1,exploration,Total metals and other minerals,,119.6,A$m
1990-Q2,exploration,Total metals and other minerals,,150.6,A$m
1990-Q3,exploration,Total metals and other minerals,,131.3,A$m
1990-Q4,exploration,Total metals and other minerals,,157.3,A$m
1991-Q1,exploration,Total metals and other minerals,,120.4,A$m
1991-Q2,exploration,Total metals and other minerals,,156.8,A$m
1991-Q3,exploration,Total metals and other minerals,,144.6,A$m
1991-Q4,exploration,Total metals and other minerals,,153.8,A$m
1992-Q1,exploration,Total metals and other minerals,,114.9,A$m
1992-Q2,exploration,Total metals and other minerals,,150.3,A$m
1992-Q3,exploration,Total metals and other minerals,,150.7,A$m
1992-Q4,exploration,Total metals and other minerals,,165,A$m
1993-Q1,exploration,Total metals and other minerals,,117.9,A$m
1993-Q2,exploration,Total metals and other minerals,,165.2,A$m
1993-Q3,exploration,Total metals and other minerals,,178.5,A$m
1993-Q4,exploration,Total metals and other minerals,,199.7,A$m
1994-Q1,exploration,Total metals and other minerals,,167.4,A$m
1994-Q2,exploration,Total metals and other minerals,,211.8,A$m
1994-Q3,exploration,Total metals and other minerals,,213.3,A$m
1994-Q4,exploration,Total metals and other minerals,,219.9,A$m
1995-Q1,exploration,Total metals and other minerals,,181.1,A$m
1995-Q2,exploration,Total metals and other minerals,,233.1,A$m
1995-Q3,exploration,Total metals and other minerals,,212.3,A$m
1995-Q4,exploration,Total metals and other minerals,,214.9,A$m
1996-Q1,exploration,Total metals and other minerals,,206.6,A$m
1996-Q2,exploration,Total metals and other minerals,,266.6,A$m
1996-Q3,exploration,Total metals and other minerals,,255,A$m
1996-Q4,exploration,Total metals and other minerals,,272.8,A$m
1997-Q1,exploration,Total metals and other minerals,,217.7,A$m
1997-Q2,exploration,Total metals and other minerals,,319.6,A$m
1997-Q3,exploration,Total metals and other minerals,,277.8,A$m
1997-Q4,exploration,Total metals and other minerals,,254.5,A$m
1998-Q1,exploration,Total metals and other minerals,,202.8,A$m
1998-Q2,exploration,Total metals and other minerals,,244.7,A$m
1998-Q3,exploration,Total metals and other minerals,,218.9,A$m
1998-Q4,exploration,Total metals and other minerals,,226.6,A$m
1999-Q1,exploration,Total metals and other minerals,,156.1,A$m
1999-Q2,exploration,Total metals and other minerals,,180.8,A$m
1999-Q3,exploration,Total metals and other minerals,,165.8,A$m
1999-Q4,exploration,Total metals and other minerals,,164,A$m
2000-Q1,exploration,Total metals and other minerals,,128.8,A$m
2000-Q2,exploration,Total metals and other minerals,,174,A$m
2000-Q3,exploration,Total metals and other minerals,,160.6,A$m
2000-Q4,exploration,Total metals and other minerals,,175,A$m
2001-Q1,exploration,Total metals and other minerals,,134.8,A$m
2001-Q2,exploration,Total metals and other minerals,,167.7,A$m
2001-Q3,exploration,Total metals and other minerals,,152.5,A$m
2001-Q4,exploration,Total metals and other minerals,,154.2,A$m
2002-Q1,exploration,Total metals and other minerals,,123.1,A$m
2002-Q2,exploration,Total metals and other minerals,,151.7,A$m
2002-Q3,exploration,Total metals and other minerals,,164.4,A$m
2002-Q4,exploration,Total metals and other minerals,,169.7,A$m
2003-Q1,exploration,Total metals and other minerals,,138.7,A$m
2003-Q2,exploration,Total metals and other minerals,,175.3,A$m
2003-Q3,exploration,Total metals and other minerals,,156.3,A$m
2003-Q4,exploration,Total metals and other minerals,,172.4,A$m
2004-Q1,exploration,Total metals and other minerals,,152.3,A$m
2004-Q2,exploration,Total metals and other minerals,,213.6,A$m
2004-Q3,exploration,Total metals and other minerals,,217.6,A$m
2004-Q4,exploration,Total metals and other minerals,,224.2,A$m
2005-Q1,exploration,Total metals and other minerals,,192.8,A$m
2005-Q2,exploration,Total metals and other minerals,,246.3,A$m
2005-Q3,exploration,Total metals and other minerals,,247.9,A$m
2005-Q4,exploration,Total metals and other minerals,,265.8,A$m
2006-Q1,exploration,Total metals and other minerals,,212.1,A$m
2006-Q2,exploration,Total metals and other minerals,,292.4,A$m
2006-Q3,exploration,Total metals and other minerals,,319.4,A$m
2006-Q4,exploration,Total metals and other minerals,,360.6,A$m
2007-Q1,exploration,Total metals and other minerals,,306.2,A$m
2007-Q2,exploration,Total metals and other minerals,,421.1,A$m
2007-Q3,exploration,Total metals and other minerals,,463.3,A$m
2007-Q4,exploration,Total metals and other minerals,,496.5,A$m
2008-Q1,exploration,Total metals and other minerals,,440.7,A$m
2008-Q2,exploration,Total metals and other minerals,,594.6,A$m
2008-Q3,exploration,Total metals and other minerals,,562.5,A$m
2008-Q4,exploration,Total metals and other minerals,,513.7,A$m
2009-Q1,exploration,Total metals and other minerals,,306.6,A$m
2009-Q2,exploration,Total metals and other minerals,,357.9,A$m
2009-Q3,exploration,Total metals and other minerals,,421.4,A$m
2009-Q4,exploration,Total metals and other minerals,,445,A$m
2010-Q1,exploration,Total metals and other minerals,,375.2,A$m
2010-Q2,exploration,Total metals and other minerals,,500.7,A$m
2010-Q3,exploration,Total metals and other minerals,,525.7,A$m
2010-Q4,exploration,Total metals and other minerals,,536.8,A$m
2011-Q1,exploration,Total metals and other minerals,,497.1,A$m
2011-Q2,exploration,Total metals and other minerals,,658.1,A$m
2011-Q3,exploration,Total metals and other minerals,,702,A$m
2011-Q4,exploration,Total metals and other minerals,,769.1,A$m
2012-Q1,exploration,Total metals and other minerals,,669.3,A$m
2012-Q2,exploration,Total metals and other minerals,,824.7,A$m
2012-Q3,exploration,Total metals and other minerals,,700.6,A$m
2012-Q4,exploration,Total metals and other minerals,,653.9,A$m
2013-Q1,exploration,Total metals and other minerals,,555.3,A$m
2013-Q2,exploration,Total metals and other minerals,,532.1,A$m
2013-Q3,exploration,Total metals and other minerals,,512.7,A$m
2013-Q4,exploration,Total metals and other minerals,,430,A$m
2014-Q1,exploration,Total metals and other minerals,,299.4,A$m
2014-Q2,exploration,Total metals and other minerals,,423.7,A$m
2014-Q3,exploration,Total metals and other minerals,,367.5,A$m
2014-Q4,exploration,Total metals and other minerals,,368.4,A$m
2015-Q1,exploration,Total metals and other minerals,,266.8,A$m
2015-Q2,exploration,Total metals and other minerals,,283.6,A$m
2015-Q3,exploration,Total metals and other minerals,,322.3,A$m
2015-Q4,exploration,Total metals and other minerals,,308.7,A$m
2016-Q1,exploration,Total metals and other minerals,,259.1,A$m
2016-Q2,exploration,Total metals and other minerals,,319.3,A$m
2016-Q3,exploration,Total metals and other minerals,,337.4,A$m
2016-Q4,exploration,Total metals and other minerals,,363.5,A$m
2017-Q1,exploration,Total metals and other minerals,,308.6,A$m
2017-Q2,exploration,Total metals and other minerals,,413.7,A$m
2017-Q3,exploration,Total metals and other minerals,,433.5,A$m
2017-Q4,exploration,Total metals and other minerals,,454.2,A$m
2018-Q1,exploration,Total metals and other minerals,,400.4,A$m
2018-Q2,exploration,Total metals and other minerals,,522.6,A$m
2018-Q3,exploration,Total metals and other minerals,,535.6,A$m
2018-Q4,exploration,Total metals and other minerals,,539.1,A$m
2019-Q1,exploration,Total metals and other minerals,,467.4,A$m
2019-Q2,exploration,Total metals and other minerals,,609.2,A$m
2019-Q3,exploration,Total metals and other minerals,,659.1,A$m
2019-Q4,exploration,Total metals and other minerals,,673.2,A$m
2020-Q1,exploration,Total metals and other minerals,,534.4,A$m
2020-Q2,exploration,Total metals and other minerals,,594.5,A$m
2020-Q3,exploration,Total metals and other minerals,,670,A$m
2020-Q4,exploration,Total metals and other minerals,,711.6,A$m
2021-Q1,exploration,Total metals and other minerals,,682.2,A$m
2021-Q2,exploration,Total metals and other minerals,,853.2,A$m
2021-Q3,exploration,Total metals and other minerals,,927.7,A$m
2021-Q4,exploration,Total metals and other minerals,,894.5,A$m
2022-Q1,exploration,Total metals and other minerals,,808.3,A$m
2022-Q2,exploration,Total metals and other minerals,,989.2,A$m
2022-Q4,exploration,Total metals and other minerals,,964.8,A$m
2023-Q1,exploration,Total metals and other minerals,,824.3,A$m
2023-Q2,exploration,Total metals and other minerals,,994.4,A$m
2023-Q3,exploration,Total metals and other minerals,,1055.8,A$m
2023-Q4,exploration,Total metals and other minerals,,1008.8,A$m
2024-Q1,exploration,Total metals and other minerals,,820.1,A$m
2024-Q2,exploration,Total metals and other minerals,,928.3,A$m
2024-Q3,exploration,Total metals and other minerals,,910.4,A$m
2024-Q4,exploration,Total metals and other minerals,,890.4,A$m
2025-Q1,exploration,Total metals and other minerals,,747.8,A$m
2025-Q2,exploration,Total metals and other minerals,,937.7,A$m
2025-Q3,exploration,Total metals and other minerals,,982.9,A$m
2025-Q4,exploration,Total metals and other minerals,,981.6,A$m
2026-Q1,exploration,Total metals and other minerals,,899.4,A$m
1990-Q1,exports_quantity,Refined and unrefined bullion,China,0,t
1990-Q2,exports_quantity,Refined and unrefined bullion,China,0,t
1990-Q3,exports_quantity,Refined and unrefined bullion,China,0,t
1990-Q4,exports_quantity,Refined and unrefined bullion,China,0,t
1991-Q1,exports_quantity,Refined and unrefined bullion,China,0,t
1991-Q2,exports_quantity,Refined and unrefined bullion,China,0,t
1991-Q3,exports_quantity,Refined and unrefined bullion,China,0,t
1991-Q4,exports_quantity,Refined and unrefined bullion,China,0,t
1992-Q1,exports_quantity,Refined and unrefined bullion,China,0,t
1992-Q2,exports_quantity,Refined and unrefined bullion,China,0,t
1992-Q3,exports_quantity,Refined and unrefined bullion,China,0,t
1992-Q4,exports_quantity,Refined and unrefined bullion,China,0,t
1993-Q1,exports_quantity,Refined and unrefined bullion,China,0,t
1993-Q2,exports_quantity,Refined and unrefined bullion,China,0,t
1993-Q3,exports_quantity,Refined and unrefined bullion,China,0,t
1993-Q4,exports_quantity,Refined and unrefined bullion,China,0,t
1994-Q1,exports_quantity,Refined and unrefined bullion,China,0,t
1994-Q2,exports_quantity,Refined and unrefined bullion,China,0,t
1994-Q3,exports_quantity,Refined and unrefined bullion,China,0,t
1994-Q4,exports_quantity,Refined and unrefined bullion,China,0,t
1995-Q1,exports_quantity,Refined and unrefined bullion,China,0,t
1995-Q2,exports_quantity,Refined and unrefined bullion,China,0,t
1995-Q3,exports_quantity,Refined and unrefined bullion,China,0,t
1995-Q4,exports_quantity,Refined and unrefined bullion,China,0,t
1996-Q1,exports_quantity,Refined and unrefined bullion,China,0,t
1996-Q2,exports_quantity,Refined and unrefined bullion,China,0,t
1996-Q3,exports_quantity,Refined and unrefined bullion,China,0,t
1996-Q4,exports_quantity,Refined and unrefined bullion,China,0,t
1997-Q1,exports_quantity,Refined and unrefined bullion,China,0,t
1997-Q2,exports_quantity,Refined and unrefined bullion,China,0,t
1997-Q3,exports_quantity,Refined and unrefined bullion,China,0,t
1997-Q4,exports_quantity,Refined and unrefined bullion,China,0,t
1998-Q1,exports_quantity,Refined and unrefined bullion,China,0,t
1998-Q2,exports_quantity,Refined and unrefined bullion,China,0.003,t
1998-Q3,exports_quantity,Refined and unrefined bullion,China,0,t
1998-Q4,exports_quantity,Refined and unrefined bullion,China,0,t
1999-Q1,exports_quantity,Refined and unrefined bullion,China,4.9164,t
1999-Q2,exports_quantity,Refined and unrefined bullion,China,0.5,t
1999-Q3,exports_quantity,Refined and unrefined bullion,China,0,t
1999-Q4,exports_quantity,Refined and unrefined bullion,China,0,t
2000-Q1,exports_quantity,Refined and unrefined bullion,China,0,t
2000-Q2,exports_quantity,Refined and unrefined bullion,China,0,t
2000-Q3,exports_quantity,Refined and unrefined bullion,China,0,t
2000-Q4,exports_quantity,Refined and unrefined bullion,China,0,t
2001-Q1,exports_quantity,Refined and unrefined bullion,China,0,t
2001-Q2,exports_quantity,Refined and unrefined bullion,China,0,t
2001-Q3,exports_quantity,Refined and unrefined bullion,China,0,t
2001-Q4,exports_quantity,Refined and unrefined bullion,China,0,t
2002-Q1,exports_quantity,Refined and unrefined bullion,China,0,t
2002-Q2,exports_quantity,Refined and unrefined bullion,China,0,t
2002-Q3,exports_quantity,Refined and unrefined bullion,China,0.153,t
2002-Q4,exports_quantity,Refined and unrefined bullion,China,0.016,t
2003-Q1,exports_quantity,Refined and unrefined bullion,China,0.032,t
2003-Q2,exports_quantity,Refined and unrefined bullion,China,0,t
2003-Q3,exports_quantity,Refined and unrefined bullion,China,0,t
2003-Q4,exports_quantity,Refined and unrefined bullion,China,0,t
2004-Q1,exports_quantity,Refined and unrefined bullion,China,0,t
2004-Q2,exports_quantity,Refined and unrefined bullion,China,0,t
2004-Q3,exports_quantity,Refined and unrefined bullion,China,0,t
2004-Q4,exports_quantity,Refined and unrefined bullion,China,0,t
2005-Q1,exports_quantity,Refined and unrefined bullion,China,2.001,t
2005-Q2,exports_quantity,Refined and unrefined bullion,China,2.502,t
2005-Q3,exports_quantity,Refined and unrefined bullion,China,1,t
2005-Q4,exports_quantity,Refined and unrefined bullion,China,0.04,t
2006-Q1,exports_quantity,Refined and unrefined bullion,China,0.0016,t
2006-Q2,exports_quantity,Refined and unrefined bullion,China,0.0014,t
2006-Q3,exports_quantity,Refined and unrefined bullion,China,0,t
2006-Q4,exports_quantity,Refined and unrefined bullion,China,0.0192,t
2007-Q1,exports_quantity,Refined and unrefined bullion,China,0,t
2007-Q2,exports_quantity,Refined and unrefined bullion,China,0,t
2007-Q3,exports_quantity,Refined and unrefined bullion,China,0,t
2007-Q4,exports_quantity,Refined and unrefined bullion,China,0.1603,t
2008-Q1,exports_quantity,Refined and unrefined bullion,China,0,t
2008-Q2,exports_quantity,Refined and unrefined bullion,China,0,t
2008-Q3,exports_quantity,Refined and unrefined bullion,China,0,t
2008-Q4,exports_quantity,Refined and unrefined bullion,China,0,t
2009-Q1,exports_quantity,Refined and unrefined bullion,China,0.0,t
2009-Q2,exports_quantity,Refined and unrefined bullion,China,0,t
2009-Q3,exports_quantity,Refined and unrefined bullion,China,0,t
2009-Q4,exports_quantity,Refined and unrefined bullion,China,0,t
2010-Q1,exports_quantity,Refined and unrefined bullion,China,0,t
2010-Q2,exports_quantity,Refined and unrefined bullion,China,0.0565,t
2010-Q3,exports_quantity,Refined and unrefined bullion,China,0,t
2010-Q4,exports_quantity,Refined and unrefined bullion,China,5,t
2011-Q1,exports_quantity,Refined and unrefined bullion,China,9,t
2011-Q2,exports_quantity,Refined and unrefined bullion,China,0,t
2011-Q3,exports_quantity,Refined and unrefined bullion,China,0.5,t
2011-Q4,exports_quantity,Refined and unrefined bullion,China,16.0013,t
2012-Q1,exports_quantity,Refined and unrefined bullion,China,17.287,t
2012-Q2,exports_quantity,Refined and unrefined bullion,China,49.1729,t
2012-Q3,exports_quantity,Refined and unrefined bullion,China,23.396,t
2012-Q4,exports_quantity,Refined and unrefined bullion,China,18.357,t
2013-Q1,exports_quantity,Refined and unrefined bullion,China,36.3548,t
2013-Q2,exports_quantity,Refined and unrefined bullion,China,43.679,t
2013-Q3,exports_quantity,Refined and unrefined bullion,China,42.332,t
2013-Q4,exports_quantity,Refined and unrefined bullion,China,50.4628,t
2014-Q1,exports_quantity,Refined and unrefined bullion,China,46.1421,t
2014-Q2,exports_quantity,Refined and unrefined bullion,China,38.7654,t
2014-Q3,exports_quantity,Refined and unrefined bullion,China,29.1518,t
2014-Q4,exports_quantity,Refined and unrefined bullion,China,41.612,t
2015-Q1,exports_quantity,Refined and unrefined bullion,China,37.7433,t
2015-Q2,exports_quantity,Refined and unrefined bullion,China,39.0328,t
2015-Q3,exports_quantity,Refined and unrefined bullion,China,54.461,t
2015-Q4,exports_quantity,Refined and unrefined bullion,China,49.688,t
2016-Q1,exports_quantity,Refined and unrefined bullion,China,21.1536,t
2016-Q2,exports_quantity,Refined and unrefined bullion,China,6.0335,t
2016-Q3,exports_quantity,Refined and unrefined bullion,China,9.1085,t
2016-Q4,exports_quantity,Refined and unrefined bullion,China,14.0989,t
2017-Q1,exports_quantity,Refined and unrefined bullion,China,7.201,t
2017-Q2,exports_quantity,Refined and unrefined bullion,China,13.4625,t
2017-Q3,exports_quantity,Refined and unrefined bullion,China,0.1399,t
2017-Q4,exports_quantity,Refined and unrefined bullion,China,1,t
2018-Q1,exports_quantity,Refined and unrefined bullion,China,21,t
2018-Q2,exports_quantity,Refined and unrefined bullion,China,31,t
2018-Q3,exports_quantity,Refined and unrefined bullion,China,21.074,t
2018-Q4,exports_quantity,Refined and unrefined bullion,China,32.7,t
2019-Q1,exports_quantity,Refined and unrefined bullion,China,14.852,t
2019-Q2,exports_quantity,Refined and unrefined bullion,China,22,t
2019-Q3,exports_quantity,Refined and unrefined bullion,China,9.5,t
2019-Q4,exports_quantity,Refined and unrefined bullion,China,3,t
2020-Q1,exports_quantity,Refined and unrefined bullion,China,0,t
2020-Q2,exports_quantity,Refined and unrefined bullion,China,0,t
2020-Q3,exports_quantity,Refined and unrefined bullion,China,0,t
2020-Q4,exports_quantity,Refined and unrefined bullion,China,0,t
2021-Q1,exports_quantity,Refined and unrefined bullion,China,3,t
2021-Q2,exports_quantity,Refined and unrefined bullion,China,24,t
2021-Q3,exports_quantity,Refined and unrefined bullion,China,29.972,t
2021-Q4,exports_quantity,Refined and unrefined bullion,China,34.5947,t
2022-Q1,exports_quantity,Refined and unrefined bullion,China,31,t
2022-Q2,exports_quantity,Refined and unrefined bullion,China,8.001,t
2022-Q3,exports_quantity,Refined and unrefined bullion,China,27.3,t
2022-Q4,exports_quantity,Refined and unrefined bullion,China,20.485,t
2023-Q1,exports_quantity,Refined and unrefined bullion,China,23.5,t
2023-Q2,exports_quantity,Refined and unrefined bullion,China,21.5,t
2023-Q3,exports_quantity,Refined and unrefined bullion,China,21.5,t
2023-Q4,exports_quantity,Refined and unrefined bullion,China,3,t
2024-Q1,exports_quantity,Refined and unrefined bullion,China,16,t
2024-Q2,exports_quantity,Refined and unrefined bullion,China,10.5,t
2024-Q3,exports_quantity,Refined and unrefined bullion,China,0,t
2024-Q4,exports_quantity,Refined and unrefined bullion,China,1,t
2025-Q1,exports_quantity,Refined and unrefined bullion,China,0,t
2025-Q2,exports_quantity,Refined and unrefined bullion,China,11.35,t
2025-Q3,exports_quantity,Refined and unrefined bullion,China,8,t
2025-Q4,exports_quantity,Refined and unrefined bullion,China,0,t
2026-Q1,exports_quantity,Refined and unrefined bullion,China,19.0003,t
1990-Q1,exports_quantity,Refined and unrefined bullion,Hong Kong,2.6548,t
1990-Q2,exports_quantity,Refined and unrefined bullion,Hong Kong,6.5639,t
1990-Q3,exports_quantity,Refined and unrefined bullion,Hong Kong,1.4808,t
1990-Q4,exports_quantity,Refined and unrefined bullion,Hong Kong,6.8651,t
1991-Q1,exports_quantity,Refined and unrefined bullion,Hong Kong,6.5477,t
1991-Q2,exports_quantity,Refined and unrefined bullion,Hong Kong,12.0927,t
1991-Q3,exports_quantity,Refined and unrefined bullion,Hong Kong,16.0857,t
1991-Q4,exports_quantity,Refined and unrefined bullion,Hong Kong,4.6333,t
1992-Q1,exports_quantity,Refined and unrefined bullion,Hong Kong,9.8839,t
1992-Q2,exports_quantity,Refined and unrefined bullion,Hong Kong,11.6175,t
1992-Q3,exports_quantity,Refined and unrefined bullion,Hong Kong,11.3317,t
1992-Q4,exports_quantity,Refined and unrefined bullion,Hong Kong,10.1219,t
1993-Q1,exports_quantity,Refined and unrefined bullion,Hong Kong,12.1039,t
1993-Q2,exports_quantity,Refined and unrefined bullion,Hong Kong,5.4503,t
1993-Q3,exports_quantity,Refined and unrefined bullion,Hong Kong,7.2882,t
1993-Q4,exports_quantity,Refined and unrefined bullion,Hong Kong,13.3376,t
1994-Q1,exports_quantity,Refined and unrefined bullion,Hong Kong,9.1359,t
1994-Q2,exports_quantity,Refined and unrefined bullion,Hong Kong,7.1728,t
1994-Q3,exports_quantity,Refined and unrefined bullion,Hong Kong,4.2276,t
1994-Q4,exports_quantity,Refined and unrefined bullion,Hong Kong,3.1535,t
1995-Q1,exports_quantity,Refined and unrefined bullion,Hong Kong,3.1446,t
1995-Q2,exports_quantity,Refined and unrefined bullion,Hong Kong,3.7395,t
1995-Q3,exports_quantity,Refined and unrefined bullion,Hong Kong,1.0661,t
1995-Q4,exports_quantity,Refined and unrefined bullion,Hong Kong,3.0881,t
1996-Q1,exports_quantity,Refined and unrefined bullion,Hong Kong,3.5411,t
1996-Q2,exports_quantity,Refined and unrefined bullion,Hong Kong,3.3267,t
1996-Q3,exports_quantity,Refined and unrefined bullion,Hong Kong,4.6661,t
1996-Q4,exports_quantity,Refined and unrefined bullion,Hong Kong,1.7772,t
1997-Q1,exports_quantity,Refined and unrefined bullion,Hong Kong,10.5001,t
1997-Q2,exports_quantity,Refined and unrefined bullion,Hong Kong,7.1269,t
1997-Q3,exports_quantity,Refined and unrefined bullion,Hong Kong,10.05,t
1997-Q4,exports_quantity,Refined and unrefined bullion,Hong Kong,21.9877,t
1998-Q1,exports_quantity,Refined and unrefined bullion,Hong Kong,20.5217,t
1998-Q2,exports_quantity,Refined and unrefined bullion,Hong Kong,10.1393,t
1998-Q3,exports_quantity,Refined and unrefined bullion,Hong Kong,5.4121,t
1998-Q4,exports_quantity,Refined and unrefined bullion,Hong Kong,5.4523,t
1999-Q1,exports_quantity,Refined and unrefined bullion,Hong Kong,16.1173,t
1999-Q2,exports_quantity,Refined and unrefined bullion,Hong Kong,3.6175,t
1999-Q3,exports_quantity,Refined and unrefined bullion,Hong Kong,4.1097,t
1999-Q4,exports_quantity,Refined and unrefined bullion,Hong Kong,7.8004,t
2000-Q1,exports_quantity,Refined and unrefined bullion,Hong Kong,10.7728,t
2000-Q2,exports_quantity,Refined and unrefined bullion,Hong Kong,2.7766,t
2000-Q3,exports_quantity,Refined and unrefined bullion,Hong Kong,4.6873,t
2000-Q4,exports_quantity,Refined and unrefined bullion,Hong Kong,7.2506,t
2001-Q1,exports_quantity,Refined and unrefined bullion,Hong Kong,10.636,t
2001-Q2,exports_quantity,Refined and unrefined bullion,Hong Kong,12.961,t
2001-Q3,exports_quantity,Refined and unrefined bullion,Hong Kong,10.0305,t
2001-Q4,exports_quantity,Refined and unrefined bullion,Hong Kong,15.4281,t
2002-Q1,exports_quantity,Refined and unrefined bullion,Hong Kong,12.156,t
2002-Q2,exports_quantity,Refined and unrefined bullion,Hong Kong,6.8656,t
2002-Q3,exports_quantity,Refined and unrefined bullion,Hong Kong,7.3063,t
2002-Q4,exports_quantity,Refined and unrefined bullion,Hong Kong,3.2563,t
2003-Q1,exports_quantity,Refined and unrefined bullion,Hong Kong,3.5451,t
2003-Q2,exports_quantity,Refined and unrefined bullion,Hong Kong,3.645,t
2003-Q3,exports_quantity,Refined and unrefined bullion,Hong Kong,2.291,t
2003-Q4,exports_quantity,Refined and unrefined bullion,Hong Kong,2.185,t
2004-Q1,exports_quantity,Refined and unrefined bullion,Hong Kong,0.502,t
2004-Q2,exports_quantity,Refined and unrefined bullion,Hong Kong,0.1563,t
2004-Q3,exports_quantity,Refined and unrefined bullion,Hong Kong,0.0125,t
2004-Q4,exports_quantity,Refined and unrefined bullion,Hong Kong,0.5391,t
2005-Q1,exports_quantity,Refined and unrefined bullion,Hong Kong,0.6043,t
2005-Q2,exports_quantity,Refined and unrefined bullion,Hong Kong,0.0338,t
2005-Q3,exports_quantity,Refined and unrefined bullion,Hong Kong,0.5416,t
2005-Q4,exports_quantity,Refined and unrefined bullion,Hong Kong,0.0051,t
2006-Q1,exports_quantity,Refined and unrefined bullion,Hong Kong,0.0084,t
2006-Q2,exports_quantity,Refined and unrefined bullion,Hong Kong,0.002,t
2006-Q3,exports_quantity,Refined and unrefined bullion,Hong Kong,0.0301,t
2006-Q4,exports_quantity,Refined and unrefined bullion,Hong Kong,0.0014,t
2007-Q1,exports_quantity,Refined and unrefined bullion,Hong Kong,0,t
2007-Q2,exports_quantity,Refined and unrefined bullion,Hong Kong,0.005,t
2007-Q3,exports_quantity,Refined and unrefined bullion,Hong Kong,0.002,t
2007-Q4,exports_quantity,Refined and unrefined bullion,Hong Kong,0.0006,t
2008-Q1,exports_quantity,Refined and unrefined bullion,Hong Kong,0.0073,t
2008-Q2,exports_quantity,Refined and unrefined bullion,Hong Kong,0.8503,t
2008-Q3,exports_quantity,Refined and unrefined bullion,Hong Kong,0,t
2008-Q4,exports_quantity,Refined and unrefined bullion,Hong Kong,1.0799,t
2009-Q1,exports_quantity,Refined and unrefined bullion,Hong Kong,1.0725,t
2009-Q2,exports_quantity,Refined and unrefined bullion,Hong Kong,0,t
2009-Q3,exports_quantity,Refined and unrefined bullion,Hong Kong,0,t
2009-Q4,exports_quantity,Refined and unrefined bullion,Hong Kong,0.0008,t
2010-Q1,exports_quantity,Refined and unrefined bullion,Hong Kong,1.0,t
2010-Q2,exports_quantity,Refined and unrefined bullion,Hong Kong,0.0019,t
2010-Q3,exports_quantity,Refined and unrefined bullion,Hong Kong,5.0942,t
2010-Q4,exports_quantity,Refined and unrefined bullion,Hong Kong,5.5475,t
2011-Q1,exports_quantity,Refined and unrefined bullion,Hong Kong,0.5512,t
2011-Q2,exports_quantity,Refined and unrefined bullion,Hong Kong,3.039,t
2011-Q3,exports_quantity,Refined and unrefined bullion,Hong Kong,1.7263,t
2011-Q4,exports_quantity,Refined and unrefined bullion,Hong Kong,0.3992,t
2012-Q1,exports_quantity,Refined and unrefined bullion,Hong Kong,0.5093,t
2012-Q2,exports_quantity,Refined and unrefined bullion,Hong Kong,0.6902,t
2012-Q3,exports_quantity,Refined and unrefined bullion,Hong Kong,0.5086,t
2012-Q4,exports_quantity,Refined and unrefined bullion,Hong Kong,0.5267,t
2013-Q1,exports_quantity,Refined and unrefined bullion,Hong Kong,0.5626,t
2013-Q2,exports_quantity,Refined and unrefined bullion,Hong Kong,0.8124,t
2013-Q3,exports_quantity,Refined and unrefined bullion,Hong Kong,1.0142,t
2013-Q4,exports_quantity,Refined and unrefined bullion,Hong Kong,0.4754,t
2014-Q1,exports_quantity,Refined and unrefined bullion,Hong Kong,0.8699,t
2014-Q2,exports_quantity,Refined and unrefined bullion,Hong Kong,1.3292,t
2014-Q3,exports_quantity,Refined and unrefined bullion,Hong Kong,0.5277,t
2014-Q4,exports_quantity,Refined and unrefined bullion,Hong Kong,0.8499,t
2015-Q1,exports_quantity,Refined and unrefined bullion,Hong Kong,1.6573,t
2015-Q2,exports_quantity,Refined and unrefined bullion,Hong Kong,1.1776,t
2015-Q3,exports_quantity,Refined and unrefined bullion,Hong Kong,2.0009,t
2015-Q4,exports_quantity,Refined and unrefined bullion,Hong Kong,2.7052,t
2016-Q1,exports_quantity,Refined and unrefined bullion,Hong Kong,16.0702,t
2016-Q2,exports_quantity,Refined and unrefined bullion,Hong Kong,26.2147,t
2016-Q3,exports_quantity,Refined and unrefined bullion,Hong Kong,32.161,t
2016-Q4,exports_quantity,Refined and unrefined bullion,Hong Kong,40.9321,t
2017-Q1,exports_quantity,Refined and unrefined bullion,Hong Kong,50.4106,t
2017-Q2,exports_quantity,Refined and unrefined bullion,Hong Kong,55.7573,t
2017-Q3,exports_quantity,Refined and unrefined bullion,Hong Kong,27.5623,t
2017-Q4,exports_quantity,Refined and unrefined bullion,Hong Kong,31.3524,t
2018-Q1,exports_quantity,Refined and unrefined bullion,Hong Kong,44.7936,t
2018-Q2,exports_quantity,Refined and unrefined bullion,Hong Kong,45.4073,t
2018-Q3,exports_quantity,Refined and unrefined bullion,Hong Kong,29.6494,t
2018-Q4,exports_quantity,Refined and unrefined bullion,Hong Kong,7.1188,t
2019-Q1,exports_quantity,Refined and unrefined bullion,Hong Kong,31.4249,t
2019-Q2,exports_quantity,Refined and unrefined bullion,Hong Kong,8.4963,t
2019-Q3,exports_quantity,Refined and unrefined bullion,Hong Kong,8.8569,t
2019-Q4,exports_quantity,Refined and unrefined bullion,Hong Kong,18.0323,t
2020-Q1,exports_quantity,Refined and unrefined bullion,Hong Kong,20.3311,t
2020-Q2,exports_quantity,Refined and unrefined bullion,Hong Kong,0.519,t
2020-Q3,exports_quantity,Refined and unrefined bullion,Hong Kong,0.063,t
2020-Q4,exports_quantity,Refined and unrefined bullion,Hong Kong,0.0287,t
2021-Q1,exports_quantity,Refined and unrefined bullion,Hong Kong,6.7654,t
2021-Q2,exports_quantity,Refined and unrefined bullion,Hong Kong,12.0346,t
2021-Q3,exports_quantity,Refined and unrefined bullion,Hong Kong,7.0628,t
2021-Q4,exports_quantity,Refined and unrefined bullion,Hong Kong,12.3201,t
2022-Q1,exports_quantity,Refined and unrefined bullion,Hong Kong,9.3813,t
2022-Q2,exports_quantity,Refined and unrefined bullion,Hong Kong,28.9015,t
2022-Q3,exports_quantity,Refined and unrefined bullion,Hong Kong,10.0578,t
2022-Q4,exports_quantity,Refined and unrefined bullion,Hong Kong,7.5729,t
2023-Q1,exports_quantity,Refined and unrefined bullion,Hong Kong,9.8482,t
2023-Q2,exports_quantity,Refined and unrefined bullion,Hong Kong,12.0079,t
2023-Q3,exports_quantity,Refined and unrefined bullion,Hong Kong,9.0111,t
2023-Q4,exports_quantity,Refined and unrefined bullion,Hong Kong,27.2519,t
2024-Q1,exports_quantity,Refined and unrefined bullion,Hong Kong,33.9176,t
2024-Q2,exports_quantity,Refined and unrefined bullion,Hong Kong,23.0011,t
2024-Q3,exports_quantity,Refined and unrefined bullion,Hong Kong,8.4329,t
2024-Q4,exports_quantity,Refined and unrefined bullion,Hong Kong,9.51,t
2025-Q1,exports_quantity,Refined and unrefined bullion,Hong Kong,1.103,t
2025-Q2,exports_quantity,Refined and unrefined bullion,Hong Kong,19.1623,t
2025-Q3,exports_quantity,Refined and unrefined bullion,Hong Kong,7.8485,t
2025-Q4,exports_quantity,Refined and unrefined bullion,Hong Kong,20.6581,t
2026-Q1,exports_quantity,Refined and unrefined bullion,Hong Kong,16.5333,t
1990-Q1,exports_quantity,Refined and unrefined bullion,Singapore,13.6066,t
1990-Q2,exports_quantity,Refined and unrefined bullion,Singapore,14.4745,t
1990-Q3,exports_quantity,Refined and unrefined bullion,Singapore,16.3803,t
1990-Q4,exports_quantity,Refined and unrefined bullion,Singapore,9.5429,t
1991-Q1,exports_quantity,Refined and unrefined bullion,Singapore,26.3648,t
1991-Q2,exports_quantity,Refined and unrefined bullion,Singapore,15.0132,t
1991-Q3,exports_quantity,Refined and unrefined bullion,Singapore,18.4233,t
1991-Q4,exports_quantity,Refined and unrefined bullion,Singapore,24.1754,t
1992-Q1,exports_quantity,Refined and unrefined bullion,Singapore,32.6404,t
1992-Q2,exports_quantity,Refined and unrefined bullion,Singapore,34.7664,t
1992-Q3,exports_quantity,Refined and unrefined bullion,Singapore,35.7677,t
1992-Q4,exports_quantity,Refined and unrefined bullion,Singapore,34.6627,t
1993-Q1,exports_quantity,Refined and unrefined bullion,Singapore,36.7724,t
1993-Q2,exports_quantity,Refined and unrefined bullion,Singapore,15.512,t
1993-Q3,exports_quantity,Refined and unrefined bullion,Singapore,9.8954,t
1993-Q4,exports_quantity,Refined and unrefined bullion,Singapore,16.2029,t
1994-Q1,exports_quantity,Refined and unrefined bullion,Singapore,24.7373,t
1994-Q2,exports_quantity,Refined and unrefined bullion,Singapore,16.9985,t
1994-Q3,exports_quantity,Refined and unrefined bullion,Singapore,17.2114,t
1994-Q4,exports_quantity,Refined and unrefined bullion,Singapore,23.88,t
1995-Q1,exports_quantity,Refined and unrefined bullion,Singapore,33.781,t
1995-Q2,exports_quantity,Refined and unrefined bullion,Singapore,17.704,t
1995-Q3,exports_quantity,Refined and unrefined bullion,Singapore,21.9311,t
1995-Q4,exports_quantity,Refined and unrefined bullion,Singapore,19.3749,t
1996-Q1,exports_quantity,Refined and unrefined bullion,Singapore,16.4701,t
1996-Q2,exports_quantity,Refined and unrefined bullion,Singapore,12.7554,t
1996-Q3,exports_quantity,Refined and unrefined bullion,Singapore,10.857,t
1996-Q4,exports_quantity,Refined and unrefined bullion,Singapore,9.5245,t
1997-Q1,exports_quantity,Refined and unrefined bullion,Singapore,24.7086,t
1997-Q2,exports_quantity,Refined and unrefined bullion,Singapore,26.9782,t
1997-Q3,exports_quantity,Refined and unrefined bullion,Singapore,21.9171,t
1997-Q4,exports_quantity,Refined and unrefined bullion,Singapore,26.203,t
1998-Q1,exports_quantity,Refined and unrefined bullion,Singapore,22.9758,t
1998-Q2,exports_quantity,Refined and unrefined bullion,Singapore,17.4333,t
1998-Q3,exports_quantity,Refined and unrefined bullion,Singapore,7.0458,t
1998-Q4,exports_quantity,Refined and unrefined bullion,Singapore,14.3278,t
1999-Q1,exports_quantity,Refined and unrefined bullion,Singapore,23.477,t
1999-Q2,exports_quantity,Refined and unrefined bullion,Singapore,44.4452,t
1999-Q3,exports_quantity,Refined and unrefined bullion,Singapore,48.0823,t
1999-Q4,exports_quantity,Refined and unrefined bullion,Singapore,20.3715,t
2000-Q1,exports_quantity,Refined and unrefined bullion,Singapore,33.0429,t
2000-Q2,exports_quantity,Refined and unrefined bullion,Singapore,31.4231,t
2000-Q3,exports_quantity,Refined and unrefined bullion,Singapore,23.7717,t
2000-Q4,exports_quantity,Refined and unrefined bullion,Singapore,29.6317,t
2001-Q1,exports_quantity,Refined and unrefined bullion,Singapore,26.7805,t
2001-Q2,exports_quantity,Refined and unrefined bullion,Singapore,13.3276,t
2001-Q3,exports_quantity,Refined and unrefined bullion,Singapore,18.1047,t
2001-Q4,exports_quantity,Refined and unrefined bullion,Singapore,8.5534,t
2002-Q1,exports_quantity,Refined and unrefined bullion,Singapore,10.686,t
2002-Q2,exports_quantity,Refined and unrefined bullion,Singapore,9.1497,t
2002-Q3,exports_quantity,Refined and unrefined bullion,Singapore,9.6585,t
2002-Q4,exports_quantity,Refined and unrefined bullion,Singapore,7.0194,t
2003-Q1,exports_quantity,Refined and unrefined bullion,Singapore,3.3723,t
2003-Q2,exports_quantity,Refined and unrefined bullion,Singapore,3.6536,t
2003-Q3,exports_quantity,Refined and unrefined bullion,Singapore,3.3878,t
2003-Q4,exports_quantity,Refined and unrefined bullion,Singapore,3.7034,t
2004-Q1,exports_quantity,Refined and unrefined bullion,Singapore,1.6838,t
2004-Q2,exports_quantity,Refined and unrefined bullion,Singapore,6.6588,t
2004-Q3,exports_quantity,Refined and unrefined bullion,Singapore,2.9486,t
2004-Q4,exports_quantity,Refined and unrefined bullion,Singapore,3.3518,t
2005-Q1,exports_quantity,Refined and unrefined bullion,Singapore,2.0971,t
2005-Q2,exports_quantity,Refined and unrefined bullion,Singapore,4.4538,t
2005-Q3,exports_quantity,Refined and unrefined bullion,Singapore,3.8182,t
2005-Q4,exports_quantity,Refined and unrefined bullion,Singapore,3.9438,t
2006-Q1,exports_quantity,Refined and unrefined bullion,Singapore,2.6491,t
2006-Q2,exports_quantity,Refined and unrefined bullion,Singapore,3.0695,t
2006-Q3,exports_quantity,Refined and unrefined bullion,Singapore,4.5308,t
2006-Q4,exports_quantity,Refined and unrefined bullion,Singapore,4.6321,t
2007-Q1,exports_quantity,Refined and unrefined bullion,Singapore,3.9843,t
2007-Q2,exports_quantity,Refined and unrefined bullion,Singapore,4.8606,t
2007-Q3,exports_quantity,Refined and unrefined bullion,Singapore,0.0711,t
2007-Q4,exports_quantity,Refined and unrefined bullion,Singapore,0.0182,t
2008-Q1,exports_quantity,Refined and unrefined bullion,Singapore,0.037,t
2008-Q2,exports_quantity,Refined and unrefined bullion,Singapore,2.0238,t
2008-Q3,exports_quantity,Refined and unrefined bullion,Singapore,3.7462,t
2008-Q4,exports_quantity,Refined and unrefined bullion,Singapore,2.164,t
2009-Q1,exports_quantity,Refined and unrefined bullion,Singapore,0.7677,t
2009-Q2,exports_quantity,Refined and unrefined bullion,Singapore,2.5865,t
2009-Q3,exports_quantity,Refined and unrefined bullion,Singapore,2.0761,t
2009-Q4,exports_quantity,Refined and unrefined bullion,Singapore,0.5528,t
2010-Q1,exports_quantity,Refined and unrefined bullion,Singapore,1.3578,t
2010-Q2,exports_quantity,Refined and unrefined bullion,Singapore,0.58,t
2010-Q3,exports_quantity,Refined and unrefined bullion,Singapore,12.0019,t
2010-Q4,exports_quantity,Refined and unrefined bullion,Singapore,1.1257,t
2011-Q1,exports_quantity,Refined and unrefined bullion,Singapore,4.7739,t
2011-Q2,exports_quantity,Refined and unrefined bullion,Singapore,7.5434,t
2011-Q3,exports_quantity,Refined and unrefined bullion,Singapore,9.5808,t
2011-Q4,exports_quantity,Refined and unrefined bullion,Singapore,2.6599,t
2012-Q1,exports_quantity,Refined and unrefined bullion,Singapore,4.4489,t
2012-Q2,exports_quantity,Refined and unrefined bullion,Singapore,5.3227,t
2012-Q3,exports_quantity,Refined and unrefined bullion,Singapore,11.6016,t
2012-Q4,exports_quantity,Refined and unrefined bullion,Singapore,4.975,t
2013-Q1,exports_quantity,Refined and unrefined bullion,Singapore,1.5304,t
2013-Q2,exports_quantity,Refined and unrefined bullion,Singapore,0.5759,t
2013-Q3,exports_quantity,Refined and unrefined bullion,Singapore,9.032,t
2013-Q4,exports_quantity,Refined and unrefined bullion,Singapore,8.4777,t
2014-Q1,exports_quantity,Refined and unrefined bullion,Singapore,23.2206,t
2014-Q2,exports_quantity,Refined and unrefined bullion,Singapore,9.4001,t
2014-Q3,exports_quantity,Refined and unrefined bullion,Singapore,21.3348,t
2014-Q4,exports_quantity,Refined and unrefined bullion,Singapore,16.9135,t
2015-Q1,exports_quantity,Refined and unrefined bullion,Singapore,23.662,t
2015-Q2,exports_quantity,Refined and unrefined bullion,Singapore,5.1162,t
2015-Q3,exports_quantity,Refined and unrefined bullion,Singapore,5.961,t
2015-Q4,exports_quantity,Refined and unrefined bullion,Singapore,6.7964,t
2016-Q1,exports_quantity,Refined and unrefined bullion,Singapore,5.6187,t
2016-Q2,exports_quantity,Refined and unrefined bullion,Singapore,4.939,t
2016-Q3,exports_quantity,Refined and unrefined bullion,Singapore,0.1545,t
2016-Q4,exports_quantity,Refined and unrefined bullion,Singapore,2.5152,t
2017-Q1,exports_quantity,Refined and unrefined bullion,Singapore,2.0996,t
2017-Q2,exports_quantity,Refined and unrefined bullion,Singapore,0.892,t
2017-Q3,exports_quantity,Refined and unrefined bullion,Singapore,4.6477,t
2017-Q4,exports_quantity,Refined and unrefined bullion,Singapore,8.6283,t
2018-Q1,exports_quantity,Refined and unrefined bullion,Singapore,4.3675,t
2018-Q2,exports_quantity,Refined and unrefined bullion,Singapore,3.9449,t
2018-Q3,exports_quantity,Refined and unrefined bullion,Singapore,3.2945,t
2018-Q4,exports_quantity,Refined and unrefined bullion,Singapore,8.9806,t
2019-Q1,exports_quantity,Refined and unrefined bullion,Singapore,9.4834,t
2019-Q2,exports_quantity,Refined and unrefined bullion,Singapore,5.4515,t
2019-Q3,exports_quantity,Refined and unrefined bullion,Singapore,4.547,t
2019-Q4,exports_quantity,Refined and unrefined bullion,Singapore,8.1781,t
2020-Q1,exports_quantity,Refined and unrefined bullion,Singapore,6.3892,t
2020-Q2,exports_quantity,Refined and unrefined bullion,Singapore,2.3663,t
2020-Q3,exports_quantity,Refined and unrefined bullion,Singapore,0.4908,t
2020-Q4,exports_quantity,Refined and unrefined bullion,Singapore,6.6361,t
2021-Q1,exports_quantity,Refined and unrefined bullion,Singapore,18.5536,t
2021-Q2,exports_quantity,Refined and unrefined bullion,Singapore,4.6256,t
2021-Q3,exports_quantity,Refined and unrefined bullion,Singapore,4.5117,t
2021-Q4,exports_quantity,Refined and unrefined bullion,Singapore,2.5274,t
2022-Q1,exports_quantity,Refined and unrefined bullion,Singapore,1.1685,t
2022-Q2,exports_quantity,Refined and unrefined bullion,Singapore,8.1975,t
2022-Q3,exports_quantity,Refined and unrefined bullion,Singapore,10.6568,t
2022-Q4,exports_quantity,Refined and unrefined bullion,Singapore,9.1206,t
2023-Q1,exports_quantity,Refined and unrefined bullion,Singapore,13.7693,t
2023-Q2,exports_quantity,Refined and unrefined bullion,Singapore,3.1019,t
2023-Q3,exports_quantity,Refined and unrefined bullion,Singapore,0.0954,t
2023-Q4,exports_quantity,Refined and unrefined bullion,Singapore,8.587,t
2024-Q1,exports_quantity,Refined and unrefined bullion,Singapore,2.6862,t
2024-Q2,exports_quantity,Refined and unrefined bullion,Singapore,7.5124,t
2024-Q3,exports_quantity,Refined and unrefined bullion,Singapore,6.989,t
2024-Q4,exports_quantity,Refined and unrefined bullion,Singapore,3.8218,t
2025-Q1,exports_quantity,Refined and unrefined bullion,Singapore,4.4927,t
2025-Q2,exports_quantity,Refined and unrefined bullion,Singapore,0.0874,t
2025-Q3,exports_quantity,Refined and unrefined bullion,Singapore,1.0827,t
2025-Q4,exports_quantity,Refined and unrefined bullion,Singapore,1.2666,t
2026-Q1,exports_quantity,Refined and unrefined bullion,Singapore,5.5231,t
1990-Q1,exports_quantity,Refined and unrefined bullion,Total,53.1361,t
1990-Q2,exports_quantity,Refined and unrefined bullion,Total,50.9123,t
1990-Q3,exports_quantity,Refined and unrefined bullion,Total,50.1737,t
1990-Q4,exports_quantity,Refined and unrefined bullion,Total,77.0189,t
1991-Q1,exports_quantity,Refined and unrefined bullion,Total,70.5533,t
1991-Q2,exports_quantity,Refined and unrefined bullion,Total,52.2356,t
1991-Q3,exports_quantity,Refined and unrefined bullion,Total,72.6385,t
1991-Q4,exports_quantity,Refined and unrefined bullion,Total,59.7878,t
1992-Q1,exports_quantity,Refined and unrefined bullion,Total,67.666,t
1992-Q2,exports_quantity,Refined and unrefined bullion,Total,76.5908,t
1992-Q3,exports_quantity,Refined and unrefined bullion,Total,74.0062,t
1992-Q4,exports_quantity,Refined and unrefined bullion,Total,79.6521,t
1993-Q1,exports_quantity,Refined and unrefined bullion,Total,69.5809,t
1993-Q2,exports_quantity,Refined and unrefined bullion,Total,52.3689,t
1993-Q3,exports_quantity,Refined and unrefined bullion,Total,82.5065,t
1993-Q4,exports_quantity,Refined and unrefined bullion,Total,68.6779,t
1994-Q1,exports_quantity,Refined and unrefined bullion,Total,82.8452,t
1994-Q2,exports_quantity,Refined and unrefined bullion,Total,63.9653,t
1994-Q3,exports_quantity,Refined and unrefined bullion,Total,60.8407,t
1994-Q4,exports_quantity,Refined and unrefined bullion,Total,67.7907,t
1995-Q1,exports_quantity,Refined and unrefined bullion,Total,79.4257,t
1995-Q2,exports_quantity,Refined and unrefined bullion,Total,73.5607,t
1995-Q3,exports_quantity,Refined and unrefined bullion,Total,81.7036,t
1995-Q4,exports_quantity,Refined and unrefined bullion,Total,80.2661,t
1996-Q1,exports_quantity,Refined and unrefined bullion,Total,87.388,t
1996-Q2,exports_quantity,Refined and unrefined bullion,Total,84.8971,t
1996-Q3,exports_quantity,Refined and unrefined bullion,Total,77.6211,t
1996-Q4,exports_quantity,Refined and unrefined bullion,Total,75.8938,t
1997-Q1,exports_quantity,Refined and unrefined bullion,Total,78.0054,t
1997-Q2,exports_quantity,Refined and unrefined bullion,Total,81.1778,t
1997-Q3,exports_quantity,Refined and unrefined bullion,Total,81.9078,t
1997-Q4,exports_quantity,Refined and unrefined bullion,Total,99.6943,t
1998-Q1,exports_quantity,Refined and unrefined bullion,Total,114.8609,t
1998-Q2,exports_quantity,Refined and unrefined bullion,Total,132.438,t
1998-Q3,exports_quantity,Refined and unrefined bullion,Total,133.1999,t
1998-Q4,exports_quantity,Refined and unrefined bullion,Total,124.4774,t
1999-Q1,exports_quantity,Refined and unrefined bullion,Total,82.256,t
1999-Q2,exports_quantity,Refined and unrefined bullion,Total,81.8543,t
1999-Q3,exports_quantity,Refined and unrefined bullion,Total,94.8347,t
1999-Q4,exports_quantity,Refined and unrefined bullion,Total,75.8624,t
2000-Q1,exports_quantity,Refined and unrefined bullion,Total,83.2687,t
2000-Q2,exports_quantity,Refined and unrefined bullion,Total,75.8617,t
2000-Q3,exports_quantity,Refined and unrefined bullion,Total,71.131,t
2000-Q4,exports_quantity,Refined and unrefined bullion,Total,66.1159,t
2001-Q1,exports_quantity,Refined and unrefined bullion,Total,81.279,t
2001-Q2,exports_quantity,Refined and unrefined bullion,Total,83.2312,t
2001-Q3,exports_quantity,Refined and unrefined bullion,Total,73.1909,t
2001-Q4,exports_quantity,Refined and unrefined bullion,Total,65.9387,t
2002-Q1,exports_quantity,Refined and unrefined bullion,Total,69.2682,t
2002-Q2,exports_quantity,Refined and unrefined bullion,Total,72.2378,t
2002-Q3,exports_quantity,Refined and unrefined bullion,Total,64.8923,t
2002-Q4,exports_quantity,Refined and unrefined bullion,Total,63.3105,t
2003-Q1,exports_quantity,Refined and unrefined bullion,Total,78.1124,t
2003-Q2,exports_quantity,Refined and unrefined bullion,Total,76.2094,t
2003-Q3,exports_quantity,Refined and unrefined bullion,Total,78.9965,t
2003-Q4,exports_quantity,Refined and unrefined bullion,Total,79.9419,t
2004-Q1,exports_quantity,Refined and unrefined bullion,Total,80.6971,t
2004-Q2,exports_quantity,Refined and unrefined bullion,Total,75.9635,t
2004-Q3,exports_quantity,Refined and unrefined bullion,Total,74.093,t
2004-Q4,exports_quantity,Refined and unrefined bullion,Total,80.6906,t
2005-Q1,exports_quantity,Refined and unrefined bullion,Total,75.4934,t
2005-Q2,exports_quantity,Refined and unrefined bullion,Total,78.4606,t
2005-Q3,exports_quantity,Refined and unrefined bullion,Total,79.1858,t
2005-Q4,exports_quantity,Refined and unrefined bullion,Total,72.7488,t
2006-Q1,exports_quantity,Refined and unrefined bullion,Total,69.9422,t
2006-Q2,exports_quantity,Refined and unrefined bullion,Total,93.4629,t
2006-Q3,exports_quantity,Refined and unrefined bullion,Total,93.0175,t
2006-Q4,exports_quantity,Refined and unrefined bullion,Total,93.1423,t
2007-Q1,exports_quantity,Refined and unrefined bullion,Total,95.9999,t
2007-Q2,exports_quantity,Refined and unrefined bullion,Total,117.7677,t
2007-Q3,exports_quantity,Refined and unrefined bullion,Total,107.8372,t
2007-Q4,exports_quantity,Refined and unrefined bullion,Total,89.3998,t
2008-Q1,exports_quantity,Refined and unrefined bullion,Total,89.4611,t
2008-Q2,exports_quantity,Refined and unrefined bullion,Total,94.8782,t
2008-Q3,exports_quantity,Refined and unrefined bullion,Total,124.9547,t
2008-Q4,exports_quantity,Refined and unrefined bullion,Total,105.8793,t
2009-Q1,exports_quantity,Refined and unrefined bullion,Total,124.4363,t
2009-Q2,exports_quantity,Refined and unrefined bullion,Total,81.9831,t
2009-Q3,exports_quantity,Refined and unrefined bullion,Total,74.5687,t
2009-Q4,exports_quantity,Refined and unrefined bullion,Total,80.7044,t
2010-Q1,exports_quantity,Refined and unrefined bullion,Total,81.0027,t
2010-Q2,exports_quantity,Refined and unrefined bullion,Total,98.687,t
2010-Q3,exports_quantity,Refined and unrefined bullion,Total,68.6045,t
2010-Q4,exports_quantity,Refined and unrefined bullion,Total,83.1712,t
2011-Q1,exports_quantity,Refined and unrefined bullion,Total,77.7785,t
2011-Q2,exports_quantity,Refined and unrefined bullion,Total,71.0506,t
2011-Q3,exports_quantity,Refined and unrefined bullion,Total,78.0718,t
2011-Q4,exports_quantity,Refined and unrefined bullion,Total,80.7145,t
2012-Q1,exports_quantity,Refined and unrefined bullion,Total,61.9322,t
2012-Q2,exports_quantity,Refined and unrefined bullion,Total,82.9704,t
2012-Q3,exports_quantity,Refined and unrefined bullion,Total,69.3902,t
2012-Q4,exports_quantity,Refined and unrefined bullion,Total,67.773,t
2013-Q1,exports_quantity,Refined and unrefined bullion,Total,67.7364,t
2013-Q2,exports_quantity,Refined and unrefined bullion,Total,75.5776,t
2013-Q3,exports_quantity,Refined and unrefined bullion,Total,64.7893,t
2013-Q4,exports_quantity,Refined and unrefined bullion,Total,73.3897,t
2014-Q1,exports_quantity,Refined and unrefined bullion,Total,77.8455,t
2014-Q2,exports_quantity,Refined and unrefined bullion,Total,63.0847,t
2014-Q3,exports_quantity,Refined and unrefined bullion,Total,78.0032,t
2014-Q4,exports_quantity,Refined and unrefined bullion,Total,70.2484,t
2015-Q1,exports_quantity,Refined and unrefined bullion,Total,77.2598,t
2015-Q2,exports_quantity,Refined and unrefined bullion,Total,52.8616,t
2015-Q3,exports_quantity,Refined and unrefined bullion,Total,83.687,t
2015-Q4,exports_quantity,Refined and unrefined bullion,Total,68.3103,t
2016-Q1,exports_quantity,Refined and unrefined bullion,Total,69.4873,t
2016-Q2,exports_quantity,Refined and unrefined bullion,Total,85.119,t
2016-Q3,exports_quantity,Refined and unrefined bullion,Total,91.7342,t
2016-Q4,exports_quantity,Refined and unrefined bullion,Total,83.142,t
2017-Q1,exports_quantity,Refined and unrefined bullion,Total,74.9506,t
2017-Q2,exports_quantity,Refined and unrefined bullion,Total,84.2656,t
2017-Q3,exports_quantity,Refined and unrefined bullion,Total,77.5686,t
2017-Q4,exports_quantity,Refined and unrefined bullion,Total,81.6964,t
2018-Q1,exports_quantity,Refined and unrefined bullion,Total,98.928,t
2018-Q2,exports_quantity,Refined and unrefined bullion,Total,90.2143,t
2018-Q3,exports_quantity,Refined and unrefined bullion,Total,89.6095,t
2018-Q4,exports_quantity,Refined and unrefined bullion,Total,62.323,t
2019-Q1,exports_quantity,Refined and unrefined bullion,Total,91.9011,t
2019-Q2,exports_quantity,Refined and unrefined bullion,Total,81.7581,t
2019-Q3,exports_quantity,Refined and unrefined bullion,Total,107.6289,t
2019-Q4,exports_quantity,Refined and unrefined bullion,Total,80.2442,t
2020-Q1,exports_quantity,Refined and unrefined bullion,Total,71.9831,t
2020-Q2,exports_quantity,Refined and unrefined bullion,Total,89.889,t
2020-Q3,exports_quantity,Refined and unrefined bullion,Total,71.1045,t
2020-Q4,exports_quantity,Refined and unrefined bullion,Total,74.045,t
2021-Q1,exports_quantity,Refined and unrefined bullion,Total,81.9731,t
2021-Q2,exports_quantity,Refined and unrefined bullion,Total,56.0654,t
2021-Q3,exports_quantity,Refined and unrefined bullion,Total,56.6869,t
2021-Q4,exports_quantity,Refined and unrefined bullion,Total,62.4084,t
2022-Q1,exports_quantity,Refined and unrefined bullion,Total,67.9545,t
2022-Q2,exports_quantity,Refined and unrefined bullion,Total,60.4912,t
2022-Q3,exports_quantity,Refined and unrefined bullion,Total,63.7227,t
2022-Q4,exports_quantity,Refined and unrefined bullion,Total,44.9822,t
2023-Q1,exports_quantity,Refined and unrefined bullion,Total,59.1546,t
2023-Q2,exports_quantity,Refined and unrefined bullion,Total,60.4973,t
2023-Q3,exports_quantity,Refined and unrefined bullion,Total,67.2543,t
2023-Q4,exports_quantity,Refined and unrefined bullion,Total,61.371,t
2024-Q1,exports_quantity,Refined and unrefined bullion,Total,66.2508,t
2024-Q2,exports_quantity,Refined and unrefined bullion,Total,63.3133,t
2024-Q3,exports_quantity,Refined and unrefined bullion,Total,50.8526,t
2024-Q4,exports_quantity,Refined and unrefined bullion,Total,57.2928,t
2025-Q1,exports_quantity,Refined and unrefined bullion,Total,74.0882,t
2025-Q2,exports_quantity,Refined and unrefined bullion,Total,56.9145,t
2025-Q3,exports_quantity,Refined and unrefined bullion,Total,66.307,t
2025-Q4,exports_quantity,Refined and unrefined bullion,Total,54.4717,t
2026-Q1,exports_quantity,Refined and unrefined bullion,Total,57.1456,t
1990-Q1,exports_quantity,Refined and unrefined bullion,United Kingdom,6.2633,t
1990-Q2,exports_quantity,Refined and unrefined bullion,United Kingdom,0.8067,t
1990-Q3,exports_quantity,Refined and unrefined bullion,United Kingdom,1.2863,t
1990-Q4,exports_quantity,Refined and unrefined bullion,United Kingdom,4.0824,t
1991-Q1,exports_quantity,Refined and unrefined bullion,United Kingdom,3.8841,t
1991-Q2,exports_quantity,Refined and unrefined bullion,United Kingdom,0,t
1991-Q3,exports_quantity,Refined and unrefined bullion,United Kingdom,2.228,t
1991-Q4,exports_quantity,Refined and unrefined bullion,United Kingdom,0.1734,t
1992-Q1,exports_quantity,Refined and unrefined bullion,United Kingdom,0,t
1992-Q2,exports_quantity,Refined and unrefined bullion,United Kingdom,0.126,t
1992-Q3,exports_quantity,Refined and unrefined bullion,United Kingdom,0,t
1992-Q4,exports_quantity,Refined and unrefined bullion,United Kingdom,4,t
1993-Q1,exports_quantity,Refined and unrefined bullion,United Kingdom,0,t
1993-Q2,exports_quantity,Refined and unrefined bullion,United Kingdom,3,t
1993-Q3,exports_quantity,Refined and unrefined bullion,United Kingdom,22.295,t
1993-Q4,exports_quantity,Refined and unrefined bullion,United Kingdom,4.241,t
1994-Q1,exports_quantity,Refined and unrefined bullion,United Kingdom,6.25,t
1994-Q2,exports_quantity,Refined and unrefined bullion,United Kingdom,2,t
1994-Q3,exports_quantity,Refined and unrefined bullion,United Kingdom,0,t
1994-Q4,exports_quantity,Refined and unrefined bullion,United Kingdom,0.0022,t
1995-Q1,exports_quantity,Refined and unrefined bullion,United Kingdom,0,t
1995-Q2,exports_quantity,Refined and unrefined bullion,United Kingdom,0,t
1995-Q3,exports_quantity,Refined and unrefined bullion,United Kingdom,4.1628,t
1995-Q4,exports_quantity,Refined and unrefined bullion,United Kingdom,2.4886,t
1996-Q1,exports_quantity,Refined and unrefined bullion,United Kingdom,9.8037,t
1996-Q2,exports_quantity,Refined and unrefined bullion,United Kingdom,0,t
1996-Q3,exports_quantity,Refined and unrefined bullion,United Kingdom,0.048,t
1996-Q4,exports_quantity,Refined and unrefined bullion,United Kingdom,0,t
1997-Q1,exports_quantity,Refined and unrefined bullion,United Kingdom,0,t
1997-Q2,exports_quantity,Refined and unrefined bullion,United Kingdom,0.6602,t
1997-Q3,exports_quantity,Refined and unrefined bullion,United Kingdom,0.5,t
1997-Q4,exports_quantity,Refined and unrefined bullion,United Kingdom,0,t
1998-Q1,exports_quantity,Refined and unrefined bullion,United Kingdom,5.6329,t
1998-Q2,exports_quantity,Refined and unrefined bullion,United Kingdom,15.1904,t
1998-Q3,exports_quantity,Refined and unrefined bullion,United Kingdom,55.0826,t
1998-Q4,exports_quantity,Refined and unrefined bullion,United Kingdom,46.2592,t
1999-Q1,exports_quantity,Refined and unrefined bullion,United Kingdom,5.3384,t
1999-Q2,exports_quantity,Refined and unrefined bullion,United Kingdom,0,t
1999-Q3,exports_quantity,Refined and unrefined bullion,United Kingdom,4.7063,t
1999-Q4,exports_quantity,Refined and unrefined bullion,United Kingdom,30.3321,t
2000-Q1,exports_quantity,Refined and unrefined bullion,United Kingdom,9.5558,t
2000-Q2,exports_quantity,Refined and unrefined bullion,United Kingdom,7.043,t
2000-Q3,exports_quantity,Refined and unrefined bullion,United Kingdom,8.0087,t
2000-Q4,exports_quantity,Refined and unrefined bullion,United Kingdom,2,t
2001-Q1,exports_quantity,Refined and unrefined bullion,United Kingdom,3.9079,t
2001-Q2,exports_quantity,Refined and unrefined bullion,United Kingdom,28.6777,t
2001-Q3,exports_quantity,Refined and unrefined bullion,United Kingdom,15.6365,t
2001-Q4,exports_quantity,Refined and unrefined bullion,United Kingdom,6.4239,t
2002-Q1,exports_quantity,Refined and unrefined bullion,United Kingdom,12.6075,t
2002-Q2,exports_quantity,Refined and unrefined bullion,United Kingdom,31.5112,t
2002-Q3,exports_quantity,Refined and unrefined bullion,United Kingdom,10.7115,t
2002-Q4,exports_quantity,Refined and unrefined bullion,United Kingdom,14.9264,t
2003-Q1,exports_quantity,Refined and unrefined bullion,United Kingdom,50.8375,t
2003-Q2,exports_quantity,Refined and unrefined bullion,United Kingdom,39.728,t
2003-Q3,exports_quantity,Refined and unrefined bullion,United Kingdom,36.6724,t
2003-Q4,exports_quantity,Refined and unrefined bullion,United Kingdom,21.6953,t
2004-Q1,exports_quantity,Refined and unrefined bullion,United Kingdom,8.075,t
2004-Q2,exports_quantity,Refined and unrefined bullion,United Kingdom,4.6494,t
2004-Q3,exports_quantity,Refined and unrefined bullion,United Kingdom,32.1786,t
2004-Q4,exports_quantity,Refined and unrefined bullion,United Kingdom,11.7073,t
2005-Q1,exports_quantity,Refined and unrefined bullion,United Kingdom,0.063,t
2005-Q2,exports_quantity,Refined and unrefined bullion,United Kingdom,0,t
2005-Q3,exports_quantity,Refined and unrefined bullion,United Kingdom,2.9646,t
2005-Q4,exports_quantity,Refined and unrefined bullion,United Kingdom,26.1265,t
2006-Q1,exports_quantity,Refined and unrefined bullion,United Kingdom,30.2946,t
2006-Q2,exports_quantity,Refined and unrefined bullion,United Kingdom,41.2569,t
2006-Q3,exports_quantity,Refined and unrefined bullion,United Kingdom,21.6255,t
2006-Q4,exports_quantity,Refined and unrefined bullion,United Kingdom,21.3746,t
2007-Q1,exports_quantity,Refined and unrefined bullion,United Kingdom,18.7717,t
2007-Q2,exports_quantity,Refined and unrefined bullion,United Kingdom,8.9445,t
2007-Q3,exports_quantity,Refined and unrefined bullion,United Kingdom,15.258,t
2007-Q4,exports_quantity,Refined and unrefined bullion,United Kingdom,57.4316,t
2008-Q1,exports_quantity,Refined and unrefined bullion,United Kingdom,45.8602,t
2008-Q2,exports_quantity,Refined and unrefined bullion,United Kingdom,21.3128,t
2008-Q3,exports_quantity,Refined and unrefined bullion,United Kingdom,39.799,t
2008-Q4,exports_quantity,Refined and unrefined bullion,United Kingdom,39.5683,t
2009-Q1,exports_quantity,Refined and unrefined bullion,United Kingdom,86.6857,t
2009-Q2,exports_quantity,Refined and unrefined bullion,United Kingdom,12.0155,t
2009-Q3,exports_quantity,Refined and unrefined bullion,United Kingdom,17.523,t
2009-Q4,exports_quantity,Refined and unrefined bullion,United Kingdom,17.3136,t
2010-Q1,exports_quantity,Refined and unrefined bullion,United Kingdom,3.2614,t
2010-Q2,exports_quantity,Refined and unrefined bullion,United Kingdom,62.9002,t
2010-Q3,exports_quantity,Refined and unrefined bullion,United Kingdom,15.566,t
2010-Q4,exports_quantity,Refined and unrefined bullion,United Kingdom,37.5967,t
2011-Q1,exports_quantity,Refined and unrefined bullion,United Kingdom,7.024,t
2011-Q2,exports_quantity,Refined and unrefined bullion,United Kingdom,19.9081,t
2011-Q3,exports_quantity,Refined and unrefined bullion,United Kingdom,25.3333,t
2011-Q4,exports_quantity,Refined and unrefined bullion,United Kingdom,34.8411,t
2012-Q1,exports_quantity,Refined and unrefined bullion,United Kingdom,13.5542,t
2012-Q2,exports_quantity,Refined and unrefined bullion,United Kingdom,15.909,t
2012-Q3,exports_quantity,Refined and unrefined bullion,United Kingdom,17.8329,t
2012-Q4,exports_quantity,Refined and unrefined bullion,United Kingdom,24.2554,t
2013-Q1,exports_quantity,Refined and unrefined bullion,United Kingdom,2.6855,t
2013-Q2,exports_quantity,Refined and unrefined bullion,United Kingdom,5.3125,t
2013-Q3,exports_quantity,Refined and unrefined bullion,United Kingdom,1.874,t
2013-Q4,exports_quantity,Refined and unrefined bullion,United Kingdom,4.2448,t
2014-Q1,exports_quantity,Refined and unrefined bullion,United Kingdom,4.8484,t
2014-Q2,exports_quantity,Refined and unrefined bullion,United Kingdom,2.4053,t
2014-Q3,exports_quantity,Refined and unrefined bullion,United Kingdom,11.0896,t
2014-Q4,exports_quantity,Refined and unrefined bullion,United Kingdom,0.7804,t
2015-Q1,exports_quantity,Refined and unrefined bullion,United Kingdom,0.4737,t
2015-Q2,exports_quantity,Refined and unrefined bullion,United Kingdom,0.625,t
2015-Q3,exports_quantity,Refined and unrefined bullion,United Kingdom,5.2805,t
2015-Q4,exports_quantity,Refined and unrefined bullion,United Kingdom,2.073,t
2016-Q1,exports_quantity,Refined and unrefined bullion,United Kingdom,21.0561,t
2016-Q2,exports_quantity,Refined and unrefined bullion,United Kingdom,46.6581,t
2016-Q3,exports_quantity,Refined and unrefined bullion,United Kingdom,48.2993,t
2016-Q4,exports_quantity,Refined and unrefined bullion,United Kingdom,12.6547,t
2017-Q1,exports_quantity,Refined and unrefined bullion,United Kingdom,6.9934,t
2017-Q2,exports_quantity,Refined and unrefined bullion,United Kingdom,3.0431,t
2017-Q3,exports_quantity,Refined and unrefined bullion,United Kingdom,26.9683,t
2017-Q4,exports_quantity,Refined and unrefined bullion,United Kingdom,16.0014,t
2018-Q1,exports_quantity,Refined and unrefined bullion,United Kingdom,17.4164,t
2018-Q2,exports_quantity,Refined and unrefined bullion,United Kingdom,0.8596,t
2018-Q3,exports_quantity,Refined and unrefined bullion,United Kingdom,6.5821,t
2018-Q4,exports_quantity,Refined and unrefined bullion,United Kingdom,4.159,t
2019-Q1,exports_quantity,Refined and unrefined bullion,United Kingdom,27.82,t
2019-Q2,exports_quantity,Refined and unrefined bullion,United Kingdom,34.7774,t
2019-Q3,exports_quantity,Refined and unrefined bullion,United Kingdom,77.7324,t
2019-Q4,exports_quantity,Refined and unrefined bullion,United Kingdom,42.0515,t
2020-Q1,exports_quantity,Refined and unrefined bullion,United Kingdom,32.0778,t
2020-Q2,exports_quantity,Refined and unrefined bullion,United Kingdom,23.4269,t
2020-Q3,exports_quantity,Refined and unrefined bullion,United Kingdom,44.0418,t
2020-Q4,exports_quantity,Refined and unrefined bullion,United Kingdom,45.3745,t
2021-Q1,exports_quantity,Refined and unrefined bullion,United Kingdom,10.4367,t
2021-Q2,exports_quantity,Refined and unrefined bullion,United Kingdom,6.8041,t
2021-Q3,exports_quantity,Refined and unrefined bullion,United Kingdom,2.4704,t
2021-Q4,exports_quantity,Refined and unrefined bullion,United Kingdom,0.0011,t
2022-Q1,exports_quantity,Refined and unrefined bullion,United Kingdom,0.001,t
2022-Q2,exports_quantity,Refined and unrefined bullion,United Kingdom,0.0039,t
2022-Q3,exports_quantity,Refined and unrefined bullion,United Kingdom,0.0028,t
2022-Q4,exports_quantity,Refined and unrefined bullion,United Kingdom,0.0006,t
2023-Q1,exports_quantity,Refined and unrefined bullion,United Kingdom,0.0085,t
2023-Q2,exports_quantity,Refined and unrefined bullion,United Kingdom,11.9821,t
2023-Q3,exports_quantity,Refined and unrefined bullion,United Kingdom,12.2339,t
2023-Q4,exports_quantity,Refined and unrefined bullion,United Kingdom,2.941,t
2024-Q1,exports_quantity,Refined and unrefined bullion,United Kingdom,0.0016,t
2024-Q2,exports_quantity,Refined and unrefined bullion,United Kingdom,15.2682,t
2024-Q3,exports_quantity,Refined and unrefined bullion,United Kingdom,11.3497,t
2024-Q4,exports_quantity,Refined and unrefined bullion,United Kingdom,17.3052,t
2025-Q1,exports_quantity,Refined and unrefined bullion,United Kingdom,0.0022,t
2025-Q2,exports_quantity,Refined and unrefined bullion,United Kingdom,19.3722,t
2025-Q3,exports_quantity,Refined and unrefined bullion,United Kingdom,23.6206,t
2025-Q4,exports_quantity,Refined and unrefined bullion,United Kingdom,12.773,t
2026-Q1,exports_quantity,Refined and unrefined bullion,United Kingdom,5.0448,t
1990-Q1,exports_quantity,Refined and unrefined bullion,United States,0.0178,t
1990-Q2,exports_quantity,Refined and unrefined bullion,United States,0.016,t
1990-Q3,exports_quantity,Refined and unrefined bullion,United States,0.016,t
1990-Q4,exports_quantity,Refined and unrefined bullion,United States,0.048,t
1991-Q1,exports_quantity,Refined and unrefined bullion,United States,0.021,t
1991-Q2,exports_quantity,Refined and unrefined bullion,United States,0.032,t
1991-Q3,exports_quantity,Refined and unrefined bullion,United States,0.0704,t
1991-Q4,exports_quantity,Refined and unrefined bullion,United States,0.0426,t
1992-Q1,exports_quantity,Refined and unrefined bullion,United States,0.0635,t
1992-Q2,exports_quantity,Refined and unrefined bullion,United States,0.0226,t
1992-Q3,exports_quantity,Refined and unrefined bullion,United States,0.0135,t
1992-Q4,exports_quantity,Refined and unrefined bullion,United States,0.026,t
1993-Q1,exports_quantity,Refined and unrefined bullion,United States,0.032,t
1993-Q2,exports_quantity,Refined and unrefined bullion,United States,0.0053,t
1993-Q3,exports_quantity,Refined and unrefined bullion,United States,0.2241,t
1993-Q4,exports_quantity,Refined and unrefined bullion,United States,0.2,t
1994-Q1,exports_quantity,Refined and unrefined bullion,United States,0.0019,t
1994-Q2,exports_quantity,Refined and unrefined bullion,United States,0,t
1994-Q3,exports_quantity,Refined and unrefined bullion,United States,0,t
1994-Q4,exports_quantity,Refined and unrefined bullion,United States,0.0031,t
1995-Q1,exports_quantity,Refined and unrefined bullion,United States,0.003,t
1995-Q2,exports_quantity,Refined and unrefined bullion,United States,0,t
1995-Q3,exports_quantity,Refined and unrefined bullion,United States,0,t
1995-Q4,exports_quantity,Refined and unrefined bullion,United States,0,t
1996-Q1,exports_quantity,Refined and unrefined bullion,United States,0.0018,t
1996-Q2,exports_quantity,Refined and unrefined bullion,United States,0,t
1996-Q3,exports_quantity,Refined and unrefined bullion,United States,0,t
1996-Q4,exports_quantity,Refined and unrefined bullion,United States,0.0006,t
1997-Q1,exports_quantity,Refined and unrefined bullion,United States,0.2258,t
1997-Q2,exports_quantity,Refined and unrefined bullion,United States,0.4005,t
1997-Q3,exports_quantity,Refined and unrefined bullion,United States,0.1956,t
1997-Q4,exports_quantity,Refined and unrefined bullion,United States,0.0794,t
1998-Q1,exports_quantity,Refined and unrefined bullion,United States,22.3421,t
1998-Q2,exports_quantity,Refined and unrefined bullion,United States,28.5415,t
1998-Q3,exports_quantity,Refined and unrefined bullion,United States,1.3534,t
1998-Q4,exports_quantity,Refined and unrefined bullion,United States,0.7099,t
1999-Q1,exports_quantity,Refined and unrefined bullion,United States,0.0059,t
1999-Q2,exports_quantity,Refined and unrefined bullion,United States,0.004,t
1999-Q3,exports_quantity,Refined and unrefined bullion,United States,3.7696,t
1999-Q4,exports_quantity,Refined and unrefined bullion,United States,0.0023,t
2000-Q1,exports_quantity,Refined and unrefined bullion,United States,0,t
2000-Q2,exports_quantity,Refined and unrefined bullion,United States,0.002,t
2000-Q3,exports_quantity,Refined and unrefined bullion,United States,0.0012,t
2000-Q4,exports_quantity,Refined and unrefined bullion,United States,0.0042,t
2001-Q1,exports_quantity,Refined and unrefined bullion,United States,0.001,t
2001-Q2,exports_quantity,Refined and unrefined bullion,United States,0.0001,t
2001-Q3,exports_quantity,Refined and unrefined bullion,United States,0.0013,t
2001-Q4,exports_quantity,Refined and unrefined bullion,United States,0.0001,t
2002-Q1,exports_quantity,Refined and unrefined bullion,United States,0.0,t
2002-Q2,exports_quantity,Refined and unrefined bullion,United States,0,t
2002-Q3,exports_quantity,Refined and unrefined bullion,United States,0,t
2002-Q4,exports_quantity,Refined and unrefined bullion,United States,0,t
2003-Q1,exports_quantity,Refined and unrefined bullion,United States,0,t
2003-Q2,exports_quantity,Refined and unrefined bullion,United States,0,t
2003-Q3,exports_quantity,Refined and unrefined bullion,United States,0,t
2003-Q4,exports_quantity,Refined and unrefined bullion,United States,0,t
2004-Q1,exports_quantity,Refined and unrefined bullion,United States,0,t
2004-Q2,exports_quantity,Refined and unrefined bullion,United States,0.0188,t
2004-Q3,exports_quantity,Refined and unrefined bullion,United States,0.0168,t
2004-Q4,exports_quantity,Refined and unrefined bullion,United States,0.0251,t
2005-Q1,exports_quantity,Refined and unrefined bullion,United States,0.1097,t
2005-Q2,exports_quantity,Refined and unrefined bullion,United States,0.0022,t
2005-Q3,exports_quantity,Refined and unrefined bullion,United States,0,t
2005-Q4,exports_quantity,Refined and unrefined bullion,United States,0.0113,t
2006-Q1,exports_quantity,Refined and unrefined bullion,United States,0,t
2006-Q2,exports_quantity,Refined and unrefined bullion,United States,0.0301,t
2006-Q3,exports_quantity,Refined and unrefined bullion,United States,0.0587,t
2006-Q4,exports_quantity,Refined and unrefined bullion,United States,0,t
2007-Q1,exports_quantity,Refined and unrefined bullion,United States,0.0021,t
2007-Q2,exports_quantity,Refined and unrefined bullion,United States,0.0046,t
2007-Q3,exports_quantity,Refined and unrefined bullion,United States,0.0085,t
2007-Q4,exports_quantity,Refined and unrefined bullion,United States,0,t
2008-Q1,exports_quantity,Refined and unrefined bullion,United States,0.0049,t
2008-Q2,exports_quantity,Refined and unrefined bullion,United States,0.0073,t
2008-Q3,exports_quantity,Refined and unrefined bullion,United States,0.005,t
2008-Q4,exports_quantity,Refined and unrefined bullion,United States,0.1056,t
2009-Q1,exports_quantity,Refined and unrefined bullion,United States,0.0213,t
2009-Q2,exports_quantity,Refined and unrefined bullion,United States,0.0738,t
2009-Q3,exports_quantity,Refined and unrefined bullion,United States,0.0038,t
2009-Q4,exports_quantity,Refined and unrefined bullion,United States,0.1827,t
2010-Q1,exports_quantity,Refined and unrefined bullion,United States,0.9217,t
2010-Q2,exports_quantity,Refined and unrefined bullion,United States,0.9316,t
2010-Q3,exports_quantity,Refined and unrefined bullion,United States,0.7014,t
2010-Q4,exports_quantity,Refined and unrefined bullion,United States,1.0419,t
2011-Q1,exports_quantity,Refined and unrefined bullion,United States,1.1317,t
2011-Q2,exports_quantity,Refined and unrefined bullion,United States,0.826,t
2011-Q3,exports_quantity,Refined and unrefined bullion,United States,1.6933,t
2011-Q4,exports_quantity,Refined and unrefined bullion,United States,2.7593,t
2012-Q1,exports_quantity,Refined and unrefined bullion,United States,0.908,t
2012-Q2,exports_quantity,Refined and unrefined bullion,United States,1.0444,t
2012-Q3,exports_quantity,Refined and unrefined bullion,United States,0.6622,t
2012-Q4,exports_quantity,Refined and unrefined bullion,United States,2.7065,t
2013-Q1,exports_quantity,Refined and unrefined bullion,United States,0.8835,t
2013-Q2,exports_quantity,Refined and unrefined bullion,United States,1.2901,t
2013-Q3,exports_quantity,Refined and unrefined bullion,United States,0.6761,t
2013-Q4,exports_quantity,Refined and unrefined bullion,United States,0.8086,t
2014-Q1,exports_quantity,Refined and unrefined bullion,United States,0.5502,t
2014-Q2,exports_quantity,Refined and unrefined bullion,United States,0.679,t
2014-Q3,exports_quantity,Refined and unrefined bullion,United States,0.4599,t
2014-Q4,exports_quantity,Refined and unrefined bullion,United States,0.7419,t
2015-Q1,exports_quantity,Refined and unrefined bullion,United States,0.6059,t
2015-Q2,exports_quantity,Refined and unrefined bullion,United States,0.2242,t
2015-Q3,exports_quantity,Refined and unrefined bullion,United States,0.9559,t
2015-Q4,exports_quantity,Refined and unrefined bullion,United States,0.7847,t
2016-Q1,exports_quantity,Refined and unrefined bullion,United States,0.5204,t
2016-Q2,exports_quantity,Refined and unrefined bullion,United States,0.5375,t
2016-Q3,exports_quantity,Refined and unrefined bullion,United States,0.524,t
2016-Q4,exports_quantity,Refined and unrefined bullion,United States,1.1747,t
2017-Q1,exports_quantity,Refined and unrefined bullion,United States,0.6468,t
2017-Q2,exports_quantity,Refined and unrefined bullion,United States,0.3168,t
2017-Q3,exports_quantity,Refined and unrefined bullion,United States,0.226,t
2017-Q4,exports_quantity,Refined and unrefined bullion,United States,0.2235,t
2018-Q1,exports_quantity,Refined and unrefined bullion,United States,0.5064,t
2018-Q2,exports_quantity,Refined and unrefined bullion,United States,0.3389,t
2018-Q3,exports_quantity,Refined and unrefined bullion,United States,0.4928,t
2018-Q4,exports_quantity,Refined and unrefined bullion,United States,0.6236,t
2019-Q1,exports_quantity,Refined and unrefined bullion,United States,0.5505,t
2019-Q2,exports_quantity,Refined and unrefined bullion,United States,0.3502,t
2019-Q3,exports_quantity,Refined and unrefined bullion,United States,0.3611,t
2019-Q4,exports_quantity,Refined and unrefined bullion,United States,0.3951,t
2020-Q1,exports_quantity,Refined and unrefined bullion,United States,5.401,t
2020-Q2,exports_quantity,Refined and unrefined bullion,United States,29.1797,t
2020-Q3,exports_quantity,Refined and unrefined bullion,United States,19.0759,t
2020-Q4,exports_quantity,Refined and unrefined bullion,United States,12.9097,t
2021-Q1,exports_quantity,Refined and unrefined bullion,United States,9.7964,t
2021-Q2,exports_quantity,Refined and unrefined bullion,United States,1.8213,t
2021-Q3,exports_quantity,Refined and unrefined bullion,United States,1.4009,t
2021-Q4,exports_quantity,Refined and unrefined bullion,United States,3.8591,t
2022-Q1,exports_quantity,Refined and unrefined bullion,United States,7.5145,t
2022-Q2,exports_quantity,Refined and unrefined bullion,United States,3.6855,t
2022-Q3,exports_quantity,Refined and unrefined bullion,United States,2.7738,t
2022-Q4,exports_quantity,Refined and unrefined bullion,United States,3.7127,t
2023-Q1,exports_quantity,Refined and unrefined bullion,United States,3.9194,t
2023-Q2,exports_quantity,Refined and unrefined bullion,United States,3.7331,t
2023-Q3,exports_quantity,Refined and unrefined bullion,United States,5.0593,t
2023-Q4,exports_quantity,Refined and unrefined bullion,United States,4.753,t
2024-Q1,exports_quantity,Refined and unrefined bullion,United States,5.5995,t
2024-Q2,exports_quantity,Refined and unrefined bullion,United States,2.0958,t
2024-Q3,exports_quantity,Refined and unrefined bullion,United States,1.8335,t
2024-Q4,exports_quantity,Refined and unrefined bullion,United States,6.2074,t
2025-Q1,exports_quantity,Refined and unrefined bullion,United States,62.0163,t
2025-Q2,exports_quantity,Refined and unrefined bullion,United States,1.3522,t
2025-Q3,exports_quantity,Refined and unrefined bullion,United States,19.6822,t
2025-Q4,exports_quantity,Refined and unrefined bullion,United States,3.8221,t
2026-Q1,exports_quantity,Refined and unrefined bullion,United States,2.3766,t
1990-Q1,exports_value,Refined,,825.528,A$m
1990-Q2,exports_value,Refined,,732.291,A$m
1990-Q3,exports_value,Refined,,741.025,A$m
1990-Q4,exports_value,Refined,,1140.905,A$m
1991-Q1,exports_value,Refined,,1025.528,A$m
1991-Q2,exports_value,Refined,,764.854,A$m
1991-Q3,exports_value,Refined,,1044.452,A$m
1991-Q4,exports_value,Refined,,865.309,A$m
1992-Q1,exports_value,Refined,,1013.937,A$m
1992-Q2,exports_value,Refined,,1099.335,A$m
1992-Q3,exports_value,Refined,,1128.026,A$m
1992-Q4,exports_value,Refined,,1234.751,A$m
1993-Q1,exports_value,Refined,,1075.308,A$m
1993-Q2,exports_value,Refined,,876.753,A$m
1993-Q3,exports_value,Refined,,1490.251,A$m
1993-Q4,exports_value,Refined,,1240.892,A$m
1994-Q1,exports_value,Refined,,1450.808,A$m
1994-Q2,exports_value,Refined,,1086.605,A$m
1994-Q3,exports_value,Refined,,1019.161,A$m
1994-Q4,exports_value,Refined,,1116.16,A$m
1995-Q1,exports_value,Refined,,1295.999,A$m
1995-Q2,exports_value,Refined,,1268.162,A$m
1995-Q3,exports_value,Refined,,1366.318,A$m
1995-Q4,exports_value,Refined,,1332.532,A$m
1996-Q1,exports_value,Refined,,1492.676,A$m
1996-Q2,exports_value,Refined,,1353.805,A$m
1996-Q3,exports_value,Refined,,1222.685,A$m
1996-Q4,exports_value,Refined,,1166.206,A$m
1997-Q1,exports_value,Refined,,1151.442,A$m
1997-Q2,exports_value,Refined,,1176.553,A$m
1997-Q3,exports_value,Refined,,1164.919,A$m
1997-Q4,exports_value,Refined,,1430.671,A$m
1998-Q1,exports_value,Refined,,1632.108,A$m
1998-Q2,exports_value,Refined,,2035.238,A$m
1998-Q3,exports_value,Refined,,2070.482,A$m
1998-Q4,exports_value,Refined,,1904.033,A$m
1999-Q1,exports_value,Refined,,1225.87,A$m
1999-Q2,exports_value,Refined,,1135.104,A$m
1999-Q3,exports_value,Refined,,1233.471,A$m
1999-Q4,exports_value,Refined,,1213.689,A$m
2000-Q1,exports_value,Refined,,1311.562,A$m
2000-Q2,exports_value,Refined,,1272.632,A$m
2000-Q3,exports_value,Refined,,1205.172,A$m
2000-Q4,exports_value,Refined,,1163.465,A$m
2001-Q1,exports_value,Refined,,1349.2,A$m
2001-Q2,exports_value,Refined,,1392.482,A$m
2001-Q3,exports_value,Refined,,1250.421,A$m
2001-Q4,exports_value,Refined,,1165.365,A$m
2002-Q1,exports_value,Refined,,1320.761,A$m
2002-Q2,exports_value,Refined,,1392.012,A$m
2002-Q3,exports_value,Refined,,1313.273,A$m
2002-Q4,exports_value,Refined,,1280.919,A$m
2003-Q1,exports_value,Refined,,1587.426,A$m
2003-Q2,exports_value,Refined,,1402.167,A$m
2003-Q3,exports_value,Refined,,1412.642,A$m
2003-Q4,exports_value,Refined,,1459.876,A$m
2004-Q1,exports_value,Refined,,1398.388,A$m
2004-Q2,exports_value,Refined,,1380.604,A$m
2004-Q3,exports_value,Refined,,1365.795,A$m
2004-Q4,exports_value,Refined,,1495.991,A$m
2005-Q1,exports_value,Refined,,1349.601,A$m
2005-Q2,exports_value,Refined,,1430.187,A$m
2005-Q3,exports_value,Refined,,1472.699,A$m
2005-Q4,exports_value,Refined,,1569.212,A$m
2006-Q1,exports_value,Refined,,1690.244,A$m
2006-Q2,exports_value,Refined,,2513.578,A$m
2006-Q3,exports_value,Refined,,2517.335,A$m
2006-Q4,exports_value,Refined,,2433.102,A$m
2007-Q1,exports_value,Refined,,2555.782,A$m
2007-Q2,exports_value,Refined,,3052.789,A$m
2007-Q3,exports_value,Refined,,2905.204,A$m
2007-Q4,exports_value,Refined,,2847.001,A$m
2008-Q1,exports_value,Refined,,3292.708,A$m
2008-Q2,exports_value,Refined,,3000.975,A$m
2008-Q3,exports_value,Refined,,3961.932,A$m
2008-Q4,exports_value,Refined,,4044.46,A$m
2009-Q1,exports_value,Refined,,5566.013,A$m
2009-Q2,exports_value,Refined,,3320.376,A$m
2009-Q3,exports_value,Refined,,2937.683,A$m
2009-Q4,exports_value,Refined,,3226.351,A$m
2010-Q1,exports_value,Refined,,3262.099,A$m
2010-Q2,exports_value,Refined,,4371.336,A$m
2010-Q3,exports_value,Refined,,3062.193,A$m
2010-Q4,exports_value,Refined,,3742.434,A$m
2011-Q1,exports_value,Refined,,3524.811,A$m
2011-Q2,exports_value,Refined,,3278.245,A$m
2011-Q3,exports_value,Refined,,3976.96,A$m
2011-Q4,exports_value,Refined,,4296.943,A$m
2012-Q1,exports_value,Refined,,3219.042,A$m
2012-Q2,exports_value,Refined,,4321.39,A$m
2012-Q3,exports_value,Refined,,3853.118,A$m
2012-Q4,exports_value,Refined,,4132.111,A$m
2013-Q1,exports_value,Refined,,3683.571,A$m
2013-Q2,exports_value,Refined,,3631.029,A$m
2013-Q3,exports_value,Refined,,3175.934,A$m
2013-Q4,exports_value,Refined,,3407.108,A$m
2014-Q1,exports_value,Refined,,3672.616,A$m
2014-Q2,exports_value,Refined,,3005.683,A$m
2014-Q3,exports_value,Refined,,3541.996,A$m
2014-Q4,exports_value,Refined,,3239.713,A$m
2015-Q1,exports_value,Refined,,3948.275,A$m
2015-Q2,exports_value,Refined,,2775.86,A$m
2015-Q3,exports_value,Refined,,4260.787,A$m
2015-Q4,exports_value,Refined,,3519.106,A$m
2016-Q1,exports_value,Refined,,3845.293,A$m
2016-Q2,exports_value,Refined,,4959.991,A$m
2016-Q3,exports_value,Refined,,5463.1,A$m
2016-Q4,exports_value,Refined,,4588.289,A$m
2017-Q1,exports_value,Refined,,4121.494,A$m
2017-Q2,exports_value,Refined,,4805.936,A$m
2017-Q3,exports_value,Refined,,4185.716,A$m
2017-Q4,exports_value,Refined,,4506.443,A$m
2018-Q1,exports_value,Refined,,5514.733,A$m
2018-Q2,exports_value,Refined,,5085.711,A$m
2018-Q3,exports_value,Refined,,5035.963,A$m
2018-Q4,exports_value,Refined,,3500.684,A$m
2019-Q1,exports_value,Refined,,5422.538,A$m
2019-Q2,exports_value,Refined,,4907.758,A$m
2019-Q3,exports_value,Refined,,7330.232,A$m
2019-Q4,exports_value,Refined,,5711.621,A$m
2020-Q1,exports_value,Refined,,5859.617,A$m
2020-Q2,exports_value,Refined,,5492.373,A$m
2020-Q3,exports_value,Refined,,6968.902,A$m
2020-Q4,exports_value,Refined,,7170.665,A$m
2021-Q1,exports_value,Refined,,6870.293,A$m
2021-Q2,exports_value,Refined,,5094.873,A$m
2021-Q3,exports_value,Refined,,5410.242,A$m
2021-Q4,exports_value,Refined,,5905.453,A$m
2022-Q1,exports_value,Refined,,5409.268,A$m
2022-Q2,exports_value,Refined,,6475.096,A$m
2022-Q3,exports_value,Refined,,6669.347,A$m
2022-Q4,exports_value,Refined,,4954.446,A$m
2023-Q1,exports_value,Refined,,6020.874,A$m
2023-Q2,exports_value,Refined,,6760.996,A$m
2023-Q3,exports_value,Refined,,8028.982,A$m
2023-Q4,exports_value,Refined,,7527.779,A$m
2024-Q1,exports_value,Refined,,8511.071,A$m
2024-Q2,exports_value,Refined,,8862.953,A$m
2024-Q3,exports_value,Refined,,8392.735,A$m
2024-Q4,exports_value,Refined,,9928.018,A$m
2025-Q1,exports_value,Refined,,14555.245,A$m
2025-Q2,exports_value,Refined,,14019.434,A$m
2025-Q3,exports_value,Refined,,14448.189,A$m
2025-Q4,exports_value,Refined,,16504.503,A$m
2026-Q1,exports_value,Refined,,20390.498,A$m
1990-Q1,imports_value,Refined and unrefined bullion,,97.896,A$m
1990-Q2,imports_value,Refined and unrefined bullion,,73.485,A$m
1990-Q3,imports_value,Refined and unrefined bullion,,97.388,A$m
1990-Q4,imports_value,Refined and unrefined bullion,,157.482,A$m
1991-Q1,imports_value,Refined and unrefined bullion,,165.657,A$m
1991-Q2,imports_value,Refined and unrefined bullion,,199.238,A$m
1991-Q3,imports_value,Refined and unrefined bullion,,239.253,A$m
1991-Q4,imports_value,Refined and unrefined bullion,,257.808,A$m
1992-Q1,imports_value,Refined and unrefined bullion,,260.623,A$m
1992-Q2,imports_value,Refined and unrefined bullion,,277.928,A$m
1992-Q3,imports_value,Refined and unrefined bullion,,294.824,A$m
1992-Q4,imports_value,Refined and unrefined bullion,,267.833,A$m
1993-Q1,imports_value,Refined and unrefined bullion,,222.585,A$m
1993-Q2,imports_value,Refined and unrefined bullion,,233.989,A$m
1993-Q3,imports_value,Refined and unrefined bullion,,305.13,A$m
1993-Q4,imports_value,Refined and unrefined bullion,,239.043,A$m
1994-Q1,imports_value,Refined and unrefined bullion,,231.628,A$m
1994-Q2,imports_value,Refined and unrefined bullion,,202.901,A$m
1994-Q3,imports_value,Refined and unrefined bullion,,160.56,A$m
1994-Q4,imports_value,Refined and unrefined bullion,,176.292,A$m
1995-Q1,imports_value,Refined and unrefined bullion,,213.168,A$m
1995-Q2,imports_value,Refined and unrefined bullion,,158.149,A$m
1995-Q3,imports_value,Refined and unrefined bullion,,183.66,A$m
1995-Q4,imports_value,Refined and unrefined bullion,,171.751,A$m
1996-Q1,imports_value,Refined and unrefined bullion,,185.793,A$m
1996-Q2,imports_value,Refined and unrefined bullion,,161.893,A$m
1996-Q3,imports_value,Refined and unrefined bullion,,140.903,A$m
1996-Q4,imports_value,Refined and unrefined bullion,,151.345,A$m
1997-Q1,imports_value,Refined and unrefined bullion,,149.604,A$m
1997-Q2,imports_value,Refined and unrefined bullion,,146.977,A$m
1997-Q3,imports_value,Refined and unrefined bullion,,164.722,A$m
1997-Q4,imports_value,Refined and unrefined bullion,,333.63,A$m
1998-Q1,imports_value,Refined and unrefined bullion,,685.736,A$m
1998-Q2,imports_value,Refined and unrefined bullion,,807.311,A$m
1998-Q3,imports_value,Refined and unrefined bullion,,874.734,A$m
1998-Q4,imports_value,Refined and unrefined bullion,,791.053,A$m
1999-Q1,imports_value,Refined and unrefined bullion,,381.477,A$m
1999-Q2,imports_value,Refined and unrefined bullion,,303.63,A$m
1999-Q3,imports_value,Refined and unrefined bullion,,389.585,A$m
1999-Q4,imports_value,Refined and unrefined bullion,,925.034,A$m
2000-Q1,imports_value,Refined and unrefined bullion,,537.39,A$m
2000-Q2,imports_value,Refined and unrefined bullion,,538.388,A$m
2000-Q3,imports_value,Refined and unrefined bullion,,228.021,A$m
2000-Q4,imports_value,Refined and unrefined bullion,,339.539,A$m
2001-Q1,imports_value,Refined and unrefined bullion,,350.819,A$m
2001-Q2,imports_value,Refined and unrefined bullion,,767.584,A$m
2001-Q3,imports_value,Refined and unrefined bullion,,395.176,A$m
2001-Q4,imports_value,Refined and unrefined bullion,,631.974,A$m
2002-Q1,imports_value,Refined and unrefined bullion,,581.851,A$m
2002-Q2,imports_value,Refined and unrefined bullion,,597.534,A$m
2002-Q3,imports_value,Refined and unrefined bullion,,503.006,A$m
2002-Q4,imports_value,Refined and unrefined bullion,,821.378,A$m
2003-Q1,imports_value,Refined and unrefined bullion,,1056.641,A$m
2003-Q2,imports_value,Refined and unrefined bullion,,576.211,A$m
2003-Q3,imports_value,Refined and unrefined bullion,,672.268,A$m
2003-Q4,imports_value,Refined and unrefined bullion,,605.295,A$m
2004-Q1,imports_value,Refined and unrefined bullion,,681.246,A$m
2004-Q2,imports_value,Refined and unrefined bullion,,600.468,A$m
2004-Q3,imports_value,Refined and unrefined bullion,,625.753,A$m
2004-Q4,imports_value,Refined and unrefined bullion,,541.057,A$m
2005-Q1,imports_value,Refined and unrefined bullion,,555.522,A$m
2005-Q2,imports_value,Refined and unrefined bullion,,739.938,A$m
2005-Q3,imports_value,Refined and unrefined bullion,,764.896,A$m
2005-Q4,imports_value,Refined and unrefined bullion,,731.651,A$m
2006-Q1,imports_value,Refined and unrefined bullion,,1357.621,A$m
2006-Q2,imports_value,Refined and unrefined bullion,,1945.643,A$m
2006-Q3,imports_value,Refined and unrefined bullion,,1162.724,A$m
2006-Q4,imports_value,Refined and unrefined bullion,,1320.372,A$m
2007-Q1,imports_value,Refined and unrefined bullion,,1289.68,A$m
2007-Q2,imports_value,Refined and unrefined bullion,,1536.512,A$m
2007-Q3,imports_value,Refined and unrefined bullion,,1881.859,A$m
2007-Q4,imports_value,Refined and unrefined bullion,,1413.612,A$m
2008-Q1,imports_value,Refined and unrefined bullion,,1905.426,A$m
2008-Q2,imports_value,Refined and unrefined bullion,,2109.976,A$m
2008-Q3,imports_value,Refined and unrefined bullion,,2662.126,A$m
2008-Q4,imports_value,Refined and unrefined bullion,,3054.182,A$m
2009-Q1,imports_value,Refined and unrefined bullion,,3897.811,A$m
2009-Q2,imports_value,Refined and unrefined bullion,,1636.149,A$m
2009-Q3,imports_value,Refined and unrefined bullion,,1677.195,A$m
2009-Q4,imports_value,Refined and unrefined bullion,,1984.453,A$m
2010-Q1,imports_value,Refined and unrefined bullion,,1585.072,A$m
2010-Q2,imports_value,Refined and unrefined bullion,,2491.833,A$m
2010-Q3,imports_value,Refined and unrefined bullion,,1291.982,A$m
2010-Q4,imports_value,Refined and unrefined bullion,,1676.527,A$m
2011-Q1,imports_value,Refined and unrefined bullion,,1182.436,A$m
2011-Q2,imports_value,Refined and unrefined bullion,,1275.175,A$m
2011-Q3,imports_value,Refined and unrefined bullion,,1822.263,A$m
2011-Q4,imports_value,Refined and unrefined bullion,,2042.739,A$m
2012-Q1,imports_value,Refined and unrefined bullion,,1507.178,A$m
2012-Q2,imports_value,Refined and unrefined bullion,,1441.736,A$m
2012-Q3,imports_value,Refined and unrefined bullion,,1563.974,A$m
2012-Q4,imports_value,Refined and unrefined bullion,,1222.966,A$m
2013-Q1,imports_value,Refined and unrefined bullion,,978.912,A$m
2013-Q2,imports_value,Refined and unrefined bullion,,1118.982,A$m
2013-Q3,imports_value,Refined and unrefined bullion,,1450.985,A$m
2013-Q4,imports_value,Refined and unrefined bullion,,1000.016,A$m
2014-Q1,imports_value,Refined and unrefined bullion,,1175.2,A$m
2014-Q2,imports_value,Refined and unrefined bullion,,962.905,A$m
2014-Q3,imports_value,Refined and unrefined bullion,,850.038,A$m
2014-Q4,imports_value,Refined and unrefined bullion,,823.679,A$m
2015-Q1,imports_value,Refined and unrefined bullion,,944.632,A$m
2015-Q2,imports_value,Refined and unrefined bullion,,861.891,A$m
2015-Q3,imports_value,Refined and unrefined bullion,,1114.944,A$m
2015-Q4,imports_value,Refined and unrefined bullion,,972.505,A$m
2016-Q1,imports_value,Refined and unrefined bullion,,1448.653,A$m
2016-Q2,imports_value,Refined and unrefined bullion,,1567.913,A$m
2016-Q3,imports_value,Refined and unrefined bullion,,1750.616,A$m
2016-Q4,imports_value,Refined and unrefined bullion,,1132.199,A$m
2017-Q1,imports_value,Refined and unrefined bullion,,1098.125,A$m
2017-Q2,imports_value,Refined and unrefined bullion,,1687.193,A$m
2017-Q3,imports_value,Refined and unrefined bullion,,1450.217,A$m
2017-Q4,imports_value,Refined and unrefined bullion,,1346.369,A$m
2018-Q1,imports_value,Refined and unrefined bullion,,1623.668,A$m
2018-Q2,imports_value,Refined and unrefined bullion,,1878.559,A$m
2018-Q3,imports_value,Refined and unrefined bullion,,1414.255,A$m
2018-Q4,imports_value,Refined and unrefined bullion,,1202.052,A$m
2019-Q1,imports_value,Refined and unrefined bullion,,1332.672,A$m
2019-Q2,imports_value,Refined and unrefined bullion,,1498.006,A$m
2019-Q3,imports_value,Refined and unrefined bullion,,2613.412,A$m
2019-Q4,imports_value,Refined and unrefined bullion,,1323.388,A$m
2020-Q1,imports_value,Refined and unrefined bullion,,2217.225,A$m
2020-Q2,imports_value,Refined and unrefined bullion,,2653.832,A$m
2020-Q3,imports_value,Refined and unrefined bullion,,2662.467,A$m
2020-Q4,imports_value,Refined and unrefined bullion,,1556.521,A$m
2021-Q1,imports_value,Refined and unrefined bullion,,1867.125,A$m
2021-Q2,imports_value,Refined and unrefined bullion,,1800.408,A$m
2021-Q3,imports_value,Refined and unrefined bullion,,1414.354,A$m
2021-Q4,imports_value,Refined and unrefined bullion,,1398.419,A$m
2022-Q1,imports_value,Refined and unrefined bullion,,1697.207,A$m
2022-Q2,imports_value,Refined and unrefined bullion,,1985.77,A$m
2022-Q3,imports_value,Refined and unrefined bullion,,1836.618,A$m
2022-Q4,imports_value,Refined and unrefined bullion,,1436.945,A$m
2023-Q1,imports_value,Refined and unrefined bullion,,2027.2,A$m
2023-Q2,imports_value,Refined and unrefined bullion,,2068.479,A$m
2023-Q3,imports_value,Refined and unrefined bullion,,2214.377,A$m
2023-Q4,imports_value,Refined and unrefined bullion,,2252.334,A$m
2024-Q1,imports_value,Refined and unrefined bullion,,2297.361,A$m
2024-Q2,imports_value,Refined and unrefined bullion,,2143.068,A$m
2024-Q3,imports_value,Refined and unrefined bullion,,2545.533,A$m
2024-Q4,imports_value,Refined and unrefined bullion,,2891.427,A$m
2025-Q1,imports_value,Refined and unrefined bullion,,3392.222,A$m
2025-Q2,imports_value,Refined and unrefined bullion,,5921.465,A$m
2025-Q3,imports_value,Refined and unrefined bullion,,4144.652,A$m
2025-Q4,imports_value,Refined and unrefined bullion,,7156.007,A$m
2026-Q1,imports_value,Refined and unrefined bullion,,7877.507,A$m
1990-Q1,mine_production,national,Australia,57.11,t
1990-Q2,mine_production,national,Australia,59.387,t
1990-Q3,mine_production,national,Australia,59.189,t
1990-Q4,mine_production,national,Australia,68.413,t
1991-Q1,mine_production,national,Australia,56.098,t
1991-Q2,mine_production,national,Australia,58.06,t
1991-Q3,mine_production,national,Australia,60.877,t
1991-Q4,mine_production,national,Australia,61.241,t
1992-Q1,mine_production,national,Australia,59.723,t
1992-Q2,mine_production,national,Australia,59.629,t
1992-Q3,mine_production,national,Australia,61.758,t
1992-Q4,mine_production,national,Australia,62.626,t
1993-Q1,mine_production,national,Australia,53.8584,t
1993-Q2,mine_production,national,Australia,56.2617,t
1993-Q3,mine_production,national,Australia,57.4502,t
1993-Q4,mine_production,national,Australia,59.7409,t
1994-Q1,mine_production,national,Australia,58.6211,t
1994-Q2,mine_production,national,Australia,60.807,t
1994-Q3,mine_production,national,Australia,58.6834,t
1994-Q4,mine_production,national,Australia,58.8051,t
1995-Q1,mine_production,national,Australia,55.6812,t
1995-Q2,mine_production,national,Australia,58.5118,t
1995-Q3,mine_production,national,Australia,60.3742,t
1995-Q4,mine_production,national,Australia,61.831,t
1996-Q1,mine_production,national,Australia,66.3851,t
1996-Q2,mine_production,national,Australia,69.8064,t
1996-Q3,mine_production,national,Australia,68.0776,t
1996-Q4,mine_production,national,Australia,72.4605,t
1997-Q1,mine_production,national,Australia,71.4387,t
1997-Q2,mine_production,national,Australia,76.7547,t
1997-Q3,mine_production,national,Australia,76.2595,t
1997-Q4,mine_production,national,Australia,79.5294,t
1998-Q1,mine_production,national,Australia,76.6806,t
1998-Q2,mine_production,national,Australia,73.837,t
1998-Q3,mine_production,national,Australia,71.6618,t
1998-Q4,mine_production,national,Australia,77.4407,t
1999-Q1,mine_production,national,Australia,71.3138,t
1999-Q2,mine_production,national,Australia,71.3149,t
1999-Q3,mine_production,national,Australia,73.1731,t
1999-Q4,mine_production,national,Australia,73.6639,t
2000-Q1,mine_production,national,Australia,68.1836,t
2000-Q2,mine_production,national,Australia,74.8659,t
2000-Q3,mine_production,national,Australia,72.9369,t
2000-Q4,mine_production,national,Australia,74.927,t
2001-Q1,mine_production,national,Australia,71.9943,t
2001-Q2,mine_production,national,Australia,73.8193,t
2001-Q3,mine_production,national,Australia,68.7991,t
2001-Q4,mine_production,national,Australia,65.4707,t
2002-Q1,mine_production,national,Australia,63.1965,t
2002-Q2,mine_production,national,Australia,67.1178,t
2002-Q3,mine_production,national,Australia,66.5226,t
2002-Q4,mine_production,national,Australia,69.3743,t
2003-Q1,mine_production,national,Australia,66.3382,t
2003-Q2,mine_production,national,Australia,73.5714,t
2003-Q3,mine_production,national,Australia,70.1788,t
2003-Q4,mine_production,national,Australia,71.1246,t
2004-Q1,mine_production,national,Australia,62.5047,t
2004-Q2,mine_production,national,Australia,62.8041,t
2004-Q3,mine_production,national,Australia,65.8898,t
2004-Q4,mine_production,national,Australia,66.7717,t
2005-Q1,mine_production,national,Australia,67.2192,t
2005-Q2,mine_production,national,Australia,65.2563,t
2005-Q3,mine_production,national,Australia,63.7723,t
2005-Q4,mine_production,national,Australia,65.8705,t
2006-Q1,mine_production,national,Australia,59.5816,t
2006-Q2,mine_production,national,Australia,60.1557,t
2006-Q3,mine_production,national,Australia,61.7459,t
2006-Q4,mine_production,national,Australia,65.3758,t
2007-Q1,mine_production,national,Australia,61.2553,t
2007-Q2,mine_production,national,Australia,62.3841,t
2007-Q3,mine_production,national,Australia,61.0042,t
2007-Q4,mine_production,national,Australia,62.7115,t
2008-Q1,mine_production,national,Australia,51.7927,t
2008-Q2,mine_production,national,Australia,54.1899,t
2008-Q3,mine_production,national,Australia,55.113,t
2008-Q4,mine_production,national,Australia,54.0907,t
2009-Q1,mine_production,national,Australia,53.4508,t
2009-Q2,mine_production,national,Australia,55.1821,t
2009-Q3,mine_production,national,Australia,54.1349,t
2009-Q4,mine_production,national,Australia,60.7357,t
2010-Q1,mine_production,national,Australia,56.9839,t
2010-Q2,mine_production,national,Australia,62.8906,t
2010-Q3,mine_production,national,Australia,63.5227,t
2010-Q4,mine_production,national,Australia,65.4573,t
2011-Q1,mine_production,national,Australia,61.0124,t
2011-Q2,mine_production,national,Australia,63.6833,t
2011-Q3,mine_production,national,Australia,62.8113,t
2011-Q4,mine_production,national,Australia,61.9252,t
2012-Q1,mine_production,national,Australia,59.1085,t
2012-Q2,mine_production,national,Australia,60.4935,t
2012-Q3,mine_production,national,Australia,58.0064,t
2012-Q4,mine_production,national,Australia,62.4622,t
2013-Q1,mine_production,national,Australia,60.6732,t
2013-Q2,mine_production,national,Australia,63.6947,t
2013-Q3,mine_production,national,Australia,66.201,t
2013-Q4,mine_production,national,Australia,70.1442,t
2014-Q1,mine_production,national,Australia,64.9717,t
2014-Q2,mine_production,national,Australia,68.9907,t
2014-Q3,mine_production,national,Australia,67.9424,t
2014-Q4,mine_production,national,Australia,69.951,t
2015-Q1,mine_production,national,Australia,66.3214,t
2015-Q2,mine_production,national,Australia,68.3119,t
2015-Q3,mine_production,national,Australia,70.1964,t
2015-Q4,mine_production,national,Australia,72.7025,t
2016-Q1,mine_production,national,Australia,68.6076,t
2016-Q2,mine_production,national,Australia,72.9298,t
2016-Q3,mine_production,national,Australia,72.3885,t
2016-Q4,mine_production,national,Australia,74.3907,t
2017-Q1,mine_production,national,Australia,68.4151,t
2017-Q2,mine_production,national,Australia,73.058,t
2017-Q3,mine_production,national,Australia,72.0121,t
2017-Q4,mine_production,national,Australia,76.7421,t
2018-Q1,mine_production,national,Australia,72.0814,t
2018-Q2,mine_production,national,Australia,79.8331,t
2018-Q3,mine_production,national,Australia,79.6269,t
2018-Q4,mine_production,national,Australia,79.6288,t
2019-Q1,mine_production,national,Australia,78.5901,t
2019-Q2,mine_production,national,Australia,82.2297,t
2019-Q3,mine_production,national,Australia,78.5339,t
2019-Q4,mine_production,national,Australia,87.4899,t
2020-Q1,mine_production,national,Australia,77.5387,t
2020-Q2,mine_production,national,Australia,86.5322,t
2020-Q3,mine_production,national,Australia,80.8302,t
2020-Q4,mine_production,national,Australia,83.0503,t
2021-Q1,mine_production,national,Australia,73.5727,t
2021-Q2,mine_production,national,Australia,80.5063,t
2021-Q3,mine_production,national,Australia,75.1301,t
2021-Q4,mine_production,national,Australia,78.3681,t
2022-Q1,mine_production,national,Australia,72.2864,t
2022-Q2,mine_production,national,Australia,78.9004,t
2022-Q3,mine_production,national,Australia,74.4292,t
2022-Q4,mine_production,national,Australia,77.1707,t
2023-Q1,mine_production,national,Australia,71.355,t
2023-Q2,mine_production,national,Australia,77.6852,t
2023-Q3,mine_production,national,Australia,72.3869,t
2023-Q4,mine_production,national,Australia,74.6418,t
2024-Q1,mine_production,national,Australia,68.5586,t
2024-Q2,mine_production,national,Australia,73.0715,t
2024-Q3,mine_production,national,Australia,70.3379,t
2024-Q4,mine_production,national,Australia,72.0391,t
2025-Q1,mine_production,national,Australia,71.6947,t
2025-Q2,mine_production,national,Australia,79.1459,t
2025-Q3,mine_production,national,Australia,81.0315,t
2025-Q4,mine_production,national,Australia,81.6918,t
2026-Q1,mine_production,national,Australia,87.467,t
1990-Q1,mine_production,state,New South Wales,2.146,t
1990-Q2,mine_production,state,New South Wales,2.103,t
1990-Q3,mine_production,state,New South Wales,1.778,t
1990-Q4,mine_production,state,New South Wales,2.025,t
1991-Q1,mine_production,state,New South Wales,1.531,t
1991-Q2,mine_production,state,New South Wales,1.941,t
1991-Q3,mine_production,state,New South Wales,1.503,t
1991-Q4,mine_production,state,New South Wales,1.357,t
1992-Q1,mine_production,state,New South Wales,1.19,t
1992-Q2,mine_production,state,New South Wales,1.355,t
1992-Q3,mine_production,state,New South Wales,1.548,t
1992-Q4,mine_production,state,New South Wales,1.557,t
1993-Q1,mine_production,state,New South Wales,1.9972,t
1993-Q2,mine_production,state,New South Wales,2.442,t
1993-Q3,mine_production,state,New South Wales,2.0848,t
1993-Q4,mine_production,state,New South Wales,1.5878,t
1994-Q1,mine_production,state,New South Wales,1.661,t
1994-Q2,mine_production,state,New South Wales,1.7107,t
1994-Q3,mine_production,state,New South Wales,2.2575,t
1994-Q4,mine_production,state,New South Wales,1.9727,t
1995-Q1,mine_production,state,New South Wales,1.959,t
1995-Q2,mine_production,state,New South Wales,2.4836,t
1995-Q3,mine_production,state,New South Wales,2.5535,t
1995-Q4,mine_production,state,New South Wales,2.7476,t
1996-Q1,mine_production,state,New South Wales,2.7887,t
1996-Q2,mine_production,state,New South Wales,2.873,t
1996-Q3,mine_production,state,New South Wales,2.6793,t
1996-Q4,mine_production,state,New South Wales,2.7613,t
1997-Q1,mine_production,state,New South Wales,2.6961,t
1997-Q2,mine_production,state,New South Wales,2.8764,t
1997-Q3,mine_production,state,New South Wales,3.0418,t
1997-Q4,mine_production,state,New South Wales,3.101,t
1998-Q1,mine_production,state,New South Wales,2.8585,t
1998-Q2,mine_production,state,New South Wales,3.3154,t
1998-Q3,mine_production,state,New South Wales,3.8294,t
1998-Q4,mine_production,state,New South Wales,4.7647,t
1999-Q1,mine_production,state,New South Wales,5.1996,t
1999-Q2,mine_production,state,New South Wales,5.1552,t
1999-Q3,mine_production,state,New South Wales,5.2009,t
1999-Q4,mine_production,state,New South Wales,5.4867,t
2000-Q1,mine_production,state,New South Wales,4.4497,t
2000-Q2,mine_production,state,New South Wales,5.0378,t
2000-Q3,mine_production,state,New South Wales,4.6587,t
2000-Q4,mine_production,state,New South Wales,4.4361,t
2001-Q1,mine_production,state,New South Wales,4.2725,t
2001-Q2,mine_production,state,New South Wales,4.839,t
2001-Q3,mine_production,state,New South Wales,3.9924,t
2001-Q4,mine_production,state,New South Wales,3.9995,t
2002-Q1,mine_production,state,New South Wales,4.8288,t
2002-Q2,mine_production,state,New South Wales,6.0236,t
2002-Q3,mine_production,state,New South Wales,6.1725,t
2002-Q4,mine_production,state,New South Wales,6.4582,t
2003-Q1,mine_production,state,New South Wales,7.1122,t
2003-Q2,mine_production,state,New South Wales,6.8558,t
2003-Q3,mine_production,state,New South Wales,7.0699,t
2003-Q4,mine_production,state,New South Wales,6.4537,t
2004-Q1,mine_production,state,New South Wales,6.4488,t
2004-Q2,mine_production,state,New South Wales,7.572,t
2004-Q3,mine_production,state,New South Wales,7.0916,t
2004-Q4,mine_production,state,New South Wales,8.0314,t
2005-Q1,mine_production,state,New South Wales,7.2465,t
2005-Q2,mine_production,state,New South Wales,6.5141,t
2005-Q3,mine_production,state,New South Wales,6.7402,t
2005-Q4,mine_production,state,New South Wales,7.5456,t
2006-Q1,mine_production,state,New South Wales,5.9664,t
2006-Q2,mine_production,state,New South Wales,6.3699,t
2006-Q3,mine_production,state,New South Wales,6.9535,t
2006-Q4,mine_production,state,New South Wales,7.7512,t
2007-Q1,mine_production,state,New South Wales,8.2906,t
2007-Q2,mine_production,state,New South Wales,8.5898,t
2007-Q3,mine_production,state,New South Wales,8.2906,t
2007-Q4,mine_production,state,New South Wales,9.6902,t
2008-Q1,mine_production,state,New South Wales,8.4869,t
2008-Q2,mine_production,state,New South Wales,7.2074,t
2008-Q3,mine_production,state,New South Wales,8.5753,t
2008-Q4,mine_production,state,New South Wales,7.1146,t
2009-Q1,mine_production,state,New South Wales,6.4022,t
2009-Q2,mine_production,state,New South Wales,5.8234,t
2009-Q3,mine_production,state,New South Wales,5.9542,t
2009-Q4,mine_production,state,New South Wales,7.0631,t
2010-Q1,mine_production,state,New South Wales,6.7663,t
2010-Q2,mine_production,state,New South Wales,8.4243,t
2010-Q3,mine_production,state,New South Wales,7.5264,t
2010-Q4,mine_production,state,New South Wales,7.569,t
2011-Q1,mine_production,state,New South Wales,7.1657,t
2011-Q2,mine_production,state,New South Wales,7.7932,t
2011-Q3,mine_production,state,New South Wales,8.0567,t
2011-Q4,mine_production,state,New South Wales,7.1494,t
2012-Q1,mine_production,state,New South Wales,5.698,t
2012-Q2,mine_production,state,New South Wales,6.7,t
2012-Q3,mine_production,state,New South Wales,6.7348,t
2012-Q4,mine_production,state,New South Wales,6.6841,t
2013-Q1,mine_production,state,New South Wales,7.4886,t
2013-Q2,mine_production,state,New South Wales,8.1825,t
2013-Q3,mine_production,state,New South Wales,8.3766,t
2013-Q4,mine_production,state,New South Wales,7.9769,t
2014-Q1,mine_production,state,New South Wales,7.6824,t
2014-Q2,mine_production,state,New South Wales,8.7467,t
2014-Q3,mine_production,state,New South Wales,9.21,t
2014-Q4,mine_production,state,New South Wales,8.9936,t
2015-Q1,mine_production,state,New South Wales,9.0763,t
2015-Q2,mine_production,state,New South Wales,9.0827,t
2015-Q3,mine_production,state,New South Wales,8.229,t
2015-Q4,mine_production,state,New South Wales,8.0417,t
2016-Q1,mine_production,state,New South Wales,10.5697,t
2016-Q2,mine_production,state,New South Wales,9.9284,t
2016-Q3,mine_production,state,New South Wales,10.2064,t
2016-Q4,mine_production,state,New South Wales,9.5173,t
2017-Q1,mine_production,state,New South Wales,9.4674,t
2017-Q2,mine_production,state,New South Wales,6.6418,t
2017-Q3,mine_production,state,New South Wales,7.7522,t
2017-Q4,mine_production,state,New South Wales,9.901,t
2018-Q1,mine_production,state,New South Wales,8.3574,t
2018-Q2,mine_production,state,New South Wales,9.4648,t
2018-Q3,mine_production,state,New South Wales,10.4675,t
2018-Q4,mine_production,state,New South Wales,11.2213,t
2019-Q1,mine_production,state,New South Wales,10.2457,t
2019-Q2,mine_production,state,New South Wales,11.0606,t
2019-Q3,mine_production,state,New South Wales,9.2298,t
2019-Q4,mine_production,state,New South Wales,10.7901,t
2020-Q1,mine_production,state,New South Wales,8.896,t
2020-Q2,mine_production,state,New South Wales,10.9622,t
2020-Q3,mine_production,state,New South Wales,9.2617,t
2020-Q4,mine_production,state,New South Wales,8.9518,t
2021-Q1,mine_production,state,New South Wales,9.0193,t
2021-Q2,mine_production,state,New South Wales,9.1628,t
2021-Q3,mine_production,state,New South Wales,6.588,t
2021-Q4,mine_production,state,New South Wales,7.1582,t
2022-Q1,mine_production,state,New South Wales,7.7122,t
2022-Q2,mine_production,state,New South Wales,9.4012,t
2022-Q3,mine_production,state,New South Wales,7.78,t
2022-Q4,mine_production,state,New South Wales,9.1219,t
2023-Q1,mine_production,state,New South Wales,8.0946,t
2023-Q2,mine_production,state,New South Wales,8.3317,t
2023-Q3,mine_production,state,New South Wales,7.0723,t
2023-Q4,mine_production,state,New South Wales,6.2624,t
2024-Q1,mine_production,state,New South Wales,7.3685,t
2024-Q2,mine_production,state,New South Wales,8.0967,t
2024-Q3,mine_production,state,New South Wales,7.5081,t
2024-Q4,mine_production,state,New South Wales,4.4046,t
2025-Q1,mine_production,state,New South Wales,6.2559,t
2025-Q2,mine_production,state,New South Wales,6.2559,t
2025-Q3,mine_production,state,New South Wales,6.1237,t
2025-Q4,mine_production,state,New South Wales,6.1237,t
2026-Q1,mine_production,state,New South Wales,5.9224,t
1990-Q1,mine_production,state,Northern Territory,4.659,t
1990-Q2,mine_production,state,Northern Territory,4.679,t
1990-Q3,mine_production,state,Northern Territory,4.613,t
1990-Q4,mine_production,state,Northern Territory,5.091,t
1991-Q1,mine_production,state,Northern Territory,3.916,t
1991-Q2,mine_production,state,Northern Territory,4.257,t
1991-Q3,mine_production,state,Northern Territory,4.44,t
1991-Q4,mine_production,state,Northern Territory,4.69,t
1992-Q1,mine_production,state,Northern Territory,4.517,t
1992-Q2,mine_production,state,Northern Territory,5.172,t
1992-Q3,mine_production,state,Northern Territory,4.628,t
1992-Q4,mine_production,state,Northern Territory,4.323,t
1993-Q1,mine_production,state,Northern Territory,3.6475,t
1993-Q2,mine_production,state,Northern Territory,4.2129,t
1993-Q3,mine_production,state,Northern Territory,4.4874,t
1993-Q4,mine_production,state,Northern Territory,4.7423,t
1994-Q1,mine_production,state,Northern Territory,4.2345,t
1994-Q2,mine_production,state,Northern Territory,4.3719,t
1994-Q3,mine_production,state,Northern Territory,4.3859,t
1994-Q4,mine_production,state,Northern Territory,4.4304,t
1995-Q1,mine_production,state,Northern Territory,4.1378,t
1995-Q2,mine_production,state,Northern Territory,4.7637,t
1995-Q3,mine_production,state,Northern Territory,4.6908,t
1995-Q4,mine_production,state,Northern Territory,4.8557,t
1996-Q1,mine_production,state,Northern Territory,4.8536,t
1996-Q2,mine_production,state,Northern Territory,5.0805,t
1996-Q3,mine_production,state,Northern Territory,5.923,t
1996-Q4,mine_production,state,Northern Territory,5.4679,t
1997-Q1,mine_production,state,Northern Territory,5.3739,t
1997-Q2,mine_production,state,Northern Territory,6.4443,t
1997-Q3,mine_production,state,Northern Territory,6.8104,t
1997-Q4,mine_production,state,Northern Territory,5.703,t
1998-Q1,mine_production,state,Northern Territory,5.5325,t
1998-Q2,mine_production,state,Northern Territory,5.2432,t
1998-Q3,mine_production,state,Northern Territory,4.6024,t
1998-Q4,mine_production,state,Northern Territory,5.0129,t
1999-Q1,mine_production,state,Northern Territory,5.0571,t
1999-Q2,mine_production,state,Northern Territory,5.2463,t
1999-Q3,mine_production,state,Northern Territory,5.7838,t
1999-Q4,mine_production,state,Northern Territory,6.2092,t
2000-Q1,mine_production,state,Northern Territory,5.1234,t
2000-Q2,mine_production,state,Northern Territory,6.4944,t
2000-Q3,mine_production,state,Northern Territory,5.4787,t
2000-Q4,mine_production,state,Northern Territory,6.05,t
2001-Q1,mine_production,state,Northern Territory,5.0304,t
2001-Q2,mine_production,state,Northern Territory,4.5796,t
2001-Q3,mine_production,state,Northern Territory,5.8616,t
2001-Q4,mine_production,state,Northern Territory,5.0366,t
2002-Q1,mine_production,state,Northern Territory,4.4143,t
2002-Q2,mine_production,state,Northern Territory,4.614,t
2002-Q3,mine_production,state,Northern Territory,4.7893,t
2002-Q4,mine_production,state,Northern Territory,4.2093,t
2003-Q1,mine_production,state,Northern Territory,4.8724,t
2003-Q2,mine_production,state,Northern Territory,6.5945,t
2003-Q3,mine_production,state,Northern Territory,5.515,t
2003-Q4,mine_production,state,Northern Territory,5.865,t
2004-Q1,mine_production,state,Northern Territory,5.4949,t
2004-Q2,mine_production,state,Northern Territory,5.178,t
2004-Q3,mine_production,state,Northern Territory,5.8388,t
2004-Q4,mine_production,state,Northern Territory,5.7596,t
2005-Q1,mine_production,state,Northern Territory,4.7018,t
2005-Q2,mine_production,state,Northern Territory,4.5027,t
2005-Q3,mine_production,state,Northern Territory,3.9556,t
2005-Q4,mine_production,state,Northern Territory,3.3856,t
2006-Q1,mine_production,state,Northern Territory,3.4045,t
2006-Q2,mine_production,state,Northern Territory,2.8558,t
2006-Q3,mine_production,state,Northern Territory,3.3189,t
2006-Q4,mine_production,state,Northern Territory,4.4472,t
2007-Q1,mine_production,state,Northern Territory,3.8198,t
2007-Q2,mine_production,state,Northern Territory,4.9565,t
2007-Q3,mine_production,state,Northern Territory,3.7491,t
2007-Q4,mine_production,state,Northern Territory,4.0101,t
2008-Q1,mine_production,state,Northern Territory,3.7775,t
2008-Q2,mine_production,state,Northern Territory,4.0585,t
2008-Q3,mine_production,state,Northern Territory,3.5847,t
2008-Q4,mine_production,state,Northern Territory,2.8805,t
2009-Q1,mine_production,state,Northern Territory,2.7371,t
2009-Q2,mine_production,state,Northern Territory,2.7371,t
2009-Q3,mine_production,state,Northern Territory,1.9595,t
2009-Q4,mine_production,state,Northern Territory,1.6485,t
2010-Q1,mine_production,state,Northern Territory,2.0734,t
2010-Q2,mine_production,state,Northern Territory,2.5083,t
2010-Q3,mine_production,state,Northern Territory,2.9591,t
2010-Q4,mine_production,state,Northern Territory,2.7791,t
2011-Q1,mine_production,state,Northern Territory,2.5717,t
2011-Q2,mine_production,state,Northern Territory,2.4728,t
2011-Q3,mine_production,state,Northern Territory,2.4319,t
2011-Q4,mine_production,state,Northern Territory,1.9595,t
2012-Q1,mine_production,state,Northern Territory,2.9517,t
2012-Q2,mine_production,state,Northern Territory,2.1498,t
2012-Q3,mine_production,state,Northern Territory,2.5804,t
2012-Q4,mine_production,state,Northern Territory,1.581,t
2013-Q1,mine_production,state,Northern Territory,2.2758,t
2013-Q2,mine_production,state,Northern Territory,2.4791,t
2013-Q3,mine_production,state,Northern Territory,3.7733,t
2013-Q4,mine_production,state,Northern Territory,3.8231,t
2014-Q1,mine_production,state,Northern Territory,3.1676,t
2014-Q2,mine_production,state,Northern Territory,3.6343,t
2014-Q3,mine_production,state,Northern Territory,2.7975,t
2014-Q4,mine_production,state,Northern Territory,3.5493,t
2015-Q1,mine_production,state,Northern Territory,3.7203,t
2015-Q2,mine_production,state,Northern Territory,4.227,t
2015-Q3,mine_production,state,Northern Territory,4.5318,t
2015-Q4,mine_production,state,Northern Territory,3.9962,t
2016-Q1,mine_production,state,Northern Territory,3.8568,t
2016-Q2,mine_production,state,Northern Territory,5.0388,t
2016-Q3,mine_production,state,Northern Territory,4.1679,t
2016-Q4,mine_production,state,Northern Territory,3.7013,t
2017-Q1,mine_production,state,Northern Territory,2.622,t
2017-Q2,mine_production,state,Northern Territory,3.3684,t
2017-Q3,mine_production,state,Northern Territory,3.5458,t
2017-Q4,mine_production,state,Northern Territory,4.1368,t
2018-Q1,mine_production,state,Northern Territory,3.608,t
2018-Q2,mine_production,state,Northern Territory,3.1726,t
2018-Q3,mine_production,state,Northern Territory,3.8257,t
2018-Q4,mine_production,state,Northern Territory,4.821,t
2019-Q1,mine_production,state,Northern Territory,4.0746,t
2019-Q2,mine_production,state,Northern Territory,3.608,t
2019-Q3,mine_production,state,Northern Territory,3.5458,t
2019-Q4,mine_production,state,Northern Territory,4.3234,t
2020-Q1,mine_production,state,Northern Territory,3.608,t
2020-Q2,mine_production,state,Northern Territory,3.9442,t
2020-Q3,mine_production,state,Northern Territory,4.0435,t
2020-Q4,mine_production,state,Northern Territory,3.8257,t
2021-Q1,mine_production,state,Northern Territory,3.7946,t
2021-Q2,mine_production,state,Northern Territory,3.3903,t
2021-Q3,mine_production,state,Northern Territory,3.4525,t
2021-Q4,mine_production,state,Northern Territory,3.6391,t
2022-Q1,mine_production,state,Northern Territory,3.0792,t
2022-Q2,mine_production,state,Northern Territory,4.1057,t
2022-Q3,mine_production,state,Northern Territory,3.9501,t
2022-Q4,mine_production,state,Northern Territory,3.9812,t
2023-Q1,mine_production,state,Northern Territory,1.9595,t
2023-Q2,mine_production,state,Northern Territory,3.919,t
2023-Q3,mine_production,state,Northern Territory,3.8257,t
2023-Q4,mine_production,state,Northern Territory,4.2301,t
2024-Q1,mine_production,state,Northern Territory,2.7993,t
2024-Q2,mine_production,state,Northern Territory,3.0792,t
2024-Q3,mine_production,state,Northern Territory,3.1726,t
2024-Q4,mine_production,state,Northern Territory,3.1103,t
2025-Q1,mine_production,state,Northern Territory,4.821,t
2025-Q2,mine_production,state,Northern Territory,6.9205,t
2025-Q3,mine_production,state,Northern Territory,8.7259,t
2025-Q4,mine_production,state,Northern Territory,8.7259,t
2026-Q1,mine_production,state,Northern Territory,8.7259,t
1990-Q1,mine_production,state,Queensland,7.408,t
1990-Q2,mine_production,state,Queensland,7.738,t
1990-Q3,mine_production,state,Queensland,7.249,t
1990-Q4,mine_production,state,Queensland,7.333,t
1991-Q1,mine_production,state,Queensland,5.809,t
1991-Q2,mine_production,state,Queensland,6.942,t
1991-Q3,mine_production,state,Queensland,7.31,t
1991-Q4,mine_production,state,Queensland,7,t
1992-Q1,mine_production,state,Queensland,7.936,t
1992-Q2,mine_production,state,Queensland,7.551,t
1992-Q3,mine_production,state,Queensland,8.454,t
1992-Q4,mine_production,state,Queensland,8.667,t
1993-Q1,mine_production,state,Queensland,7.0723,t
1993-Q2,mine_production,state,Queensland,6.8145,t
1993-Q3,mine_production,state,Queensland,6.153,t
1993-Q4,mine_production,state,Queensland,7.3652,t
1994-Q1,mine_production,state,Queensland,8.0077,t
1994-Q2,mine_production,state,Queensland,7.2952,t
1994-Q3,mine_production,state,Queensland,6.9702,t
1994-Q4,mine_production,state,Queensland,6.9598,t
1995-Q1,mine_production,state,Queensland,6.5783,t
1995-Q2,mine_production,state,Queensland,6.624,t
1995-Q3,mine_production,state,Queensland,6.801,t
1995-Q4,mine_production,state,Queensland,7.8385,t
1996-Q1,mine_production,state,Queensland,6.6978,t
1996-Q2,mine_production,state,Queensland,7.0919,t
1996-Q3,mine_production,state,Queensland,6.837,t
1996-Q4,mine_production,state,Queensland,7.5749,t
1997-Q1,mine_production,state,Queensland,7.1246,t
1997-Q2,mine_production,state,Queensland,7.19,t
1997-Q3,mine_production,state,Queensland,6.7803,t
1997-Q4,mine_production,state,Queensland,7.7346,t
1998-Q1,mine_production,state,Queensland,7.1498,t
1998-Q2,mine_production,state,Queensland,7.7314,t
1998-Q3,mine_production,state,Queensland,8.6337,t
1998-Q4,mine_production,state,Queensland,8.8113,t
1999-Q1,mine_production,state,Queensland,8.7875,t
1999-Q2,mine_production,state,Queensland,8.1135,t
1999-Q3,mine_production,state,Queensland,8.0699,t
1999-Q4,mine_production,state,Queensland,8.6767,t
2000-Q1,mine_production,state,Queensland,8.7959,t
2000-Q2,mine_production,state,Queensland,9.8526,t
2000-Q3,mine_production,state,Queensland,8.7391,t
2000-Q4,mine_production,state,Queensland,9.7115,t
2001-Q1,mine_production,state,Queensland,9.3264,t
2001-Q2,mine_production,state,Queensland,8.4859,t
2001-Q3,mine_production,state,Queensland,7.1854,t
2001-Q4,mine_production,state,Queensland,6.8924,t
2002-Q1,mine_production,state,Queensland,5.9865,t
2002-Q2,mine_production,state,Queensland,5.9726,t
2002-Q3,mine_production,state,Queensland,6.123,t
2002-Q4,mine_production,state,Queensland,6.9819,t
2003-Q1,mine_production,state,Queensland,6.1564,t
2003-Q2,mine_production,state,Queensland,6.8981,t
2003-Q3,mine_production,state,Queensland,6.4495,t
2003-Q4,mine_production,state,Queensland,6.7362,t
2004-Q1,mine_production,state,Queensland,5.4353,t
2004-Q2,mine_production,state,Queensland,5.5544,t
2004-Q3,mine_production,state,Queensland,5.8418,t
2004-Q4,mine_production,state,Queensland,6.333,t
2005-Q1,mine_production,state,Queensland,5.7693,t
2005-Q2,mine_production,state,Queensland,5.9587,t
2005-Q3,mine_production,state,Queensland,6.307,t
2005-Q4,mine_production,state,Queensland,6.5833,t
2006-Q1,mine_production,state,Queensland,5.2576,t
2006-Q2,mine_production,state,Queensland,5.5762,t
2006-Q3,mine_production,state,Queensland,5.9678,t
2006-Q4,mine_production,state,Queensland,5.7007,t
2007-Q1,mine_production,state,Queensland,5.6122,t
2007-Q2,mine_production,state,Queensland,5.2868,t
2007-Q3,mine_production,state,Queensland,6.1911,t
2007-Q4,mine_production,state,Queensland,5.8222,t
2008-Q1,mine_production,state,Queensland,4.4327,t
2008-Q2,mine_production,state,Queensland,4.9458,t
2008-Q3,mine_production,state,Queensland,4.8488,t
2008-Q4,mine_production,state,Queensland,4.9185,t
2009-Q1,mine_production,state,Queensland,3.8182,t
2009-Q2,mine_production,state,Queensland,3.9074,t
2009-Q3,mine_production,state,Queensland,4.1502,t
2009-Q4,mine_production,state,Queensland,3.775,t
2010-Q1,mine_production,state,Queensland,3.5785,t
2010-Q2,mine_production,state,Queensland,3.7639,t
2010-Q3,mine_production,state,Queensland,4.0478,t
2010-Q4,mine_production,state,Queensland,3.8189,t
2011-Q1,mine_production,state,Queensland,4.0339,t
2011-Q2,mine_production,state,Queensland,4.262,t
2011-Q3,mine_production,state,Queensland,3.9431,t
2011-Q4,mine_production,state,Queensland,4.2486,t
2012-Q1,mine_production,state,Queensland,3.6042,t
2012-Q2,mine_production,state,Queensland,4.0266,t
2012-Q3,mine_production,state,Queensland,3.8239,t
2012-Q4,mine_production,state,Queensland,4.0739,t
2013-Q1,mine_production,state,Queensland,3.691,t
2013-Q2,mine_production,state,Queensland,4.2155,t
2013-Q3,mine_production,state,Queensland,4.7723,t
2013-Q4,mine_production,state,Queensland,3.9789,t
2014-Q1,mine_production,state,Queensland,4.5588,t
2014-Q2,mine_production,state,Queensland,3.8864,t
2014-Q3,mine_production,state,Queensland,3.9663,t
2014-Q4,mine_production,state,Queensland,4.2378,t
2015-Q1,mine_production,state,Queensland,3.9763,t
2015-Q2,mine_production,state,Queensland,4.3084,t
2015-Q3,mine_production,state,Queensland,5.2045,t
2015-Q4,mine_production,state,Queensland,4.8591,t
2016-Q1,mine_production,state,Queensland,4.4233,t
2016-Q2,mine_production,state,Queensland,4.4681,t
2016-Q3,mine_production,state,Queensland,4.5779,t
2016-Q4,mine_production,state,Queensland,4.7213,t
2017-Q1,mine_production,state,Queensland,5.0126,t
2017-Q2,mine_production,state,Queensland,5.3832,t
2017-Q3,mine_production,state,Queensland,4.7453,t
2017-Q4,mine_production,state,Queensland,5.0242,t
2018-Q1,mine_production,state,Queensland,4.653,t
2018-Q2,mine_production,state,Queensland,4.6612,t
2018-Q3,mine_production,state,Queensland,4.3467,t
2018-Q4,mine_production,state,Queensland,4.0037,t
2019-Q1,mine_production,state,Queensland,3.9351,t
2019-Q2,mine_production,state,Queensland,4.0004,t
2019-Q3,mine_production,state,Queensland,3.6854,t
2019-Q4,mine_production,state,Queensland,3.3676,t
2020-Q1,mine_production,state,Queensland,3.1218,t
2020-Q2,mine_production,state,Queensland,3.7634,t
2020-Q3,mine_production,state,Queensland,3.2547,t
2020-Q4,mine_production,state,Queensland,3.34,t
2021-Q1,mine_production,state,Queensland,2.7867,t
2021-Q2,mine_production,state,Queensland,3.4634,t
2021-Q3,mine_production,state,Queensland,3.1715,t
2021-Q4,mine_production,state,Queensland,3.6825,t
2022-Q1,mine_production,state,Queensland,2.1491,t
2022-Q2,mine_production,state,Queensland,2.3474,t
2022-Q3,mine_production,state,Queensland,2.235,t
2022-Q4,mine_production,state,Queensland,2.1064,t
2023-Q1,mine_production,state,Queensland,2.8396,t
2023-Q2,mine_production,state,Queensland,2.6184,t
2023-Q3,mine_production,state,Queensland,3.2266,t
2023-Q4,mine_production,state,Queensland,3.4567,t
2024-Q1,mine_production,state,Queensland,3.4815,t
2024-Q2,mine_production,state,Queensland,3.6615,t
2024-Q3,mine_production,state,Queensland,3.6132,t
2024-Q4,mine_production,state,Queensland,3.6553,t
2025-Q1,mine_production,state,Queensland,3.7798,t
2025-Q2,mine_production,state,Queensland,3.9197,t
2025-Q3,mine_production,state,Queensland,3.5924,t
2025-Q4,mine_production,state,Queensland,3.7323,t
2026-Q1,mine_production,state,Queensland,3.7024,t
1990-Q1,mine_production,state,South Australia,0.103,t
1990-Q2,mine_production,state,South Australia,0.185,t
1990-Q3,mine_production,state,South Australia,0.26,t
1990-Q4,mine_production,state,South Australia,0.342,t
1991-Q1,mine_production,state,South Australia,0.226,t
1991-Q2,mine_production,state,South Australia,0.195,t
1991-Q3,mine_production,state,South Australia,0.177,t
1991-Q4,mine_production,state,South Australia,0.165,t
1992-Q1,mine_production,state,South Australia,0.192,t
1992-Q2,mine_production,state,South Australia,0.254,t
1992-Q3,mine_production,state,South Australia,0.322,t
1992-Q4,mine_production,state,South Australia,0.285,t
1993-Q1,mine_production,state,South Australia,0.4161,t
1993-Q2,mine_production,state,South Australia,0.4032,t
1993-Q3,mine_production,state,South Australia,0.4428,t
1993-Q4,mine_production,state,South Australia,0.4138,t
1994-Q1,mine_production,state,South Australia,0.4944,t
1994-Q2,mine_production,state,South Australia,0.3817,t
1994-Q3,mine_production,state,South Australia,0.5445,t
1994-Q4,mine_production,state,South Australia,0.4233,t
1995-Q1,mine_production,state,South Australia,0.425,t
1995-Q2,mine_production,state,South Australia,0.4606,t
1995-Q3,mine_production,state,South Australia,0.3979,t
1995-Q4,mine_production,state,South Australia,0.4329,t
1996-Q1,mine_production,state,South Australia,0.4922,t
1996-Q2,mine_production,state,South Australia,0.4566,t
1996-Q3,mine_production,state,South Australia,0.4291,t
1996-Q4,mine_production,state,South Australia,0.4329,t
1997-Q1,mine_production,state,South Australia,0.3555,t
1997-Q2,mine_production,state,South Australia,0.423,t
1997-Q3,mine_production,state,South Australia,0.4376,t
1997-Q4,mine_production,state,South Australia,0.4255,t
1998-Q1,mine_production,state,South Australia,0.4964,t
1998-Q2,mine_production,state,South Australia,0.4556,t
1998-Q3,mine_production,state,South Australia,0.4396,t
1998-Q4,mine_production,state,South Australia,0.3524,t
1999-Q1,mine_production,state,South Australia,0.5461,t
1999-Q2,mine_production,state,South Australia,0.4571,t
1999-Q3,mine_production,state,South Australia,0.4706,t
1999-Q4,mine_production,state,South Australia,0.2996,t
2000-Q1,mine_production,state,South Australia,0.4285,t
2000-Q2,mine_production,state,South Australia,0.5338,t
2000-Q3,mine_production,state,South Australia,0.8929,t
2000-Q4,mine_production,state,South Australia,1.0932,t
2001-Q1,mine_production,state,South Australia,1.1091,t
2001-Q2,mine_production,state,South Australia,1.1176,t
2001-Q3,mine_production,state,South Australia,1.0001,t
2001-Q4,mine_production,state,South Australia,1.0866,t
2002-Q1,mine_production,state,South Australia,0.8059,t
2002-Q2,mine_production,state,South Australia,0.7523,t
2002-Q3,mine_production,state,South Australia,0.6183,t
2002-Q4,mine_production,state,South Australia,0.9598,t
2003-Q1,mine_production,state,South Australia,1.5103,t
2003-Q2,mine_production,state,South Australia,1.3604,t
2003-Q3,mine_production,state,South Australia,1.1485,t
2003-Q4,mine_production,state,South Australia,1.3079,t
2004-Q1,mine_production,state,South Australia,1.2019,t
2004-Q2,mine_production,state,South Australia,1.2832,t
2004-Q3,mine_production,state,South Australia,1.2193,t
2004-Q4,mine_production,state,South Australia,1.412,t
2005-Q1,mine_production,state,South Australia,1.3526,t
2005-Q2,mine_production,state,South Australia,1.2699,t
2005-Q3,mine_production,state,South Australia,1.7026,t
2005-Q4,mine_production,state,South Australia,1.9174,t
2006-Q1,mine_production,state,South Australia,1.8691,t
2006-Q2,mine_production,state,South Australia,1.8053,t
2006-Q3,mine_production,state,South Australia,1.6455,t
2006-Q4,mine_production,state,South Australia,1.4265,t
2007-Q1,mine_production,state,South Australia,1.7753,t
2007-Q2,mine_production,state,South Australia,1.847,t
2007-Q3,mine_production,state,South Australia,1.5329,t
2007-Q4,mine_production,state,South Australia,1.7673,t
2008-Q1,mine_production,state,South Australia,1.4144,t
2008-Q2,mine_production,state,South Australia,1.6947,t
2008-Q3,mine_production,state,South Australia,1.8236,t
2008-Q4,mine_production,state,South Australia,1.7811,t
2009-Q1,mine_production,state,South Australia,1.8456,t
2009-Q2,mine_production,state,South Australia,2.3073,t
2009-Q3,mine_production,state,South Australia,2.2426,t
2009-Q4,mine_production,state,South Australia,2.5046,t
2010-Q1,mine_production,state,South Australia,2.113,t
2010-Q2,mine_production,state,South Australia,3.2493,t
2010-Q3,mine_production,state,South Australia,3.8298,t
2010-Q4,mine_production,state,South Australia,4.3065,t
2011-Q1,mine_production,state,South Australia,3.9374,t
2011-Q2,mine_production,state,South Australia,3.7401,t
2011-Q3,mine_production,state,South Australia,3.6212,t
2011-Q4,mine_production,state,South Australia,3.4302,t
2012-Q1,mine_production,state,South Australia,3.5953,t
2012-Q2,mine_production,state,South Australia,3.2951,t
2012-Q3,mine_production,state,South Australia,2.9381,t
2012-Q4,mine_production,state,South Australia,2.8341,t
2013-Q1,mine_production,state,South Australia,3.1108,t
2013-Q2,mine_production,state,South Australia,3.2763,t
2013-Q3,mine_production,state,South Australia,2.9982,t
2013-Q4,mine_production,state,South Australia,3.0442,t
2014-Q1,mine_production,state,South Australia,2.8564,t
2014-Q2,mine_production,state,South Australia,3.1448,t
2014-Q3,mine_production,state,South Australia,3.3313,t
2014-Q4,mine_production,state,South Australia,3.2539,t
2015-Q1,mine_production,state,South Australia,2.7833,t
2015-Q2,mine_production,state,South Australia,2.0102,t
2015-Q3,mine_production,state,South Australia,2.6492,t
2015-Q4,mine_production,state,South Australia,4.3468,t
2016-Q1,mine_production,state,South Australia,2.5068,t
2016-Q2,mine_production,state,South Australia,2.0397,t
2016-Q3,mine_production,state,South Australia,2.3999,t
2016-Q4,mine_production,state,South Australia,2.8802,t
2017-Q1,mine_production,state,South Australia,1.9489,t
2017-Q2,mine_production,state,South Australia,2.3431,t
2017-Q3,mine_production,state,South Australia,1.8641,t
2017-Q4,mine_production,state,South Australia,2.2873,t
2018-Q1,mine_production,state,South Australia,2.3739,t
2018-Q2,mine_production,state,South Australia,2.437,t
2018-Q3,mine_production,state,South Australia,2.366,t
2018-Q4,mine_production,state,South Australia,2.1753,t
2019-Q1,mine_production,state,South Australia,1.9445,t
2019-Q2,mine_production,state,South Australia,1.9795,t
2019-Q3,mine_production,state,South Australia,2.2464,t
2019-Q4,mine_production,state,South Australia,2.3377,t
2020-Q1,mine_production,state,South Australia,2.7216,t
2020-Q2,mine_production,state,South Australia,3.1562,t
2020-Q3,mine_production,state,South Australia,3.181,t
2020-Q4,mine_production,state,South Australia,2.7809,t
2021-Q1,mine_production,state,South Australia,2.8457,t
2021-Q2,mine_production,state,South Australia,3.3109,t
2021-Q3,mine_production,state,South Australia,2.8666,t
2021-Q4,mine_production,state,South Australia,2.9856,t
2022-Q1,mine_production,state,South Australia,2.3915,t
2022-Q2,mine_production,state,South Australia,2.3524,t
2022-Q3,mine_production,state,South Australia,3.1474,t
2022-Q4,mine_production,state,South Australia,2.977,t
2023-Q1,mine_production,state,South Australia,2.899,t
2023-Q2,mine_production,state,South Australia,2.466,t
2023-Q3,mine_production,state,South Australia,2.7793,t
2023-Q4,mine_production,state,South Australia,3.0444,t
2024-Q1,mine_production,state,South Australia,2.6641,t
2024-Q2,mine_production,state,South Australia,3.0324,t
2024-Q3,mine_production,state,South Australia,2.1887,t
2024-Q4,mine_production,state,South Australia,2.7138,t
2025-Q1,mine_production,state,South Australia,2.9634,t
2025-Q2,mine_production,state,South Australia,2.9634,t
2025-Q3,mine_production,state,South Australia,2.9634,t
2025-Q4,mine_production,state,South Australia,2.9634,t
2026-Q1,mine_production,state,South Australia,2.9716,t
1990-Q1,mine_production,state,Tasmania,0.417,t
1990-Q2,mine_production,state,Tasmania,0.409,t
1990-Q3,mine_production,state,Tasmania,0.408,t
1990-Q4,mine_production,state,Tasmania,0.442,t
1991-Q1,mine_production,state,Tasmania,0.431,t
1991-Q2,mine_production,state,Tasmania,0.412,t
1991-Q3,mine_production,state,Tasmania,0.478,t
1991-Q4,mine_production,state,Tasmania,0.3,t
1992-Q1,mine_production,state,Tasmania,0.235,t
1992-Q2,mine_production,state,Tasmania,0.305,t
1992-Q3,mine_production,state,Tasmania,0.355,t
1992-Q4,mine_production,state,Tasmania,0.25,t
1993-Q1,mine_production,state,Tasmania,0.293,t
1993-Q2,mine_production,state,Tasmania,0.295,t
1993-Q3,mine_production,state,Tasmania,0.324,t
1993-Q4,mine_production,state,Tasmania,0.3891,t
1994-Q1,mine_production,state,Tasmania,0.3631,t
1994-Q2,mine_production,state,Tasmania,0.373,t
1994-Q3,mine_production,state,Tasmania,0.343,t
1994-Q4,mine_production,state,Tasmania,0.243,t
1995-Q1,mine_production,state,Tasmania,0.145,t
1995-Q2,mine_production,state,Tasmania,0.121,t
1995-Q3,mine_production,state,Tasmania,0.172,t
1995-Q4,mine_production,state,Tasmania,0.1844,t
1996-Q1,mine_production,state,Tasmania,0.1936,t
1996-Q2,mine_production,state,Tasmania,0.3173,t
1996-Q3,mine_production,state,Tasmania,0.3922,t
1996-Q4,mine_production,state,Tasmania,0.7317,t
1997-Q1,mine_production,state,Tasmania,0.6966,t
1997-Q2,mine_production,state,Tasmania,1.2373,t
1997-Q3,mine_production,state,Tasmania,1.3175,t
1997-Q4,mine_production,state,Tasmania,0.8961,t
1998-Q1,mine_production,state,Tasmania,1.0169,t
1998-Q2,mine_production,state,Tasmania,0.8197,t
1998-Q3,mine_production,state,Tasmania,0.9444,t
1998-Q4,mine_production,state,Tasmania,1.398,t
1999-Q1,mine_production,state,Tasmania,1.253,t
1999-Q2,mine_production,state,Tasmania,1.0573,t
1999-Q3,mine_production,state,Tasmania,1.1562,t
1999-Q4,mine_production,state,Tasmania,1.4838,t
2000-Q1,mine_production,state,Tasmania,1.4837,t
2000-Q2,mine_production,state,Tasmania,1.8624,t
2000-Q3,mine_production,state,Tasmania,1.7561,t
2000-Q4,mine_production,state,Tasmania,1.5773,t
2001-Q1,mine_production,state,Tasmania,1.5021,t
2001-Q2,mine_production,state,Tasmania,1.4742,t
2001-Q3,mine_production,state,Tasmania,1.4697,t
2001-Q4,mine_production,state,Tasmania,1.7352,t
2002-Q1,mine_production,state,Tasmania,1.5949,t
2002-Q2,mine_production,state,Tasmania,1.5801,t
2002-Q3,mine_production,state,Tasmania,1.4906,t
2002-Q4,mine_production,state,Tasmania,1.3878,t
2003-Q1,mine_production,state,Tasmania,1.869,t
2003-Q2,mine_production,state,Tasmania,2.2314,t
2003-Q3,mine_production,state,Tasmania,2.5615,t
2003-Q4,mine_production,state,Tasmania,2.6533,t
2004-Q1,mine_production,state,Tasmania,2.5707,t
2004-Q2,mine_production,state,Tasmania,3.0472,t
2004-Q3,mine_production,state,Tasmania,2.4389,t
2004-Q4,mine_production,state,Tasmania,2.5412,t
2005-Q1,mine_production,state,Tasmania,2.4274,t
2005-Q2,mine_production,state,Tasmania,2.2252,t
2005-Q3,mine_production,state,Tasmania,1.881,t
2005-Q4,mine_production,state,Tasmania,1.8026,t
2006-Q1,mine_production,state,Tasmania,1.6691,t
2006-Q2,mine_production,state,Tasmania,1.3174,t
2006-Q3,mine_production,state,Tasmania,0.9781,t
2006-Q4,mine_production,state,Tasmania,1.1319,t
2007-Q1,mine_production,state,Tasmania,0.8332,t
2007-Q2,mine_production,state,Tasmania,1.0128,t
2007-Q3,mine_production,state,Tasmania,1.2307,t
2007-Q4,mine_production,state,Tasmania,1.1138,t
2008-Q1,mine_production,state,Tasmania,0.9896,t
2008-Q2,mine_production,state,Tasmania,1.2906,t
2008-Q3,mine_production,state,Tasmania,1.5104,t
2008-Q4,mine_production,state,Tasmania,1.2708,t
2009-Q1,mine_production,state,Tasmania,1.3784,t
2009-Q2,mine_production,state,Tasmania,1.2623,t
2009-Q3,mine_production,state,Tasmania,1.1318,t
2009-Q4,mine_production,state,Tasmania,1.2375,t
2010-Q1,mine_production,state,Tasmania,0.6641,t
2010-Q2,mine_production,state,Tasmania,0.5829,t
2010-Q3,mine_production,state,Tasmania,0.5657,t
2010-Q4,mine_production,state,Tasmania,0.652,t
2011-Q1,mine_production,state,Tasmania,0.3454,t
2011-Q2,mine_production,state,Tasmania,0.5546,t
2011-Q3,mine_production,state,Tasmania,0.524,t
2011-Q4,mine_production,state,Tasmania,0.7935,t
2012-Q1,mine_production,state,Tasmania,0.5606,t
2012-Q2,mine_production,state,Tasmania,0.4959,t
2012-Q3,mine_production,state,Tasmania,0.5479,t
2012-Q4,mine_production,state,Tasmania,0.5336,t
2013-Q1,mine_production,state,Tasmania,0.5328,t
2013-Q2,mine_production,state,Tasmania,0.5591,t
2013-Q3,mine_production,state,Tasmania,0.5236,t
2013-Q4,mine_production,state,Tasmania,0.4114,t
2014-Q1,mine_production,state,Tasmania,0.3169,t
2014-Q2,mine_production,state,Tasmania,0.5133,t
2014-Q3,mine_production,state,Tasmania,0.5987,t
2014-Q4,mine_production,state,Tasmania,0.4774,t
2015-Q1,mine_production,state,Tasmania,0.5729,t
2015-Q2,mine_production,state,Tasmania,0.4717,t
2015-Q3,mine_production,state,Tasmania,0.3325,t
2015-Q4,mine_production,state,Tasmania,0.2448,t
2016-Q1,mine_production,state,Tasmania,0.0901,t
2016-Q2,mine_production,state,Tasmania,0.2925,t
2016-Q3,mine_production,state,Tasmania,0.3435,t
2016-Q4,mine_production,state,Tasmania,0.3864,t
2017-Q1,mine_production,state,Tasmania,0.3309,t
2017-Q2,mine_production,state,Tasmania,0.265,t
2017-Q3,mine_production,state,Tasmania,0.265,t
2017-Q4,mine_production,state,Tasmania,0.265,t
2018-Q1,mine_production,state,Tasmania,0.3196,t
2018-Q2,mine_production,state,Tasmania,0.3201,t
2018-Q3,mine_production,state,Tasmania,0.3201,t
2018-Q4,mine_production,state,Tasmania,0.3201,t
2019-Q1,mine_production,state,Tasmania,0.5054,t
2019-Q2,mine_production,state,Tasmania,0.5054,t
2019-Q3,mine_production,state,Tasmania,0.5926,t
2019-Q4,mine_production,state,Tasmania,0.5926,t
2020-Q1,mine_production,state,Tasmania,0.8578,t
2020-Q2,mine_production,state,Tasmania,0.8578,t
2020-Q3,mine_production,state,Tasmania,0.7706,t
2020-Q4,mine_production,state,Tasmania,0.7706,t
2021-Q1,mine_production,state,Tasmania,0.166,t
2021-Q2,mine_production,state,Tasmania,0.1962,t
2021-Q3,mine_production,state,Tasmania,0.3578,t
2021-Q4,mine_production,state,Tasmania,0.381,t
2022-Q1,mine_production,state,Tasmania,0.3892,t
2022-Q2,mine_production,state,Tasmania,0.3975,t
2022-Q3,mine_production,state,Tasmania,0.4547,t
2022-Q4,mine_production,state,Tasmania,0.488,t
2023-Q1,mine_production,state,Tasmania,0.3982,t
2023-Q2,mine_production,state,Tasmania,0.4666,t
2023-Q3,mine_production,state,Tasmania,0.4358,t
2023-Q4,mine_production,state,Tasmania,0.5192,t
2024-Q1,mine_production,state,Tasmania,0.648,t
2024-Q2,mine_production,state,Tasmania,0.5185,t
2024-Q3,mine_production,state,Tasmania,0.5331,t
2024-Q4,mine_production,state,Tasmania,1.0253,t
2025-Q1,mine_production,state,Tasmania,1.0253,t
2025-Q2,mine_production,state,Tasmania,1.0253,t
2025-Q3,mine_production,state,Tasmania,1.0253,t
2025-Q4,mine_production,state,Tasmania,1.0253,t
2026-Q1,mine_production,state,Tasmania,1.0253,t
1990-Q1,mine_production,state,Victoria,0.846,t
1990-Q2,mine_production,state,Victoria,0.92,t
1990-Q3,mine_production,state,Victoria,1.08,t
1990-Q4,mine_production,state,Victoria,1.08,t
1991-Q1,mine_production,state,Victoria,0.87,t
1991-Q2,mine_production,state,Victoria,1.08,t
1991-Q3,mine_production,state,Victoria,1.03,t
1991-Q4,mine_production,state,Victoria,0.78,t
1992-Q1,mine_production,state,Victoria,0.71,t
1992-Q2,mine_production,state,Victoria,0.78,t
1992-Q3,mine_production,state,Victoria,0.922,t
1992-Q4,mine_production,state,Victoria,0.941,t
1993-Q1,mine_production,state,Victoria,1.2453,t
1993-Q2,mine_production,state,Victoria,1.2992,t
1993-Q3,mine_production,state,Victoria,0.911,t
1993-Q4,mine_production,state,Victoria,0.9082,t
1994-Q1,mine_production,state,Victoria,0.8258,t
1994-Q2,mine_production,state,Victoria,0.9402,t
1994-Q3,mine_production,state,Victoria,1.0314,t
1994-Q4,mine_production,state,Victoria,1.0225,t
1995-Q1,mine_production,state,Victoria,1.0706,t
1995-Q2,mine_production,state,Victoria,1.0832,t
1995-Q3,mine_production,state,Victoria,0.9796,t
1995-Q4,mine_production,state,Victoria,1.1679,t
1996-Q1,mine_production,state,Victoria,1.21,t
1996-Q2,mine_production,state,Victoria,1.1434,t
1996-Q3,mine_production,state,Victoria,0.9952,t
1996-Q4,mine_production,state,Victoria,1.1676,t
1997-Q1,mine_production,state,Victoria,1.1697,t
1997-Q2,mine_production,state,Victoria,1.1457,t
1997-Q3,mine_production,state,Victoria,1.3067,t
1997-Q4,mine_production,state,Victoria,1.2025,t
1998-Q1,mine_production,state,Victoria,1.1393,t
1998-Q2,mine_production,state,Victoria,1.2651,t
1998-Q3,mine_production,state,Victoria,1.2689,t
1998-Q4,mine_production,state,Victoria,1.2226,t
1999-Q1,mine_production,state,Victoria,1.1328,t
1999-Q2,mine_production,state,Victoria,1.2309,t
1999-Q3,mine_production,state,Victoria,1.0759,t
1999-Q4,mine_production,state,Victoria,1.1934,t
2000-Q1,mine_production,state,Victoria,1.2216,t
2000-Q2,mine_production,state,Victoria,0.948,t
2000-Q3,mine_production,state,Victoria,1.0541,t
2000-Q4,mine_production,state,Victoria,1.0067,t
2001-Q1,mine_production,state,Victoria,0.8471,t
2001-Q2,mine_production,state,Victoria,0.8642,t
2001-Q3,mine_production,state,Victoria,0.8422,t
2001-Q4,mine_production,state,Victoria,0.9448,t
2002-Q1,mine_production,state,Victoria,0.8702,t
2002-Q2,mine_production,state,Victoria,0.7884,t
2002-Q3,mine_production,state,Victoria,0.7471,t
2002-Q4,mine_production,state,Victoria,0.8377,t
2003-Q1,mine_production,state,Victoria,0.8106,t
2003-Q2,mine_production,state,Victoria,0.7502,t
2003-Q3,mine_production,state,Victoria,0.725,t
2003-Q4,mine_production,state,Victoria,0.8247,t
2004-Q1,mine_production,state,Victoria,0.7485,t
2004-Q2,mine_production,state,Victoria,0.7238,t
2004-Q3,mine_production,state,Victoria,0.8733,t
2004-Q4,mine_production,state,Victoria,1.1099,t
2005-Q1,mine_production,state,Victoria,0.8007,t
2005-Q2,mine_production,state,Victoria,1.0654,t
2005-Q3,mine_production,state,Victoria,1.6529,t
2005-Q4,mine_production,state,Victoria,1.7165,t
2006-Q1,mine_production,state,Victoria,1.5531,t
2006-Q2,mine_production,state,Victoria,1.4142,t
2006-Q3,mine_production,state,Victoria,1.4796,t
2006-Q4,mine_production,state,Victoria,1.8255,t
2007-Q1,mine_production,state,Victoria,2.0184,t
2007-Q2,mine_production,state,Victoria,1.4889,t
2007-Q3,mine_production,state,Victoria,1.3803,t
2007-Q4,mine_production,state,Victoria,1.53,t
2008-Q1,mine_production,state,Victoria,1.2653,t
2008-Q2,mine_production,state,Victoria,1.2035,t
2008-Q3,mine_production,state,Victoria,1.3488,t
2008-Q4,mine_production,state,Victoria,2.2719,t
2009-Q1,mine_production,state,Victoria,1.9826,t
2009-Q2,mine_production,state,Victoria,1.8859,t
2009-Q3,mine_production,state,Victoria,1.7857,t
2009-Q4,mine_production,state,Victoria,1.945,t
2010-Q1,mine_production,state,Victoria,1.6529,t
2010-Q2,mine_production,state,Victoria,1.4093,t
2010-Q3,mine_production,state,Victoria,1.2695,t
2010-Q4,mine_production,state,Victoria,1.3474,t
2011-Q1,mine_production,state,Victoria,1.2804,t
2011-Q2,mine_production,state,Victoria,1.4581,t
2011-Q3,mine_production,state,Victoria,1.6117,t
2011-Q4,mine_production,state,Victoria,1.0564,t
2012-Q1,mine_production,state,Victoria,1.3575,t
2012-Q2,mine_production,state,Victoria,0.4186,t
2012-Q3,mine_production,state,Victoria,0.3452,t
2012-Q4,mine_production,state,Victoria,1.9447,t
2013-Q1,mine_production,state,Victoria,1.6753,t
2013-Q2,mine_production,state,Victoria,1.4577,t
2013-Q3,mine_production,state,Victoria,1.5349,t
2013-Q4,mine_production,state,Victoria,1.5544,t
2014-Q1,mine_production,state,Victoria,1.6107,t
2014-Q2,mine_production,state,Victoria,1.5199,t
2014-Q3,mine_production,state,Victoria,1.7429,t
2014-Q4,mine_production,state,Victoria,1.6995,t
2015-Q1,mine_production,state,Victoria,1.9122,t
2015-Q2,mine_production,state,Victoria,1.5416,t
2015-Q3,mine_production,state,Victoria,1.6308,t
2015-Q4,mine_production,state,Victoria,1.9291,t
2016-Q1,mine_production,state,Victoria,1.9232,t
2016-Q2,mine_production,state,Victoria,1.8897,t
2016-Q3,mine_production,state,Victoria,2.0082,t
2016-Q4,mine_production,state,Victoria,2.1538,t
2017-Q1,mine_production,state,Victoria,2.0036,t
2017-Q2,mine_production,state,Victoria,2.9968,t
2017-Q3,mine_production,state,Victoria,2.4161,t
2017-Q4,mine_production,state,Victoria,2.9597,t
2018-Q1,mine_production,state,Victoria,2.4636,t
2018-Q2,mine_production,state,Victoria,2.8421,t
2018-Q3,mine_production,state,Victoria,3.3241,t
2018-Q4,mine_production,state,Victoria,4.3601,t
2019-Q1,mine_production,state,Victoria,5.1199,t
2019-Q2,mine_production,state,Victoria,5.5235,t
2019-Q3,mine_production,state,Victoria,6.1563,t
2019-Q4,mine_production,state,Victoria,7.3371,t
2020-Q1,mine_production,state,Victoria,6.533,t
2020-Q2,mine_production,state,Victoria,6.2334,t
2020-Q3,mine_production,state,Victoria,6.4614,t
2020-Q4,mine_production,state,Victoria,6.6439,t
2021-Q1,mine_production,state,Victoria,4.9031,t
2021-Q2,mine_production,state,Victoria,6.2457,t
2021-Q3,mine_production,state,Victoria,5.6306,t
2021-Q4,mine_production,state,Victoria,4.8214,t
2022-Q1,mine_production,state,Victoria,4.9507,t
2022-Q2,mine_production,state,Victoria,3.6499,t
2022-Q3,mine_production,state,Victoria,3.5851,t
2022-Q4,mine_production,state,Victoria,3.7491,t
2023-Q1,mine_production,state,Victoria,3.3062,t
2023-Q2,mine_production,state,Victoria,3.1399,t
2023-Q3,mine_production,state,Victoria,2.4916,t
2023-Q4,mine_production,state,Victoria,2.2254,t
2024-Q1,mine_production,state,Victoria,2.4616,t
2024-Q2,mine_production,state,Victoria,2.6746,t
2024-Q3,mine_production,state,Victoria,2.4574,t
2024-Q4,mine_production,state,Victoria,2.2853,t
2025-Q1,mine_production,state,Victoria,1.5855,t
2025-Q2,mine_production,state,Victoria,1.5855,t
2025-Q3,mine_production,state,Victoria,1.5855,t
2025-Q4,mine_production,state,Victoria,1.5855,t
2026-Q1,mine_production,state,Victoria,1.5855,t
1990-Q1,mine_production,state,Western Australia,41.531,t
1990-Q2,mine_production,state,Western Australia,43.353,t
1990-Q3,mine_production,state,Western Australia,43.801,t
1990-Q4,mine_production,state,Western Australia,52.1,t
1991-Q1,mine_production,state,Western Australia,43.315,t
1991-Q2,mine_production,state,Western Australia,43.233,t
1991-Q3,mine_production,state,Western Australia,45.939,t
1991-Q4,mine_production,state,Western Australia,46.949,t
1992-Q1,mine_production,state,Western Australia,44.943,t
1992-Q2,mine_production,state,Western Australia,44.212,t
1992-Q3,mine_production,state,Western Australia,45.529,t
1992-Q4,mine_production,state,Western Australia,46.603,t
1993-Q1,mine_production,state,Western Australia,39.1869,t
1993-Q2,mine_production,state,Western Australia,40.795,t
1993-Q3,mine_production,state,Western Australia,43.0471,t
1993-Q4,mine_production,state,Western Australia,44.3344,t
1994-Q1,mine_production,state,Western Australia,43.0347,t
1994-Q2,mine_production,state,Western Australia,45.7344,t
1994-Q3,mine_production,state,Western Australia,43.151,t
1994-Q4,mine_production,state,Western Australia,43.7534,t
1995-Q1,mine_production,state,Western Australia,41.3656,t
1995-Q2,mine_production,state,Western Australia,42.9757,t
1995-Q3,mine_production,state,Western Australia,44.7794,t
1995-Q4,mine_production,state,Western Australia,44.604,t
1996-Q1,mine_production,state,Western Australia,50.1493,t
1996-Q2,mine_production,state,Western Australia,52.8438,t
1996-Q3,mine_production,state,Western Australia,50.8217,t
1996-Q4,mine_production,state,Western Australia,54.3242,t
1997-Q1,mine_production,state,Western Australia,54.0222,t
1997-Q2,mine_production,state,Western Australia,57.438,t
1997-Q3,mine_production,state,Western Australia,56.5652,t
1997-Q4,mine_production,state,Western Australia,60.4667,t
1998-Q1,mine_production,state,Western Australia,58.4872,t
1998-Q2,mine_production,state,Western Australia,55.0066,t
1998-Q3,mine_production,state,Western Australia,51.9434,t
1998-Q4,mine_production,state,Western Australia,55.8789,t
1999-Q1,mine_production,state,Western Australia,49.3376,t
1999-Q2,mine_production,state,Western Australia,50.0545,t
1999-Q3,mine_production,state,Western Australia,51.4158,t
1999-Q4,mine_production,state,Western Australia,50.3145,t
2000-Q1,mine_production,state,Western Australia,46.6809,t
2000-Q2,mine_production,state,Western Australia,50.1368,t
2000-Q3,mine_production,state,Western Australia,50.3574,t
2000-Q4,mine_production,state,Western Australia,51.0523,t
2001-Q1,mine_production,state,Western Australia,49.9067,t
2001-Q2,mine_production,state,Western Australia,52.4589,t
2001-Q3,mine_production,state,Western Australia,48.4478,t
2001-Q4,mine_production,state,Western Australia,45.7756,t
2002-Q1,mine_production,state,Western Australia,44.696,t
2002-Q2,mine_production,state,Western Australia,47.3868,t
2002-Q3,mine_production,state,Western Australia,46.5817,t
2002-Q4,mine_production,state,Western Australia,48.5396,t
2003-Q1,mine_production,state,Western Australia,44.0075,t
2003-Q2,mine_production,state,Western Australia,48.881,t
2003-Q3,mine_production,state,Western Australia,46.7093,t
2003-Q4,mine_production,state,Western Australia,47.2838,t
2004-Q1,mine_production,state,Western Australia,40.6046,t
2004-Q2,mine_production,state,Western Australia,39.4454,t
2004-Q3,mine_production,state,Western Australia,42.5861,t
2004-Q4,mine_production,state,Western Australia,41.5845,t
2005-Q1,mine_production,state,Western Australia,44.921,t
2005-Q2,mine_production,state,Western Australia,43.7202,t
2005-Q3,mine_production,state,Western Australia,41.5329,t
2005-Q4,mine_production,state,Western Australia,42.9195,t
2006-Q1,mine_production,state,Western Australia,39.8618,t
2006-Q2,mine_production,state,Western Australia,40.8168,t
2006-Q3,mine_production,state,Western Australia,41.4026,t
2006-Q4,mine_production,state,Western Australia,43.0928,t
2007-Q1,mine_production,state,Western Australia,38.9059,t
2007-Q2,mine_production,state,Western Australia,39.2025,t
2007-Q3,mine_production,state,Western Australia,38.6294,t
2007-Q4,mine_production,state,Western Australia,38.7779,t
2008-Q1,mine_production,state,Western Australia,31.4262,t
2008-Q2,mine_production,state,Western Australia,33.7894,t
2008-Q3,mine_production,state,Western Australia,33.4215,t
2008-Q4,mine_production,state,Western Australia,33.8532,t
2009-Q1,mine_production,state,Western Australia,35.2867,t
2009-Q2,mine_production,state,Western Australia,37.2587,t
2009-Q3,mine_production,state,Western Australia,36.9109,t
2009-Q4,mine_production,state,Western Australia,42.5621,t
2010-Q1,mine_production,state,Western Australia,40.1357,t
2010-Q2,mine_production,state,Western Australia,42.9525,t
2010-Q3,mine_production,state,Western Australia,43.3244,t
2010-Q4,mine_production,state,Western Australia,44.9844,t
2011-Q1,mine_production,state,Western Australia,41.6777,t
2011-Q2,mine_production,state,Western Australia,43.4025,t
2011-Q3,mine_production,state,Western Australia,42.6228,t
2011-Q4,mine_production,state,Western Australia,43.2876,t
2012-Q1,mine_production,state,Western Australia,41.3413,t
2012-Q2,mine_production,state,Western Australia,43.4076,t
2012-Q3,mine_production,state,Western Australia,41.036,t
2012-Q4,mine_production,state,Western Australia,44.8109,t
2013-Q1,mine_production,state,Western Australia,41.8989,t
2013-Q2,mine_production,state,Western Australia,43.5246,t
2013-Q3,mine_production,state,Western Australia,44.222,t
2013-Q4,mine_production,state,Western Australia,49.3554,t
2014-Q1,mine_production,state,Western Australia,44.7789,t
2014-Q2,mine_production,state,Western Australia,47.5454,t
2014-Q3,mine_production,state,Western Australia,46.2957,t
2014-Q4,mine_production,state,Western Australia,47.7395,t
2015-Q1,mine_production,state,Western Australia,44.2801,t
2015-Q2,mine_production,state,Western Australia,46.6702,t
2015-Q3,mine_production,state,Western Australia,47.5886,t
2015-Q4,mine_production,state,Western Australia,49.1548,t
2016-Q1,mine_production,state,Western Australia,45.095,t
2016-Q2,mine_production,state,Western Australia,49.0651,t
2016-Q3,mine_production,state,Western Australia,48.4553,t
2016-Q4,mine_production,state,Western Australia,50.7318,t
2017-Q1,mine_production,state,Western Australia,46.7079,t
2017-Q2,mine_production,state,Western Australia,51.6917,t
2017-Q3,mine_production,state,Western Australia,51.0105,t
2017-Q4,mine_production,state,Western Australia,51.7377,t
2018-Q1,mine_production,state,Western Australia,49.8896,t
2018-Q2,mine_production,state,Western Australia,56.5717,t
2018-Q3,mine_production,state,Western Australia,54.6805,t
2018-Q4,mine_production,state,Western Australia,52.3336,t
2019-Q1,mine_production,state,Western Australia,52.414,t
2019-Q2,mine_production,state,Western Australia,55.255,t
2019-Q3,mine_production,state,Western Australia,52.7469,t
2019-Q4,mine_production,state,Western Australia,58.449,t
2020-Q1,mine_production,state,Western Australia,51.8007,t
2020-Q2,mine_production,state,Western Australia,57.615,t
2020-Q3,mine_production,state,Western Australia,53.8574,t
2020-Q4,mine_production,state,Western Australia,56.7375,t
2021-Q1,mine_production,state,Western Australia,50.0574,t
2021-Q2,mine_production,state,Western Australia,54.737,t
2021-Q3,mine_production,state,Western Australia,53.0632,t
2021-Q4,mine_production,state,Western Australia,55.7003,t
2022-Q1,mine_production,state,Western Australia,51.6145,t
2022-Q2,mine_production,state,Western Australia,56.6464,t
2022-Q3,mine_production,state,Western Australia,53.2768,t
2022-Q4,mine_production,state,Western Australia,54.7472,t
2023-Q1,mine_production,state,Western Australia,51.8424,t
2023-Q2,mine_production,state,Western Australia,56.7436,t
2023-Q3,mine_production,state,Western Australia,52.5555,t
2023-Q4,mine_production,state,Western Australia,54.9036,t
2024-Q1,mine_production,state,Western Australia,49.1356,t
2024-Q2,mine_production,state,Western Australia,52.26,t
2024-Q3,mine_production,state,Western Australia,54.3572,t
2024-Q4,mine_production,state,Western Australia,54.7636,t
2025-Q1,mine_production,state,Western Australia,55.8534,t
2025-Q2,mine_production,state,Western Australia,56.4755,t
2025-Q3,mine_production,state,Western Australia,57.0153,t
2025-Q4,mine_production,state,Western Australia,57.5356,t
2026-Q1,mine_production,state,Western Australia,63.534,t
1990-Q1,price,Australia,,530.027,A$/oz
1990-Q2,price,Australia,,474.913,A$/oz
1990-Q3,price,Australia,,472.558,A$/oz
1990-Q4,price,Australia,,485.639,A$/oz
1991-Q1,price,Australia,,475.089,A$/oz
1991-Q2,price,Australia,,467.535,A$/oz
1991-Q3,price,Australia,,456.751,A$/oz
1991-Q4,price,Australia,,459.58,A$/oz
1992-Q1,price,Australia,,466.023,A$/oz
1992-Q2,price,Australia,,446.881,A$/oz
1992-Q3,price,Australia,,475.877,A$/oz
1992-Q4,price,Australia,,486.496,A$/oz
1993-Q1,price,Australia,,481.72,A$/oz
1993-Q2,price,Australia,,521.558,A$/oz
1993-Q3,price,Australia,,560.79,A$/oz
1993-Q4,price,Australia,,565.418,A$/oz
1994-Q1,price,Australia,,546.44,A$/oz
1994-Q2,price,Australia,,530.538,A$/oz
1994-Q3,price,Australia,,525.229,A$/oz
1994-Q4,price,Australia,,512.152,A$/oz
1995-Q1,price,Australia,,509.315,A$/oz
1995-Q2,price,Australia,,536.1,A$/oz
1995-Q3,price,Australia,,522.269,A$/oz
1995-Q4,price,Australia,,517.895,A$/oz
1996-Q1,price,Australia,,532.563,A$/oz
1996-Q2,price,Australia,,494.778,A$/oz
1996-Q3,price,Australia,,490.137,A$/oz
1996-Q4,price,Australia,,474.947,A$/oz
1997-Q1,price,Australia,,453.118,A$/oz
1997-Q2,price,Australia,,447.273,A$/oz
1997-Q3,price,Australia,,441.45,A$/oz
1997-Q4,price,Australia,,442.784,A$/oz
1998-Q1,price,Australia,,443.615,A$/oz
1998-Q2,price,Australia,,478.113,A$/oz
1998-Q3,price,Australia,,483.52,A$/oz
1998-Q4,price,Australia,,472.173,A$/oz
1999-Q1,price,Australia,,453.947,A$/oz
1999-Q2,price,Australia,,420.125,A$/oz
1999-Q3,price,Australia,,398.592,A$/oz
1999-Q4,price,Australia,,459.447,A$/oz
2000-Q1,price,Australia,,459.334,A$/oz
2000-Q2,price,Australia,,474.871,A$/oz
2000-Q3,price,Australia,,481.152,A$/oz
2000-Q4,price,Australia,,505.85,A$/oz
2001-Q1,price,Australia,,495.594,A$/oz
2001-Q2,price,Australia,,522.348,A$/oz
2001-Q3,price,Australia,,534.291,A$/oz
2001-Q4,price,Australia,,544.002,A$/oz
2002-Q1,price,Australia,,561.792,A$/oz
2002-Q2,price,Australia,,568.469,A$/oz
2002-Q3,price,Australia,,574.017,A$/oz
2002-Q4,price,Australia,,579.379,A$/oz
2003-Q1,price,Australia,,593.971,A$/oz
2003-Q2,price,Australia,,543.564,A$/oz
2003-Q3,price,Australia,,553.242,A$/oz
2003-Q4,price,Australia,,549.631,A$/oz
2004-Q1,price,Australia,,534.975,A$/oz
2004-Q2,price,Australia,,551.492,A$/oz
2004-Q3,price,Australia,,567.928,A$/oz
2004-Q4,price,Australia,,575.386,A$/oz
2005-Q1,price,Australia,,550.672,A$/oz
2005-Q2,price,Australia,,557.416,A$/oz
2005-Q3,price,Australia,,579.971,A$/oz
2005-Q4,price,Australia,,654.495,A$/oz
2006-Q1,price,Australia,,754.299,A$/oz
2006-Q2,price,Australia,,841.1,A$/oz
2006-Q3,price,Australia,,821.622,A$/oz
2006-Q4,price,Australia,,799.778,A$/oz
2007-Q1,price,Australia,,828.479,A$/oz
2007-Q2,price,Australia,,804.848,A$/oz
2007-Q3,price,Australia,,805.73,A$/oz
2007-Q4,price,Australia,,888.71,A$/oz
2008-Q1,price,Australia,,1022.602,A$/oz
2008-Q2,price,Australia,,952.496,A$/oz
2008-Q3,price,Australia,,977.666,A$/oz
2008-Q4,price,Australia,,1184.159,A$/oz
2009-Q1,price,Australia,,1368.839,A$/oz
2009-Q2,price,Australia,,1214.622,A$/oz
2009-Q3,price,Australia,,1153.238,A$/oz
2009-Q4,price,Australia,,1208.959,A$/oz
2010-Q1,price,Australia,,1227.397,A$/oz
2010-Q2,price,Australia,,1356.334,A$/oz
2010-Q3,price,Australia,,1359.856,A$/oz
2010-Q4,price,Australia,,1390.699,A$/oz
2011-Q1,price,Australia,,1382.046,A$/oz
2011-Q2,price,Australia,,1425.684,A$/oz
2011-Q3,price,Australia,,1624.174,A$/oz
2011-Q4,price,Australia,,1665.525,A$/oz
2012-Q1,price,Australia,,1603.026,A$/oz
2012-Q2,price,Australia,,1596.075,A$/oz
2012-Q3,price,Australia,,1595.009,A$/oz
2012-Q4,price,Australia,,1653.31,A$/oz
2013-Q1,price,Australia,,1570.025,A$/oz
2013-Q2,price,Australia,,1425.187,A$/oz
2013-Q3,price,Australia,,1452.88,A$/oz
2013-Q4,price,Australia,,1370.089,A$/oz
2014-Q1,price,Australia,,1443.653,A$/oz
2014-Q2,price,Australia,,1382.833,A$/oz
2014-Q3,price,Australia,,1385.226,A$/oz
2014-Q4,price,Australia,,1402.31,A$/oz
2015-Q1,price,Australia,,1551.264,A$/oz
2015-Q2,price,Australia,,1533.934,A$/oz
2015-Q3,price,Australia,,1551.218,A$/oz
2015-Q4,price,Australia,,1532.617,A$/oz
2016-Q1,price,Australia,,1638.98,A$/oz
2016-Q2,price,Australia,,1687.296,A$/oz
2016-Q3,price,Australia,,1760.818,A$/oz
2016-Q4,price,Australia,,1622.811,A$/oz
2017-Q1,price,Australia,,1608.086,A$/oz
2017-Q2,price,Australia,,1677.114,A$/oz
2017-Q3,price,Australia,,1619.729,A$/oz
2017-Q4,price,Australia,,1661.028,A$/oz
2018-Q1,price,Australia,,1692.122,A$/oz
2018-Q2,price,Australia,,1726.236,A$/oz
2018-Q3,price,Australia,,1657.828,A$/oz
2018-Q4,price,Australia,,1715.456,A$/oz
2019-Q1,price,Australia,,1830.824,A$/oz
2019-Q2,price,Australia,,1872.44,A$/oz
2019-Q3,price,Australia,,2155.198,A$/oz
2019-Q4,price,Australia,,2168.494,A$/oz
2020-Q1,price,Australia,,2411.207,A$/oz
2020-Q2,price,Australia,,2617.993,A$/oz
2020-Q3,price,Australia,,2673.565,A$/oz
2020-Q4,price,Australia,,2566.822,A$/oz
2021-Q1,price,Australia,,2328.563,A$/oz
2021-Q2,price,Australia,,2356.843,A$/oz
2021-Q3,price,Australia,,2436.646,A$/oz
2021-Q4,price,Australia,,2464.485,A$/oz
2022-Q1,price,Australia,,2591.124,A$/oz
2022-Q2,price,Australia,,2623.246,A$/oz
2022-Q3,price,Australia,,2529.031,A$/oz
2022-Q4,price,Australia,,2633.332,A$/oz
2023-Q1,price,Australia,,2763.855,A$/oz
2023-Q2,price,Australia,,2959.735,A$/oz
2023-Q3,price,Australia,,2944.375,A$/oz
2023-Q4,price,Australia,,3037.74,A$/oz
2024-Q1,price,Australia,,3155.012,A$/oz
2024-Q2,price,Australia,,3546.36,A$/oz
2024-Q3,price,Australia,,3700.175,A$/oz
2024-Q4,price,Australia,,4081.531,A$/oz
2025-Q1,price,Australia,,4561.096,A$/oz
2025-Q2,price,Australia,,5129.719,A$/oz
2025-Q3,price,Australia,,5286.219,A$/oz
2025-Q4,price,Australia,,6324.952,A$/oz
2026-Q1,price,Australia,,7006.151,A$/oz
1990-Q1,price,LBMA PM,,407.33,US$/oz
1990-Q2,price,LBMA PM,,366.527,US$/oz
1990-Q3,price,LBMA PM,,382.46,US$/oz
1990-Q4,price,LBMA PM,,381.097,US$/oz
1991-Q1,price,LBMA PM,,370.663,US$/oz
1991-Q2,price,LBMA PM,,360.573,US$/oz
1991-Q3,price,LBMA PM,,357.723,US$/oz
1991-Q4,price,LBMA PM,,360.213,US$/oz
1992-Q1,price,LBMA PM,,350.847,US$/oz
1992-Q2,price,LBMA PM,,338.95,US$/oz
1992-Q3,price,LBMA PM,,347.257,US$/oz
1992-Q4,price,LBMA PM,,338.276,US$/oz
1993-Q1,price,LBMA PM,,329.846,US$/oz
1993-Q2,price,LBMA PM,,360.646,US$/oz
1993-Q3,price,LBMA PM,,375.155,US$/oz
1993-Q4,price,LBMA PM,,373.668,US$/oz
1994-Q1,price,LBMA PM,,384.311,US$/oz
1994-Q2,price,LBMA PM,,381.924,US$/oz
1994-Q3,price,LBMA PM,,385.646,US$/oz
1994-Q4,price,LBMA PM,,384.478,US$/oz
1995-Q1,price,LBMA PM,,379.11,US$/oz
1995-Q2,price,LBMA PM,,387.936,US$/oz
1995-Q3,price,LBMA PM,,384.321,US$/oz
1995-Q4,price,LBMA PM,,385.303,US$/oz
1996-Q1,price,LBMA PM,,400.139,US$/oz
1996-Q2,price,LBMA PM,,390.062,US$/oz
1996-Q3,price,LBMA PM,,383.509,US$/oz
1996-Q4,price,LBMA PM,,375.97,US$/oz
1997-Q1,price,LBMA PM,,351.179,US$/oz
1997-Q2,price,LBMA PM,,343.023,US$/oz
1997-Q3,price,LBMA PM,,323.646,US$/oz
1997-Q4,price,LBMA PM,,306.584,US$/oz
1998-Q1,price,LBMA PM,,294.176,US$/oz
1998-Q2,price,LBMA PM,,299.901,US$/oz
1998-Q3,price,LBMA PM,,288.662,US$/oz
1998-Q4,price,LBMA PM,,294.278,US$/oz
1999-Q1,price,LBMA PM,,286.765,US$/oz
1999-Q2,price,LBMA PM,,273.605,US$/oz
1999-Q3,price,LBMA PM,,259.201,US$/oz
1999-Q4,price,LBMA PM,,295.658,US$/oz
2000-Q1,price,LBMA PM,,290.151,US$/oz
2000-Q2,price,LBMA PM,,280.204,US$/oz
2000-Q3,price,LBMA PM,,276.525,US$/oz
2000-Q4,price,LBMA PM,,269.159,US$/oz
2001-Q1,price,LBMA PM,,263.459,US$/oz
2001-Q2,price,LBMA PM,,267.765,US$/oz
2001-Q3,price,LBMA PM,,274.392,US$/oz
2001-Q4,price,LBMA PM,,278.414,US$/oz
2002-Q1,price,LBMA PM,,290.354,US$/oz
2002-Q2,price,LBMA PM,,312.785,US$/oz
2002-Q3,price,LBMA PM,,314.222,US$/oz
2002-Q4,price,LBMA PM,,322.514,US$/oz
2003-Q1,price,LBMA PM,,352.125,US$/oz
2003-Q2,price,LBMA PM,,346.813,US$/oz
2003-Q3,price,LBMA PM,,363.244,US$/oz
2003-Q4,price,LBMA PM,,391.927,US$/oz
2004-Q1,price,LBMA PM,,408.444,US$/oz
2004-Q2,price,LBMA PM,,393.304,US$/oz
2004-Q3,price,LBMA PM,,401.442,US$/oz
2004-Q4,price,LBMA PM,,433.719,US$/oz
2005-Q1,price,LBMA PM,,427.242,US$/oz
2005-Q2,price,LBMA PM,,427.254,US$/oz
2005-Q3,price,LBMA PM,,439.485,US$/oz
2005-Q4,price,LBMA PM,,485.692,US$/oz
2006-Q1,price,LBMA PM,,553.984,US$/oz
2006-Q2,price,LBMA PM,,627.397,US$/oz
2006-Q3,price,LBMA PM,,621.496,US$/oz
2006-Q4,price,LBMA PM,,614.466,US$/oz
2007-Q1,price,LBMA PM,,650.269,US$/oz
2007-Q2,price,LBMA PM,,667.24,US$/oz
2007-Q3,price,LBMA PM,,681.12,US$/oz
2007-Q4,price,LBMA PM,,788.018,US$/oz
2008-Q1,price,LBMA PM,,926.776,US$/oz
2008-Q2,price,LBMA PM,,895.952,US$/oz
2008-Q3,price,LBMA PM,,869.576,US$/oz
2008-Q4,price,LBMA PM,,794.525,US$/oz
2009-Q1,price,LBMA PM,,908.709,US$/oz
2009-Q2,price,LBMA PM,,921.505,US$/oz
2009-Q3,price,LBMA PM,,960.065,US$/oz
2009-Q4,price,LBMA PM,,1101.633,US$/oz
2010-Q1,price,LBMA PM,,1108.904,US$/oz
2010-Q2,price,LBMA PM,,1195.681,US$/oz
2010-Q3,price,LBMA PM,,1226.584,US$/oz
2010-Q4,price,LBMA PM,,1367.488,US$/oz
2011-Q1,price,LBMA PM,,1384.37,US$/oz
2011-Q2,price,LBMA PM,,1504.295,US$/oz
2011-Q3,price,LBMA PM,,1699.149,US$/oz
2011-Q4,price,LBMA PM,,1652.201,US$/oz
2012-Q1,price,LBMA PM,,1690.837,US$/oz
2012-Q2,price,LBMA PM,,1610.756,US$/oz
2012-Q3,price,LBMA PM,,1654.798,US$/oz
2012-Q4,price,LBMA PM,,1718.892,US$/oz
2013-Q1,price,LBMA PM,,1630.468,US$/oz
2013-Q2,price,LBMA PM,,1413.649,US$/oz
2013-Q3,price,LBMA PM,,1327.539,US$/oz
2013-Q4,price,LBMA PM,,1272.47,US$/oz
2014-Q1,price,LBMA PM,,1293.951,US$/oz
2014-Q2,price,LBMA PM,,1288.54,US$/oz
2014-Q3,price,LBMA PM,,1281.924,US$/oz
2014-Q4,price,LBMA PM,,1200.36,US$/oz
2015-Q1,price,LBMA PM,,1219.221,US$/oz
2015-Q2,price,LBMA PM,,1192.822,US$/oz
2015-Q3,price,LBMA PM,,1124.015,US$/oz
2015-Q4,price,LBMA PM,,1104.545,US$/oz
2016-Q1,price,LBMA PM,,1180.955,US$/oz
2016-Q2,price,LBMA PM,,1259.355,US$/oz
2016-Q3,price,LBMA PM,,1334.815,US$/oz
2016-Q4,price,LBMA PM,,1217.984,US$/oz
2017-Q1,price,LBMA PM,,1219.591,US$/oz
2017-Q2,price,LBMA PM,,1257.551,US$/oz
2017-Q3,price,LBMA PM,,1277.839,US$/oz
2017-Q4,price,LBMA PM,,1274.351,US$/oz
2018-Q1,price,LBMA PM,,1329.283,US$/oz
2018-Q2,price,LBMA PM,,1306.444,US$/oz
2018-Q3,price,LBMA PM,,1212.748,US$/oz
2018-Q4,price,LBMA PM,,1228.088,US$/oz
2019-Q1,price,LBMA PM,,1304.236,US$/oz
2019-Q2,price,LBMA PM,,1309.812,US$/oz
2019-Q3,price,LBMA PM,,1474.363,US$/oz
2019-Q4,price,LBMA PM,,1480.287,US$/oz
2020-Q1,price,LBMA PM,,1583.234,US$/oz
2020-Q2,price,LBMA PM,,1710.51,US$/oz
2020-Q3,price,LBMA PM,,1911.364,US$/oz
2020-Q4,price,LBMA PM,,1873.241,US$/oz
2021-Q1,price,LBMA PM,,1797.796,US$/oz
2021-Q2,price,LBMA PM,,1816.489,US$/oz
2021-Q3,price,LBMA PM,,1789.438,US$/oz
2021-Q4,price,LBMA PM,,1794.581,US$/oz
2022-Q1,price,LBMA PM,,1873.629,US$/oz
2022-Q2,price,LBMA PM,,1872.009,US$/oz
2022-Q3,price,LBMA PM,,1728.331,US$/oz
2022-Q4,price,LBMA PM,,1729.211,US$/oz
2023-Q1,price,LBMA PM,,1888.633,US$/oz
2023-Q2,price,LBMA PM,,1977.845,US$/oz
2023-Q3,price,LBMA PM,,1928.613,US$/oz
2023-Q4,price,LBMA PM,,1975.867,US$/oz
2024-Q1,price,LBMA PM,,2071.764,US$/oz
2024-Q2,price,LBMA PM,,2337.988,US$/oz
2024-Q3,price,LBMA PM,,2476.799,US$/oz
2024-Q4,price,LBMA PM,,2661.609,US$/oz
2025-Q1,price,LBMA PM,,2862.556,US$/oz
2025-Q2,price,LBMA PM,,3279.158,US$/oz
2025-Q3,price,LBMA PM,,3455.5,US$/oz
2025-Q4,price,LBMA PM,,4141.904,US$/oz
2026-Q1,price,LBMA PM,,4875.387,US$/oz
1990-Q1,refinery_output,by origin,"Primary, Australian origin",54.817,t
1990-Q2,refinery_output,by origin,"Primary, Australian origin",59.209,t
1990-Q3,refinery_output,by origin,"Primary, Australian origin",56.19,t
1990-Q4,refinery_output,by origin,"Primary, Australian origin",64.696,t
1991-Q1,refinery_output,by origin,"Primary, Australian origin",51.037,t
1991-Q2,refinery_output,by origin,"Primary, Australian origin",59.046,t
1991-Q3,refinery_output,by origin,"Primary, Australian origin",56.367,t
1991-Q4,refinery_output,by origin,"Primary, Australian origin",57.613,t
1992-Q1,refinery_output,by origin,"Primary, Australian origin",58.402,t
1992-Q2,refinery_output,by origin,"Primary, Australian origin",56.504,t
1992-Q3,refinery_output,by origin,"Primary, Australian origin",58.455,t
1992-Q4,refinery_output,by origin,"Primary, Australian origin",57.813,t
1993-Q1,refinery_output,by origin,"Primary, Australian origin",55.473,t
1993-Q2,refinery_output,by origin,"Primary, Australian origin",57.642,t
1993-Q3,refinery_output,by origin,"Primary, Australian origin",63.04,t
1993-Q4,refinery_output,by origin,"Primary, Australian origin",60.169,t
1994-Q1,refinery_output,by origin,"Primary, Australian origin",60.026,t
1994-Q2,refinery_output,by origin,"Primary, Australian origin",64.676,t
1994-Q3,refinery_output,by origin,"Primary, Australian origin",62.605,t
1994-Q4,refinery_output,by origin,"Primary, Australian origin",58.473,t
1995-Q1,refinery_output,by origin,"Primary, Australian origin",61.686,t
1995-Q2,refinery_output,by origin,"Primary, Australian origin",61.163,t
1995-Q3,refinery_output,by origin,"Primary, Australian origin",61.644,t
1995-Q4,refinery_output,by origin,"Primary, Australian origin",65.204,t
1996-Q1,refinery_output,by origin,"Primary, Australian origin",74.437,t
1996-Q2,refinery_output,by origin,"Primary, Australian origin",73.044,t
1996-Q3,refinery_output,by origin,"Primary, Australian origin",70.739,t
1996-Q4,refinery_output,by origin,"Primary, Australian origin",72.013,t
1997-Q1,refinery_output,by origin,"Primary, Australian origin",74.743,t
1997-Q2,refinery_output,by origin,"Primary, Australian origin",72.576,t
1997-Q3,refinery_output,by origin,"Primary, Australian origin",77.551,t
1997-Q4,refinery_output,by origin,"Primary, Australian origin",78.538,t
1998-Q1,refinery_output,by origin,"Primary, Australian origin",61.905,t
1998-Q2,refinery_output,by origin,"Primary, Australian origin",57.862,t
1998-Q3,refinery_output,by origin,"Primary, Australian origin",69.034,t
1998-Q4,refinery_output,by origin,"Primary, Australian origin",75.205,t
1999-Q1,refinery_output,by origin,"Primary, Australian origin",72.621,t
1999-Q2,refinery_output,by origin,"Primary, Australian origin",70.574,t
1999-Q3,refinery_output,by origin,"Primary, Australian origin",73.79,t
1999-Q4,refinery_output,by origin,"Primary, Australian origin",79.125,t
2000-Q1,refinery_output,by origin,"Primary, Australian origin",78.134,t
2000-Q2,refinery_output,by origin,"Primary, Australian origin",82.007,t
2000-Q3,refinery_output,by origin,"Primary, Australian origin",69.978,t
2000-Q4,refinery_output,by origin,"Primary, Australian origin",72.048,t
2001-Q1,refinery_output,by origin,"Primary, Australian origin",77.694,t
2001-Q2,refinery_output,by origin,"Primary, Australian origin",76.287,t
2001-Q3,refinery_output,by origin,"Primary, Australian origin",67.851,t
2001-Q4,refinery_output,by origin,"Primary, Australian origin",66.1378,t
2002-Q1,refinery_output,by origin,"Primary, Australian origin",69.044,t
2002-Q2,refinery_output,by origin,"Primary, Australian origin",67.9992,t
2002-Q3,refinery_output,by origin,"Primary, Australian origin",66.3703,t
2002-Q4,refinery_output,by origin,"Primary, Australian origin",58.3754,t
2003-Q1,refinery_output,by origin,"Primary, Australian origin",61.4051,t
2003-Q2,refinery_output,by origin,"Primary, Australian origin",65.2782,t
2003-Q3,refinery_output,by origin,"Primary, Australian origin",64.7777,t
2003-Q4,refinery_output,by origin,"Primary, Australian origin",65.5591,t
2004-Q1,refinery_output,by origin,"Primary, Australian origin",59.8953,t
2004-Q2,refinery_output,by origin,"Primary, Australian origin",56.1743,t
2004-Q3,refinery_output,by origin,"Primary, Australian origin",58.3684,t
2004-Q4,refinery_output,by origin,"Primary, Australian origin",56.3845,t
2005-Q1,refinery_output,by origin,"Primary, Australian origin",57.4411,t
2005-Q2,refinery_output,by origin,"Primary, Australian origin",54.4614,t
2005-Q3,refinery_output,by origin,"Primary, Australian origin",53.3146,t
2005-Q4,refinery_output,by origin,"Primary, Australian origin",55.0277,t
2006-Q1,refinery_output,by origin,"Primary, Australian origin",51.3286,t
2006-Q2,refinery_output,by origin,"Primary, Australian origin",49.0302,t
2006-Q3,refinery_output,by origin,"Primary, Australian origin",50.8008,t
2006-Q4,refinery_output,by origin,"Primary, Australian origin",54.4061,t
2007-Q1,refinery_output,by origin,"Primary, Australian origin",52.7895,t
2007-Q2,refinery_output,by origin,"Primary, Australian origin",50.1416,t
2007-Q3,refinery_output,by origin,"Primary, Australian origin",51.2032,t
2007-Q4,refinery_output,by origin,"Primary, Australian origin",50.6797,t
2008-Q1,refinery_output,by origin,"Primary, Australian origin",44.7724,t
2008-Q2,refinery_output,by origin,"Primary, Australian origin",43.4701,t
2008-Q3,refinery_output,by origin,"Primary, Australian origin",43.938,t
2008-Q4,refinery_output,by origin,"Primary, Australian origin",45.2427,t
2009-Q1,refinery_output,by origin,"Primary, Australian origin",44.7687,t
2009-Q2,refinery_output,by origin,"Primary, Australian origin",45.4093,t
2009-Q3,refinery_output,by origin,"Primary, Australian origin",47.4521,t
2009-Q4,refinery_output,by origin,"Primary, Australian origin",47.6836,t
2010-Q1,refinery_output,by origin,"Primary, Australian origin",48.1417,t
2010-Q2,refinery_output,by origin,"Primary, Australian origin",50.274,t
2010-Q3,refinery_output,by origin,"Primary, Australian origin",53.5744,t
2010-Q4,refinery_output,by origin,"Primary, Australian origin",54.9984,t
2011-Q1,refinery_output,by origin,"Primary, Australian origin",51.9396,t
2011-Q2,refinery_output,by origin,"Primary, Australian origin",49.6305,t
2011-Q3,refinery_output,by origin,"Primary, Australian origin",51.0629,t
2011-Q4,refinery_output,by origin,"Primary, Australian origin",51.2441,t
2012-Q1,refinery_output,by origin,"Primary, Australian origin",50.7743,t
2012-Q2,refinery_output,by origin,"Primary, Australian origin",51.0811,t
2012-Q3,refinery_output,by origin,"Primary, Australian origin",48.7941,t
2012-Q4,refinery_output,by origin,"Primary, Australian origin",52.6194,t
2013-Q1,refinery_output,by origin,"Primary, Australian origin",50.0653,t
2013-Q2,refinery_output,by origin,"Primary, Australian origin",52.9801,t
2013-Q3,refinery_output,by origin,"Primary, Australian origin",53.6481,t
2013-Q4,refinery_output,by origin,"Primary, Australian origin",60.244,t
2014-Q1,refinery_output,by origin,"Primary, Australian origin",55.7015,t
2014-Q2,refinery_output,by origin,"Primary, Australian origin",56.5213,t
2014-Q3,refinery_output,by origin,"Primary, Australian origin",56.4364,t
2014-Q4,refinery_output,by origin,"Primary, Australian origin",57.596,t
2015-Q1,refinery_output,by origin,"Primary, Australian origin",53.0555,t
2015-Q2,refinery_output,by origin,"Primary, Australian origin",53.9675,t
2015-Q3,refinery_output,by origin,"Primary, Australian origin",56.0517,t
2015-Q4,refinery_output,by origin,"Primary, Australian origin",55.8388,t
2016-Q1,refinery_output,by origin,"Primary, Australian origin",52.5134,t
2016-Q2,refinery_output,by origin,"Primary, Australian origin",55.8734,t
2016-Q3,refinery_output,by origin,"Primary, Australian origin",53.0972,t
2016-Q4,refinery_output,by origin,"Primary, Australian origin",53.3856,t
2017-Q1,refinery_output,by origin,"Primary, Australian origin",52.0632,t
2017-Q2,refinery_output,by origin,"Primary, Australian origin",54.2553,t
2017-Q3,refinery_output,by origin,"Primary, Australian origin",51.8033,t
2017-Q4,refinery_output,by origin,"Primary, Australian origin",54.4936,t
2018-Q1,refinery_output,by origin,"Primary, Australian origin",54.5664,t
2018-Q2,refinery_output,by origin,"Primary, Australian origin",58.4334,t
2018-Q3,refinery_output,by origin,"Primary, Australian origin",55.8111,t
2018-Q4,refinery_output,by origin,"Primary, Australian origin",55.7648,t
2019-Q1,refinery_output,by origin,"Primary, Australian origin",56.0188,t
2019-Q2,refinery_output,by origin,"Primary, Australian origin",55.102,t
2019-Q3,refinery_output,by origin,"Primary, Australian origin",53.6047,t
2019-Q4,refinery_output,by origin,"Primary, Australian origin",59.0367,t
2020-Q1,refinery_output,by origin,"Primary, Australian origin",51.6917,t
2020-Q2,refinery_output,by origin,"Primary, Australian origin",54.5137,t
2020-Q3,refinery_output,by origin,"Primary, Australian origin",52.6497,t
2020-Q4,refinery_output,by origin,"Primary, Australian origin",55.6482,t
2021-Q1,refinery_output,by origin,"Primary, Australian origin",50.4521,t
2021-Q2,refinery_output,by origin,"Primary, Australian origin",52.9524,t
2021-Q3,refinery_output,by origin,"Primary, Australian origin",50.2633,t
2021-Q4,refinery_output,by origin,"Primary, Australian origin",55.6643,t
2022-Q1,refinery_output,by origin,"Primary, Australian origin",50.4713,t
2022-Q2,refinery_output,by origin,"Primary, Australian origin",53.5424,t
2022-Q3,refinery_output,by origin,"Primary, Australian origin",52.3491,t
2022-Q4,refinery_output,by origin,"Primary, Australian origin",50.5239,t
2023-Q1,refinery_output,by origin,"Primary, Australian origin",50.5746,t
2023-Q2,refinery_output,by origin,"Primary, Australian origin",53.4199,t
2023-Q3,refinery_output,by origin,"Primary, Australian origin",50.6459,t
2023-Q4,refinery_output,by origin,"Primary, Australian origin",51.1054,t
2024-Q1,refinery_output,by origin,"Primary, Australian origin",48.0044,t
2024-Q2,refinery_output,by origin,"Primary, Australian origin",48.4005,t
2024-Q3,refinery_output,by origin,"Primary, Australian origin",48.7097,t
2024-Q4,refinery_output,by origin,"Primary, Australian origin",48.9267,t
2025-Q1,refinery_output,by origin,"Primary, Australian origin",99.1171,t
2025-Q2,refinery_output,by origin,"Primary, Australian origin",43.9732,t
2025-Q3,refinery_output,by origin,"Primary, Australian origin",42.2243,t
1990-Q1,refinery_output,by origin,"Primary, overseas origin",2.533,t
1990-Q2,refinery_output,by origin,"Primary, overseas origin",1.859,t
1990-Q3,refinery_output,by origin,"Primary, overseas origin",1.726,t
1990-Q4,refinery_output,by origin,"Primary, overseas origin",5.488,t
1991-Q1,refinery_output,by origin,"Primary, overseas origin",5.636,t
1991-Q2,refinery_output,by origin,"Primary, overseas origin",8.337,t
1991-Q3,refinery_output,by origin,"Primary, overseas origin",9.459,t
1991-Q4,refinery_output,by origin,"Primary, overseas origin",11.189,t
1992-Q1,refinery_output,by origin,"Primary, overseas origin",13.402,t
1992-Q2,refinery_output,by origin,"Primary, overseas origin",13.393,t
1992-Q3,refinery_output,by origin,"Primary, overseas origin",15.339,t
1992-Q4,refinery_output,by origin,"Primary, overseas origin",10.266,t
1993-Q1,refinery_output,by origin,"Primary, overseas origin",12.844,t
1993-Q2,refinery_output,by origin,"Primary, overseas origin",13.107,t
1993-Q3,refinery_output,by origin,"Primary, overseas origin",14.935,t
1993-Q4,refinery_output,by origin,"Primary, overseas origin",10.986,t
1994-Q1,refinery_output,by origin,"Primary, overseas origin",11.922,t
1994-Q2,refinery_output,by origin,"Primary, overseas origin",11.772,t
1994-Q3,refinery_output,by origin,"Primary, overseas origin",12.068,t
1994-Q4,refinery_output,by origin,"Primary, overseas origin",9.921,t
1995-Q1,refinery_output,by origin,"Primary, overseas origin",10.779,t
1995-Q2,refinery_output,by origin,"Primary, overseas origin",10.189,t
1995-Q3,refinery_output,by origin,"Primary, overseas origin",11.138,t
1995-Q4,refinery_output,by origin,"Primary, overseas origin",7.201,t
1996-Q1,refinery_output,by origin,"Primary, overseas origin",8.435,t
1996-Q2,refinery_output,by origin,"Primary, overseas origin",8.997,t
1996-Q3,refinery_output,by origin,"Primary, overseas origin",9.046,t
1996-Q4,refinery_output,by origin,"Primary, overseas origin",8.417,t
1997-Q1,refinery_output,by origin,"Primary, overseas origin",9.97,t
1997-Q2,refinery_output,by origin,"Primary, overseas origin",7.079,t
1997-Q3,refinery_output,by origin,"Primary, overseas origin",7.323,t
1997-Q4,refinery_output,by origin,"Primary, overseas origin",4.971,t
1998-Q1,refinery_output,by origin,"Primary, overseas origin",3.192,t
1998-Q2,refinery_output,by origin,"Primary, overseas origin",2.555,t
1998-Q3,refinery_output,by origin,"Primary, overseas origin",5.668,t
1998-Q4,refinery_output,by origin,"Primary, overseas origin",6.152,t
1999-Q1,refinery_output,by origin,"Primary, overseas origin",4.273,t
1999-Q2,refinery_output,by origin,"Primary, overseas origin",3.51,t
1999-Q3,refinery_output,by origin,"Primary, overseas origin",2.443,t
1999-Q4,refinery_output,by origin,"Primary, overseas origin",2.975,t
2000-Q1,refinery_output,by origin,"Primary, overseas origin",3.518,t
2000-Q2,refinery_output,by origin,"Primary, overseas origin",3.442,t
2000-Q3,refinery_output,by origin,"Primary, overseas origin",3.909,t
2000-Q4,refinery_output,by origin,"Primary, overseas origin",4.211,t
2001-Q1,refinery_output,by origin,"Primary, overseas origin",3.841,t
2001-Q2,refinery_output,by origin,"Primary, overseas origin",4.066,t
2001-Q3,refinery_output,by origin,"Primary, overseas origin",4.377,t
2001-Q4,refinery_output,by origin,"Primary, overseas origin",4.5146,t
2002-Q1,refinery_output,by origin,"Primary, overseas origin",4.4581,t
2002-Q2,refinery_output,by origin,"Primary, overseas origin",6.398,t
2002-Q3,refinery_output,by origin,"Primary, overseas origin",11.7856,t
2002-Q4,refinery_output,by origin,"Primary, overseas origin",17.8834,t
2003-Q1,refinery_output,by origin,"Primary, overseas origin",18.3699,t
2003-Q2,refinery_output,by origin,"Primary, overseas origin",17.2343,t
2003-Q3,refinery_output,by origin,"Primary, overseas origin",19.1019,t
2003-Q4,refinery_output,by origin,"Primary, overseas origin",19.4198,t
2004-Q1,refinery_output,by origin,"Primary, overseas origin",19.5064,t
2004-Q2,refinery_output,by origin,"Primary, overseas origin",22.226,t
2004-Q3,refinery_output,by origin,"Primary, overseas origin",18.5714,t
2004-Q4,refinery_output,by origin,"Primary, overseas origin",21.4388,t
2005-Q1,refinery_output,by origin,"Primary, overseas origin",18.0449,t
2005-Q2,refinery_output,by origin,"Primary, overseas origin",18.1626,t
2005-Q3,refinery_output,by origin,"Primary, overseas origin",19.2763,t
2005-Q4,refinery_output,by origin,"Primary, overseas origin",15.6487,t
2006-Q1,refinery_output,by origin,"Primary, overseas origin",17.9867,t
2006-Q2,refinery_output,by origin,"Primary, overseas origin",13.3321,t
2006-Q3,refinery_output,by origin,"Primary, overseas origin",13.5286,t
2006-Q4,refinery_output,by origin,"Primary, overseas origin",15.9773,t
2007-Q1,refinery_output,by origin,"Primary, overseas origin",13.2843,t
2007-Q2,refinery_output,by origin,"Primary, overseas origin",12.2745,t
2007-Q3,refinery_output,by origin,"Primary, overseas origin",13.9927,t
2007-Q4,refinery_output,by origin,"Primary, overseas origin",14.4206,t
2008-Q1,refinery_output,by origin,"Primary, overseas origin",13.6725,t
2008-Q2,refinery_output,by origin,"Primary, overseas origin",16.2813,t
2008-Q3,refinery_output,by origin,"Primary, overseas origin",17.014,t
2008-Q4,refinery_output,by origin,"Primary, overseas origin",19.3743,t
2009-Q1,refinery_output,by origin,"Primary, overseas origin",20.657,t
2009-Q2,refinery_output,by origin,"Primary, overseas origin",17.371,t
2009-Q3,refinery_output,by origin,"Primary, overseas origin",14.3351,t
2009-Q4,refinery_output,by origin,"Primary, overseas origin",18.5012,t
2010-Q1,refinery_output,by origin,"Primary, overseas origin",18.1978,t
2010-Q2,refinery_output,by origin,"Primary, overseas origin",18.0235,t
2010-Q3,refinery_output,by origin,"Primary, overseas origin",17.7985,t
2010-Q4,refinery_output,by origin,"Primary, overseas origin",18.5932,t
2011-Q1,refinery_output,by origin,"Primary, overseas origin",17.7181,t
2011-Q2,refinery_output,by origin,"Primary, overseas origin",17.1469,t
2011-Q3,refinery_output,by origin,"Primary, overseas origin",15.1688,t
2011-Q4,refinery_output,by origin,"Primary, overseas origin",17.123,t
2012-Q1,refinery_output,by origin,"Primary, overseas origin",13.9328,t
2012-Q2,refinery_output,by origin,"Primary, overseas origin",15.4565,t
2012-Q3,refinery_output,by origin,"Primary, overseas origin",15.5764,t
2012-Q4,refinery_output,by origin,"Primary, overseas origin",14.8746,t
2013-Q1,refinery_output,by origin,"Primary, overseas origin",14.8897,t
2013-Q2,refinery_output,by origin,"Primary, overseas origin",16.9308,t
2013-Q3,refinery_output,by origin,"Primary, overseas origin",16.7171,t
2013-Q4,refinery_output,by origin,"Primary, overseas origin",17.931,t
2014-Q1,refinery_output,by origin,"Primary, overseas origin",16.7186,t
2014-Q2,refinery_output,by origin,"Primary, overseas origin",15.6189,t
2014-Q3,refinery_output,by origin,"Primary, overseas origin",17.2179,t
2014-Q4,refinery_output,by origin,"Primary, overseas origin",19.7032,t
2015-Q1,refinery_output,by origin,"Primary, overseas origin",15.612,t
2015-Q2,refinery_output,by origin,"Primary, overseas origin",18.1891,t
2015-Q3,refinery_output,by origin,"Primary, overseas origin",16.0656,t
2015-Q4,refinery_output,by origin,"Primary, overseas origin",17.0562,t
2016-Q1,refinery_output,by origin,"Primary, overseas origin",17.9058,t
2016-Q2,refinery_output,by origin,"Primary, overseas origin",16.5746,t
2016-Q3,refinery_output,by origin,"Primary, overseas origin",14.5283,t
2016-Q4,refinery_output,by origin,"Primary, overseas origin",16.9944,t
2017-Q1,refinery_output,by origin,"Primary, overseas origin",14.9508,t
2017-Q2,refinery_output,by origin,"Primary, overseas origin",17.6325,t
2017-Q3,refinery_output,by origin,"Primary, overseas origin",14.1005,t
2017-Q4,refinery_output,by origin,"Primary, overseas origin",16.5759,t
2018-Q1,refinery_output,by origin,"Primary, overseas origin",15.1985,t
2018-Q2,refinery_output,by origin,"Primary, overseas origin",16.7066,t
2018-Q3,refinery_output,by origin,"Primary, overseas origin",16.7952,t
2018-Q4,refinery_output,by origin,"Primary, overseas origin",16.7431,t
2019-Q1,refinery_output,by origin,"Primary, overseas origin",18.4956,t
2019-Q2,refinery_output,by origin,"Primary, overseas origin",18.2801,t
2019-Q3,refinery_output,by origin,"Primary, overseas origin",15.0026,t
2019-Q4,refinery_output,by origin,"Primary, overseas origin",15.1465,t
2020-Q1,refinery_output,by origin,"Primary, overseas origin",17.0844,t
2020-Q2,refinery_output,by origin,"Primary, overseas origin",16.1377,t
2020-Q3,refinery_output,by origin,"Primary, overseas origin",14.597,t
2020-Q4,refinery_output,by origin,"Primary, overseas origin",12.9855,t
2021-Q1,refinery_output,by origin,"Primary, overseas origin",13.8277,t
2021-Q2,refinery_output,by origin,"Primary, overseas origin",14.7348,t
2021-Q3,refinery_output,by origin,"Primary, overseas origin",13.2525,t
2021-Q4,refinery_output,by origin,"Primary, overseas origin",13.2224,t
2022-Q1,refinery_output,by origin,"Primary, overseas origin",14.3098,t
2022-Q2,refinery_output,by origin,"Primary, overseas origin",14.1395,t
2022-Q3,refinery_output,by origin,"Primary, overseas origin",11.7126,t
2022-Q4,refinery_output,by origin,"Primary, overseas origin",9.7368,t
2023-Q1,refinery_output,by origin,"Primary, overseas origin",11.1813,t
2023-Q2,refinery_output,by origin,"Primary, overseas origin",10.513,t
2023-Q3,refinery_output,by origin,"Primary, overseas origin",10.5799,t
2023-Q4,refinery_output,by origin,"Primary, overseas origin",10.9241,t
2024-Q1,refinery_output,by origin,"Primary, overseas origin",11.4248,t
2024-Q2,refinery_output,by origin,"Primary, overseas origin",10.1168,t
2024-Q3,refinery_output,by origin,"Primary, overseas origin",10.209,t
2024-Q4,refinery_output,by origin,"Primary, overseas origin",10.4251,t
2025-Q1,refinery_output,by origin,"Primary, overseas origin",24.462,t
2025-Q2,refinery_output,by origin,"Primary, overseas origin",10.2366,t
2025-Q3,refinery_output,by origin,"Primary, overseas origin",9.206,t
1990-Q1,refinery_output,by origin,"Secondary, Australian origin",0.391,t
1990-Q2,refinery_output,by origin,"Secondary, Australian origin",0.404,t
1990-Q3,refinery_output,by origin,"Secondary, Australian origin",0.331,t
1990-Q4,refinery_output,by origin,"Secondary, Australian origin",1.545,t
1991-Q1,refinery_output,by origin,"Secondary, Australian origin",0.498,t
1991-Q2,refinery_output,by origin,"Secondary, Australian origin",0.475,t
1991-Q3,refinery_output,by origin,"Secondary, Australian origin",0.646,t
1991-Q4,refinery_output,by origin,"Secondary, Australian origin",0.939,t
1992-Q1,refinery_output,by origin,"Secondary, Australian origin",1.196,t
1992-Q2,refinery_output,by origin,"Secondary, Australian origin",2.406,t
1992-Q3,refinery_output,by origin,"Secondary, Australian origin",1.786,t
1992-Q4,refinery_output,by origin,"Secondary, Australian origin",1.353,t
1993-Q1,refinery_output,by origin,"Secondary, Australian origin",1.309,t
1993-Q2,refinery_output,by origin,"Secondary, Australian origin",2.622,t
1993-Q3,refinery_output,by origin,"Secondary, Australian origin",2.154,t
1993-Q4,refinery_output,by origin,"Secondary, Australian origin",2.235,t
1994-Q1,refinery_output,by origin,"Secondary, Australian origin",2.37,t
1994-Q2,refinery_output,by origin,"Secondary, Australian origin",1.559,t
1994-Q3,refinery_output,by origin,"Secondary, Australian origin",2.597,t
1994-Q4,refinery_output,by origin,"Secondary, Australian origin",2.369,t
1995-Q1,refinery_output,by origin,"Secondary, Australian origin",1.439,t
1995-Q2,refinery_output,by origin,"Secondary, Australian origin",2.136,t
1995-Q3,refinery_output,by origin,"Secondary, Australian origin",2.203,t
1995-Q4,refinery_output,by origin,"Secondary, Australian origin",2.628,t
1996-Q1,refinery_output,by origin,"Secondary, Australian origin",1.725,t
1996-Q2,refinery_output,by origin,"Secondary, Australian origin",0.912,t
1996-Q3,refinery_output,by origin,"Secondary, Australian origin",0.711,t
1996-Q4,refinery_output,by origin,"Secondary, Australian origin",0.272,t
1997-Q1,refinery_output,by origin,"Secondary, Australian origin",0.161,t
1997-Q2,refinery_output,by origin,"Secondary, Australian origin",0.361,t
1997-Q3,refinery_output,by origin,"Secondary, Australian origin",0.141,t
1997-Q4,refinery_output,by origin,"Secondary, Australian origin",0.122,t
1998-Q1,refinery_output,by origin,"Secondary, Australian origin",0.332,t
1998-Q2,refinery_output,by origin,"Secondary, Australian origin",3.234,t
1998-Q3,refinery_output,by origin,"Secondary, Australian origin",1.925,t
1998-Q4,refinery_output,by origin,"Secondary, Australian origin",5.485,t
1999-Q1,refinery_output,by origin,"Secondary, Australian origin",0.906,t
1999-Q2,refinery_output,by origin,"Secondary, Australian origin",1.173,t
1999-Q3,refinery_output,by origin,"Secondary, Australian origin",1.762,t
1999-Q4,refinery_output,by origin,"Secondary, Australian origin",0.805,t
2000-Q1,refinery_output,by origin,"Secondary, Australian origin",1.101,t
2000-Q2,refinery_output,by origin,"Secondary, Australian origin",0.852,t
2000-Q3,refinery_output,by origin,"Secondary, Australian origin",1.236,t
2000-Q4,refinery_output,by origin,"Secondary, Australian origin",4.446,t
2001-Q1,refinery_output,by origin,"Secondary, Australian origin",8.644,t
2001-Q2,refinery_output,by origin,"Secondary, Australian origin",5.66,t
2001-Q3,refinery_output,by origin,"Secondary, Australian origin",1.991,t
2001-Q4,refinery_output,by origin,"Secondary, Australian origin",6.9592,t
2002-Q1,refinery_output,by origin,"Secondary, Australian origin",1.7859,t
2002-Q2,refinery_output,by origin,"Secondary, Australian origin",2.8294,t
2002-Q3,refinery_output,by origin,"Secondary, Australian origin",1.039,t
2002-Q4,refinery_output,by origin,"Secondary, Australian origin",1.5668,t
2003-Q1,refinery_output,by origin,"Secondary, Australian origin",1.0221,t
2003-Q2,refinery_output,by origin,"Secondary, Australian origin",1.0761,t
2003-Q3,refinery_output,by origin,"Secondary, Australian origin",1.3689,t
2003-Q4,refinery_output,by origin,"Secondary, Australian origin",0.8007,t
2004-Q1,refinery_output,by origin,"Secondary, Australian origin",0.7647,t
2004-Q2,refinery_output,by origin,"Secondary, Australian origin",1.0387,t
2004-Q3,refinery_output,by origin,"Secondary, Australian origin",0.9198,t
2004-Q4,refinery_output,by origin,"Secondary, Australian origin",1.5797,t
2005-Q1,refinery_output,by origin,"Secondary, Australian origin",1.304,t
2005-Q2,refinery_output,by origin,"Secondary, Australian origin",1.155,t
2005-Q3,refinery_output,by origin,"Secondary, Australian origin",2.4857,t
2005-Q4,refinery_output,by origin,"Secondary, Australian origin",1.3426,t
2006-Q1,refinery_output,by origin,"Secondary, Australian origin",1.3421,t
2006-Q2,refinery_output,by origin,"Secondary, Australian origin",1.4319,t
2006-Q3,refinery_output,by origin,"Secondary, Australian origin",2.0822,t
2006-Q4,refinery_output,by origin,"Secondary, Australian origin",0.847,t
2007-Q1,refinery_output,by origin,"Secondary, Australian origin",1.0855,t
2007-Q2,refinery_output,by origin,"Secondary, Australian origin",1.0779,t
2007-Q3,refinery_output,by origin,"Secondary, Australian origin",1.3254,t
2007-Q4,refinery_output,by origin,"Secondary, Australian origin",1.0709,t
2008-Q1,refinery_output,by origin,"Secondary, Australian origin",0.9633,t
2008-Q2,refinery_output,by origin,"Secondary, Australian origin",1.2444,t
2008-Q3,refinery_output,by origin,"Secondary, Australian origin",1.1805,t
2008-Q4,refinery_output,by origin,"Secondary, Australian origin",2.3657,t
2009-Q1,refinery_output,by origin,"Secondary, Australian origin",0.7981,t
2009-Q2,refinery_output,by origin,"Secondary, Australian origin",1.1954,t
2009-Q3,refinery_output,by origin,"Secondary, Australian origin",0.8392,t
2009-Q4,refinery_output,by origin,"Secondary, Australian origin",0.9505,t
2010-Q1,refinery_output,by origin,"Secondary, Australian origin",0.6736,t
2010-Q2,refinery_output,by origin,"Secondary, Australian origin",0.668,t
2010-Q3,refinery_output,by origin,"Secondary, Australian origin",0.8583,t
2010-Q4,refinery_output,by origin,"Secondary, Australian origin",1.0058,t
2011-Q1,refinery_output,by origin,"Secondary, Australian origin",1.1276,t
2011-Q2,refinery_output,by origin,"Secondary, Australian origin",1.0148,t
2011-Q3,refinery_output,by origin,"Secondary, Australian origin",0.9705,t
2011-Q4,refinery_output,by origin,"Secondary, Australian origin",0.9258,t
2012-Q1,refinery_output,by origin,"Secondary, Australian origin",1.3432,t
2012-Q2,refinery_output,by origin,"Secondary, Australian origin",1.3191,t
2012-Q3,refinery_output,by origin,"Secondary, Australian origin",1.0356,t
2012-Q4,refinery_output,by origin,"Secondary, Australian origin",1.0418,t
2013-Q1,refinery_output,by origin,"Secondary, Australian origin",1.0047,t
2013-Q2,refinery_output,by origin,"Secondary, Australian origin",1.363,t
2013-Q3,refinery_output,by origin,"Secondary, Australian origin",0.575,t
2013-Q4,refinery_output,by origin,"Secondary, Australian origin",0.1773,t
2014-Q1,refinery_output,by origin,"Secondary, Australian origin",0.1006,t
2014-Q2,refinery_output,by origin,"Secondary, Australian origin",0.1101,t
2014-Q3,refinery_output,by origin,"Secondary, Australian origin",0.0956,t
2014-Q4,refinery_output,by origin,"Secondary, Australian origin",0.0822,t
2015-Q1,refinery_output,by origin,"Secondary, Australian origin",0.0856,t
2015-Q2,refinery_output,by origin,"Secondary, Australian origin",0.3087,t
2015-Q3,refinery_output,by origin,"Secondary, Australian origin",0.0829,t
2015-Q4,refinery_output,by origin,"Secondary, Australian origin",0.1791,t
2016-Q1,refinery_output,by origin,"Secondary, Australian origin",0.1021,t
2016-Q2,refinery_output,by origin,"Secondary, Australian origin",0.2563,t
2016-Q3,refinery_output,by origin,"Secondary, Australian origin",0.4845,t
2016-Q4,refinery_output,by origin,"Secondary, Australian origin",1.0279,t
2017-Q1,refinery_output,by origin,"Secondary, Australian origin",0.5486,t
2017-Q2,refinery_output,by origin,"Secondary, Australian origin",0.4346,t
2017-Q3,refinery_output,by origin,"Secondary, Australian origin",0.2273,t
2017-Q4,refinery_output,by origin,"Secondary, Australian origin",2.4638,t
2018-Q1,refinery_output,by origin,"Secondary, Australian origin",1.6236,t
2018-Q2,refinery_output,by origin,"Secondary, Australian origin",0.2631,t
2018-Q3,refinery_output,by origin,"Secondary, Australian origin",0.2138,t
2018-Q4,refinery_output,by origin,"Secondary, Australian origin",0.2761,t
2019-Q1,refinery_output,by origin,"Secondary, Australian origin",0.3212,t
2019-Q2,refinery_output,by origin,"Secondary, Australian origin",0.2787,t
2019-Q3,refinery_output,by origin,"Secondary, Australian origin",0.332,t
2019-Q4,refinery_output,by origin,"Secondary, Australian origin",0.6966,t
2020-Q1,refinery_output,by origin,"Secondary, Australian origin",0.2594,t
2020-Q2,refinery_output,by origin,"Secondary, Australian origin",0.4071,t
2020-Q3,refinery_output,by origin,"Secondary, Australian origin",0.3364,t
2020-Q4,refinery_output,by origin,"Secondary, Australian origin",0.4167,t
2021-Q1,refinery_output,by origin,"Secondary, Australian origin",0.3098,t
2021-Q2,refinery_output,by origin,"Secondary, Australian origin",1.1568,t
2021-Q3,refinery_output,by origin,"Secondary, Australian origin",0.4322,t
2021-Q4,refinery_output,by origin,"Secondary, Australian origin",0.2869,t
2022-Q1,refinery_output,by origin,"Secondary, Australian origin",0.1844,t
2022-Q2,refinery_output,by origin,"Secondary, Australian origin",0.344,t
2022-Q3,refinery_output,by origin,"Secondary, Australian origin",0.3008,t
2022-Q4,refinery_output,by origin,"Secondary, Australian origin",0.3957,t
2023-Q1,refinery_output,by origin,"Secondary, Australian origin",0.2427,t
2023-Q2,refinery_output,by origin,"Secondary, Australian origin",0.4591,t
2023-Q3,refinery_output,by origin,"Secondary, Australian origin",0.274,t
2023-Q4,refinery_output,by origin,"Secondary, Australian origin",0.2765,t
2024-Q1,refinery_output,by origin,"Secondary, Australian origin",0.3105,t
2024-Q2,refinery_output,by origin,"Secondary, Australian origin",0.3681,t
2024-Q3,refinery_output,by origin,"Secondary, Australian origin",0.2978,t
2024-Q4,refinery_output,by origin,"Secondary, Australian origin",0.3808,t
2025-Q1,refinery_output,by origin,"Secondary, Australian origin",1.2994,t
2025-Q2,refinery_output,by origin,"Secondary, Australian origin",0.3908,t
2025-Q3,refinery_output,by origin,"Secondary, Australian origin",0.3718,t
1990-Q1,refinery_output,by origin,"Secondary, overseas origin",0.085,t
1990-Q2,refinery_output,by origin,"Secondary, overseas origin",0.078,t
1990-Q3,refinery_output,by origin,"Secondary, overseas origin",0.042,t
1990-Q4,refinery_output,by origin,"Secondary, overseas origin",0.059,t
1991-Q1,refinery_output,by origin,"Secondary, overseas origin",0.133,t
1991-Q2,refinery_output,by origin,"Secondary, overseas origin",0.079,t
1991-Q3,refinery_output,by origin,"Secondary, overseas origin",0.096,t
1991-Q4,refinery_output,by origin,"Secondary, overseas origin",0.09,t
1992-Q1,refinery_output,by origin,"Secondary, overseas origin",0.073,t
1992-Q2,refinery_output,by origin,"Secondary, overseas origin",0.06,t
1992-Q3,refinery_output,by origin,"Secondary, overseas origin",0.028,t
1992-Q4,refinery_output,by origin,"Secondary, overseas origin",0.073,t
1993-Q1,refinery_output,by origin,"Secondary, overseas origin",0.05,t
1993-Q2,refinery_output,by origin,"Secondary, overseas origin",0.028,t
1993-Q3,refinery_output,by origin,"Secondary, overseas origin",0.083,t
1993-Q4,refinery_output,by origin,"Secondary, overseas origin",0.159,t
1994-Q1,refinery_output,by origin,"Secondary, overseas origin",0.56,t
1994-Q2,refinery_output,by origin,"Secondary, overseas origin",0.69,t
1994-Q3,refinery_output,by origin,"Secondary, overseas origin",0.576,t
1994-Q4,refinery_output,by origin,"Secondary, overseas origin",0.428,t
1995-Q1,refinery_output,by origin,"Secondary, overseas origin",0.09,t
1995-Q2,refinery_output,by origin,"Secondary, overseas origin",0.105,t
1995-Q3,refinery_output,by origin,"Secondary, overseas origin",0.11,t
1995-Q4,refinery_output,by origin,"Secondary, overseas origin",0.036,t
1996-Q1,refinery_output,by origin,"Secondary, overseas origin",0.004,t
1996-Q2,refinery_output,by origin,"Secondary, overseas origin",0.233,t
1996-Q3,refinery_output,by origin,"Secondary, overseas origin",0.139,t
1996-Q4,refinery_output,by origin,"Secondary, overseas origin",0.087,t
1997-Q1,refinery_output,by origin,"Secondary, overseas origin",0.062,t
1997-Q2,refinery_output,by origin,"Secondary, overseas origin",0.105,t
1997-Q3,refinery_output,by origin,"Secondary, overseas origin",0.084,t
1997-Q4,refinery_output,by origin,"Secondary, overseas origin",7.952,t
1998-Q1,refinery_output,by origin,"Secondary, overseas origin",17.255,t
1998-Q2,refinery_output,by origin,"Secondary, overseas origin",25.197,t
1998-Q3,refinery_output,by origin,"Secondary, overseas origin",54.125,t
1998-Q4,refinery_output,by origin,"Secondary, overseas origin",19.065,t
1999-Q1,refinery_output,by origin,"Secondary, overseas origin",18.533,t
1999-Q2,refinery_output,by origin,"Secondary, overseas origin",10.501,t
1999-Q3,refinery_output,by origin,"Secondary, overseas origin",0.339,t
1999-Q4,refinery_output,by origin,"Secondary, overseas origin",32.449,t
2000-Q1,refinery_output,by origin,"Secondary, overseas origin",5.727,t
2000-Q2,refinery_output,by origin,"Secondary, overseas origin",14.497,t
2000-Q3,refinery_output,by origin,"Secondary, overseas origin",3.216,t
2000-Q4,refinery_output,by origin,"Secondary, overseas origin",0.945,t
2001-Q1,refinery_output,by origin,"Secondary, overseas origin",1.933,t
2001-Q2,refinery_output,by origin,"Secondary, overseas origin",22.454,t
2001-Q3,refinery_output,by origin,"Secondary, overseas origin",10.456,t
2001-Q4,refinery_output,by origin,"Secondary, overseas origin",10.2168,t
2002-Q1,refinery_output,by origin,"Secondary, overseas origin",10.6692,t
2002-Q2,refinery_output,by origin,"Secondary, overseas origin",10.4241,t
2002-Q3,refinery_output,by origin,"Secondary, overseas origin",4.5579,t
2002-Q4,refinery_output,by origin,"Secondary, overseas origin",14.1097,t
2003-Q1,refinery_output,by origin,"Secondary, overseas origin",33.4105,t
2003-Q2,refinery_output,by origin,"Secondary, overseas origin",12.6566,t
2003-Q3,refinery_output,by origin,"Secondary, overseas origin",15.715,t
2003-Q4,refinery_output,by origin,"Secondary, overseas origin",14.1309,t
2004-Q1,refinery_output,by origin,"Secondary, overseas origin",22.7237,t
2004-Q2,refinery_output,by origin,"Secondary, overseas origin",13.3325,t
2004-Q3,refinery_output,by origin,"Secondary, overseas origin",9.7149,t
2004-Q4,refinery_output,by origin,"Secondary, overseas origin",7.6081,t
2005-Q1,refinery_output,by origin,"Secondary, overseas origin",9.8418,t
2005-Q2,refinery_output,by origin,"Secondary, overseas origin",10.4006,t
2005-Q3,refinery_output,by origin,"Secondary, overseas origin",6.9811,t
2005-Q4,refinery_output,by origin,"Secondary, overseas origin",16.1972,t
2006-Q1,refinery_output,by origin,"Secondary, overseas origin",28.8046,t
2006-Q2,refinery_output,by origin,"Secondary, overseas origin",46.6354,t
2006-Q3,refinery_output,by origin,"Secondary, overseas origin",16.3996,t
2006-Q4,refinery_output,by origin,"Secondary, overseas origin",15.4158,t
2007-Q1,refinery_output,by origin,"Secondary, overseas origin",24.6181,t
2007-Q2,refinery_output,by origin,"Secondary, overseas origin",35.67,t
2007-Q3,refinery_output,by origin,"Secondary, overseas origin",17.5547,t
2007-Q4,refinery_output,by origin,"Secondary, overseas origin",33.6668,t
2008-Q1,refinery_output,by origin,"Secondary, overseas origin",39.1727,t
2008-Q2,refinery_output,by origin,"Secondary, overseas origin",20.075,t
2008-Q3,refinery_output,by origin,"Secondary, overseas origin",30.2712,t
2008-Q4,refinery_output,by origin,"Secondary, overseas origin",21.8602,t
2009-Q1,refinery_output,by origin,"Secondary, overseas origin",62.9436,t
2009-Q2,refinery_output,by origin,"Secondary, overseas origin",11.9186,t
2009-Q3,refinery_output,by origin,"Secondary, overseas origin",24.2236,t
2009-Q4,refinery_output,by origin,"Secondary, overseas origin",20.2183,t
2010-Q1,refinery_output,by origin,"Secondary, overseas origin",10.2485,t
2010-Q2,refinery_output,by origin,"Secondary, overseas origin",35.3315,t
2010-Q3,refinery_output,by origin,"Secondary, overseas origin",6.3721,t
2010-Q4,refinery_output,by origin,"Secondary, overseas origin",15.6046,t
2011-Q1,refinery_output,by origin,"Secondary, overseas origin",6.7886,t
2011-Q2,refinery_output,by origin,"Secondary, overseas origin",6.8953,t
2011-Q3,refinery_output,by origin,"Secondary, overseas origin",13.4179,t
2011-Q4,refinery_output,by origin,"Secondary, overseas origin",17.0145,t
2012-Q1,refinery_output,by origin,"Secondary, overseas origin",11.4003,t
2012-Q2,refinery_output,by origin,"Secondary, overseas origin",9.2163,t
2012-Q3,refinery_output,by origin,"Secondary, overseas origin",13.003,t
2012-Q4,refinery_output,by origin,"Secondary, overseas origin",7.0107,t
2013-Q1,refinery_output,by origin,"Secondary, overseas origin",5.7316,t
2013-Q2,refinery_output,by origin,"Secondary, overseas origin",4.959,t
2013-Q3,refinery_output,by origin,"Secondary, overseas origin",6.3568,t
2013-Q4,refinery_output,by origin,"Secondary, overseas origin",2.9714,t
2014-Q1,refinery_output,by origin,"Secondary, overseas origin",3.3458,t
2014-Q2,refinery_output,by origin,"Secondary, overseas origin",2.1179,t
2014-Q3,refinery_output,by origin,"Secondary, overseas origin",0.9895,t
2014-Q4,refinery_output,by origin,"Secondary, overseas origin",1.1446,t
2015-Q1,refinery_output,by origin,"Secondary, overseas origin",2.5647,t
2015-Q2,refinery_output,by origin,"Secondary, overseas origin",3.3452,t
2015-Q3,refinery_output,by origin,"Secondary, overseas origin",4.1746,t
2015-Q4,refinery_output,by origin,"Secondary, overseas origin",5.6941,t
2016-Q1,refinery_output,by origin,"Secondary, overseas origin",13.7128,t
2016-Q2,refinery_output,by origin,"Secondary, overseas origin",13.9835,t
2016-Q3,refinery_output,by origin,"Secondary, overseas origin",21.0753,t
2016-Q4,refinery_output,by origin,"Secondary, overseas origin",12.7373,t
2017-Q1,refinery_output,by origin,"Secondary, overseas origin",16.1978,t
2017-Q2,refinery_output,by origin,"Secondary, overseas origin",7.6917,t
2017-Q3,refinery_output,by origin,"Secondary, overseas origin",14.2165,t
2017-Q4,refinery_output,by origin,"Secondary, overseas origin",9.9541,t
2018-Q1,refinery_output,by origin,"Secondary, overseas origin",15.9209,t
2018-Q2,refinery_output,by origin,"Secondary, overseas origin",17.3628,t
2018-Q3,refinery_output,by origin,"Secondary, overseas origin",13.0393,t
2018-Q4,refinery_output,by origin,"Secondary, overseas origin",3.9874,t
2019-Q1,refinery_output,by origin,"Secondary, overseas origin",4.6789,t
2019-Q2,refinery_output,by origin,"Secondary, overseas origin",1.7102,t
2019-Q3,refinery_output,by origin,"Secondary, overseas origin",21.5311,t
2019-Q4,refinery_output,by origin,"Secondary, overseas origin",3.4726,t
2020-Q1,refinery_output,by origin,"Secondary, overseas origin",9.0852,t
2020-Q2,refinery_output,by origin,"Secondary, overseas origin",10.0455,t
2020-Q3,refinery_output,by origin,"Secondary, overseas origin",7.9154,t
2020-Q4,refinery_output,by origin,"Secondary, overseas origin",0.1401,t
2021-Q1,refinery_output,by origin,"Secondary, overseas origin",0.1181,t
2021-Q2,refinery_output,by origin,"Secondary, overseas origin",0.1646,t
2021-Q3,refinery_output,by origin,"Secondary, overseas origin",0.5225,t
2021-Q4,refinery_output,by origin,"Secondary, overseas origin",0.0711,t
2022-Q1,refinery_output,by origin,"Secondary, overseas origin",0.0002,t
2022-Q2,refinery_output,by origin,"Secondary, overseas origin",0.0006,t
2022-Q3,refinery_output,by origin,"Secondary, overseas origin",0,t
2022-Q4,refinery_output,by origin,"Secondary, overseas origin",0.0006,t
2023-Q1,refinery_output,by origin,"Secondary, overseas origin",0,t
2023-Q2,refinery_output,by origin,"Secondary, overseas origin",0.0004,t
2023-Q3,refinery_output,by origin,"Secondary, overseas origin",0,t
2023-Q4,refinery_output,by origin,"Secondary, overseas origin",0.0002,t
2024-Q1,refinery_output,by origin,"Secondary, overseas origin",0.0002,t
2024-Q2,refinery_output,by origin,"Secondary, overseas origin",0.0001,t
2024-Q3,refinery_output,by origin,"Secondary, overseas origin",0.0,t
2024-Q4,refinery_output,by origin,"Secondary, overseas origin",0.0003,t
2025-Q1,refinery_output,by origin,"Secondary, overseas origin",0,t
2025-Q2,refinery_output,by origin,"Secondary, overseas origin",0.0002,t
2025-Q3,refinery_output,by origin,"Secondary, overseas origin",1.3515,t
1990-Q1,refinery_output,by origin,Total,57.826,t
1990-Q2,refinery_output,by origin,Total,61.55,t
1990-Q3,refinery_output,by origin,Total,58.289,t
1990-Q4,refinery_output,by origin,Total,71.788,t
1991-Q1,refinery_output,by origin,Total,57.304,t
1991-Q2,refinery_output,by origin,Total,67.937,t
1991-Q3,refinery_output,by origin,Total,66.568,t
1991-Q4,refinery_output,by origin,Total,69.831,t
1992-Q1,refinery_output,by origin,Total,73.073,t
1992-Q2,refinery_output,by origin,Total,72.363,t
1992-Q3,refinery_output,by origin,Total,75.608,t
1992-Q4,refinery_output,by origin,Total,69.505,t
1993-Q1,refinery_output,by origin,Total,69.676,t
1993-Q2,refinery_output,by origin,Total,73.399,t
1993-Q3,refinery_output,by origin,Total,80.212,t
1993-Q4,refinery_output,by origin,Total,73.549,t
1994-Q1,refinery_output,by origin,Total,74.878,t
1994-Q2,refinery_output,by origin,Total,78.697,t
1994-Q3,refinery_output,by origin,Total,77.846,t
1994-Q4,refinery_output,by origin,Total,71.191,t
1995-Q1,refinery_output,by origin,Total,73.994,t
1995-Q2,refinery_output,by origin,Total,73.593,t
1995-Q3,refinery_output,by origin,Total,75.095,t
1995-Q4,refinery_output,by origin,Total,75.069,t
1996-Q1,refinery_output,by origin,Total,84.601,t
1996-Q2,refinery_output,by origin,Total,83.186,t
1996-Q3,refinery_output,by origin,Total,80.635,t
1996-Q4,refinery_output,by origin,Total,80.789,t
1997-Q1,refinery_output,by origin,Total,84.936,t
1997-Q2,refinery_output,by origin,Total,80.121,t
1997-Q3,refinery_output,by origin,Total,85.099,t
1997-Q4,refinery_output,by origin,Total,91.583,t
1998-Q1,refinery_output,by origin,Total,82.684,t
1998-Q2,refinery_output,by origin,Total,88.848,t
1998-Q3,refinery_output,by origin,Total,130.752,t
1998-Q4,refinery_output,by origin,Total,105.907,t
1999-Q1,refinery_output,by origin,Total,96.333,t
1999-Q2,refinery_output,by origin,Total,85.758,t
1999-Q3,refinery_output,by origin,Total,78.334,t
1999-Q4,refinery_output,by origin,Total,115.354,t
2000-Q1,refinery_output,by origin,Total,88.48,t
2000-Q2,refinery_output,by origin,Total,100.798,t
2000-Q3,refinery_output,by origin,Total,78.339,t
2000-Q4,refinery_output,by origin,Total,81.65,t
2001-Q1,refinery_output,by origin,Total,92.112,t
2001-Q2,refinery_output,by origin,Total,108.467,t
2001-Q3,refinery_output,by origin,Total,84.675,t
2001-Q4,refinery_output,by origin,Total,87.8284,t
2002-Q1,refinery_output,by origin,Total,85.9573,t
2002-Q2,refinery_output,by origin,Total,87.6507,t
2002-Q3,refinery_output,by origin,Total,83.7528,t
2002-Q4,refinery_output,by origin,Total,91.9353,t
2003-Q1,refinery_output,by origin,Total,114.2076,t
2003-Q2,refinery_output,by origin,Total,96.2453,t
2003-Q3,refinery_output,by origin,Total,100.9635,t
2003-Q4,refinery_output,by origin,Total,99.9105,t
2004-Q1,refinery_output,by origin,Total,102.89,t
2004-Q2,refinery_output,by origin,Total,92.7715,t
2004-Q3,refinery_output,by origin,Total,87.5745,t
2004-Q4,refinery_output,by origin,Total,87.0111,t
2005-Q1,refinery_output,by origin,Total,86.6319,t
2005-Q2,refinery_output,by origin,Total,84.1796,t
2005-Q3,refinery_output,by origin,Total,82.0577,t
2005-Q4,refinery_output,by origin,Total,88.2162,t
2006-Q1,refinery_output,by origin,Total,99.4621,t
2006-Q2,refinery_output,by origin,Total,110.4297,t
2006-Q3,refinery_output,by origin,Total,82.8112,t
2006-Q4,refinery_output,by origin,Total,86.6461,t
2007-Q1,refinery_output,by origin,Total,91.7774,t
2007-Q2,refinery_output,by origin,Total,99.1639,t
2007-Q3,refinery_output,by origin,Total,84.076,t
2007-Q4,refinery_output,by origin,Total,99.838,t
2008-Q1,refinery_output,by origin,Total,98.5809,t
2008-Q2,refinery_output,by origin,Total,81.0709,t
2008-Q3,refinery_output,by origin,Total,92.4038,t
2008-Q4,refinery_output,by origin,Total,88.843,t
2009-Q1,refinery_output,by origin,Total,129.1673,t
2009-Q2,refinery_output,by origin,Total,75.8943,t
2009-Q3,refinery_output,by origin,Total,86.85,t
2009-Q4,refinery_output,by origin,Total,87.3537,t
2010-Q1,refinery_output,by origin,Total,77.2616,t
2010-Q2,refinery_output,by origin,Total,104.2969,t
2010-Q3,refinery_output,by origin,Total,78.6033,t
2010-Q4,refinery_output,by origin,Total,90.202,t
2011-Q1,refinery_output,by origin,Total,77.574,t
2011-Q2,refinery_output,by origin,Total,74.6875,t
2011-Q3,refinery_output,by origin,Total,80.6201,t
2011-Q4,refinery_output,by origin,Total,86.3073,t
2012-Q1,refinery_output,by origin,Total,77.4507,t
2012-Q2,refinery_output,by origin,Total,77.073,t
2012-Q3,refinery_output,by origin,Total,78.4091,t
2012-Q4,refinery_output,by origin,Total,75.5464,t
2013-Q1,refinery_output,by origin,Total,71.6913,t
2013-Q2,refinery_output,by origin,Total,76.2329,t
2013-Q3,refinery_output,by origin,Total,77.297,t
2013-Q4,refinery_output,by origin,Total,81.3237,t
2014-Q1,refinery_output,by origin,Total,75.8666,t
2014-Q2,refinery_output,by origin,Total,74.3681,t
2014-Q3,refinery_output,by origin,Total,74.7394,t
2014-Q4,refinery_output,by origin,Total,78.5259,t
2015-Q1,refinery_output,by origin,Total,71.3179,t
2015-Q2,refinery_output,by origin,Total,75.8104,t
2015-Q3,refinery_output,by origin,Total,76.3748,t
2015-Q4,refinery_output,by origin,Total,78.7683,t
2016-Q1,refinery_output,by origin,Total,84.2341,t
2016-Q2,refinery_output,by origin,Total,86.6878,t
2016-Q3,refinery_output,by origin,Total,89.1854,t
2016-Q4,refinery_output,by origin,Total,84.1452,t
2017-Q1,refinery_output,by origin,Total,83.7605,t
2017-Q2,refinery_output,by origin,Total,80.0141,t
2017-Q3,refinery_output,by origin,Total,80.3476,t
2017-Q4,refinery_output,by origin,Total,83.4874,t
2018-Q1,refinery_output,by origin,Total,87.3094,t
2018-Q2,refinery_output,by origin,Total,92.7659,t
2018-Q3,refinery_output,by origin,Total,85.8594,t
2018-Q4,refinery_output,by origin,Total,76.7714,t
2019-Q1,refinery_output,by origin,Total,79.5145,t
2019-Q2,refinery_output,by origin,Total,75.3711,t
2019-Q3,refinery_output,by origin,Total,90.4704,t
2019-Q4,refinery_output,by origin,Total,78.3524,t
2020-Q1,refinery_output,by origin,Total,78.1208,t
2020-Q2,refinery_output,by origin,Total,81.104,t
2020-Q3,refinery_output,by origin,Total,75.4986,t
2020-Q4,refinery_output,by origin,Total,69.1904,t
2021-Q1,refinery_output,by origin,Total,64.7076,t
2021-Q2,refinery_output,by origin,Total,69.0087,t
2021-Q3,refinery_output,by origin,Total,64.4705,t
2021-Q4,refinery_output,by origin,Total,69.2447,t
2022-Q1,refinery_output,by origin,Total,64.9657,t
2022-Q2,refinery_output,by origin,Total,68.0266,t
2022-Q3,refinery_output,by origin,Total,64.3625,t
2022-Q4,refinery_output,by origin,Total,60.657,t
2023-Q1,refinery_output,by origin,Total,61.9986,t
2023-Q2,refinery_output,by origin,Total,64.3924,t
2023-Q3,refinery_output,by origin,Total,61.4997,t
2023-Q4,refinery_output,by origin,Total,62.3063,t
2024-Q1,refinery_output,by origin,Total,59.7398,t
2024-Q2,refinery_output,by origin,Total,58.8854,t
2024-Q3,refinery_output,by origin,Total,59.2165,t
2024-Q4,refinery_output,by origin,Total,59.7329,t
2025-Q1,refinery_output,by origin,Total,124.8785,t
2025-Q2,refinery_output,by origin,Total,54.6008,t
2025-Q3,refinery_output,by origin,Total,53.1536,t
